gene,baseMean,log2FoldChange,lfcSE,stat,pvalue,padj,time,short_cell_type,seurat_clusters,short_cell_type_cluster
prss1,63.658100402663734,-3.607155598924216,0.6741261388805312,24.060622392714222,9.334986615649593e-7,0.015621166602628028,t4-120HF.t0-UF,Cholangio,151,Cholangio-52
mylpfa,232.31019857139322,-2.525607388669798,0.4738026065969107,25.732345021815476,3.9219842879840515e-7,0.007855342330403256,t1-15HF.t0-UF,EntericGli,26,EntericGli-57
BX322555.3,9.067704578477915,-21.080530366485547,244.84886628877533,34.219717687449084,4.9227632692653924e-9,9.754455418049374e-5,t3-60HF.t0-UF,EntericGli,26,EntericGli-57
ctrb1,75.42834101522458,-2.5920628408876616,0.5252658554292797,20.84066880122279,4.991179554064842e-6,0.0034439138923047408,t4-120HF.t0-UF,EntericGli,26,EntericGli-57
rpl36a,59.236522323410895,-2.1151188432345407,0.47804304541472464,17.631824191481442,2.6806486026690157e-5,0.010564341816155471,t4-120HF.t0-UF,EntericGli,26,EntericGli-57
zgc:194659,50.430147007881324,-2.0051398916775267,0.5155876078741719,13.6832973306283,2.163703554140225e-4,0.02714464458830464,t4-120HF.t0-UF,EntericGli,26,EntericGli-57
atp2a1,113.55591317648232,-2.062146039331775,0.5258376362336026,13.448412792855358,2.452135477588163e-4,0.02819900760026545,t4-120HF.t0-UF,EntericGli,26,EntericGli-57
ntn1a,19.679324797133884,2.262501123016159,0.6718214973512496,11.87299228030998,5.695383328766777e-4,0.04623311172763619,t4-120HF.t0-UF,EntericGli,26,EntericGli-57
nfixa,64.58000386422086,1.7564765816566308,0.4784529979190539,14.060857685636122,1.769890577859032e-4,0.026552678125524448,t4-120HF.t0-UF,EntericGli,26,EntericGli-57
prss59.1,44.48590668924405,-2.135568001802608,0.5444872743846098,13.910037600659571,1.917715916923599e-4,0.026552678125524448,t4-120HF.t0-UF,EntericGli,26,EntericGli-57
armc2,18.975286823317155,-2.9405899683234127,0.7423688576846198,14.381456199298782,1.492650341259506e-4,0.026552678125524448,t4-120HF.t0-UF,EntericGli,26,EntericGli-57
rps29,52.7585620515311,-1.6769527877317452,0.4622022200122995,12.248764786989227,4.655662463990107e-4,0.040155088751914675,t4-120HF.t0-UF,EntericGli,26,EntericGli-57
lmx1bb,15.083066477692133,3.008676577668747,0.8455705742495239,13.903783939565233,1.9241071105452498e-4,0.026552678125524448,t4-120HF.t0-UF,EntericGli,26,EntericGli-57
lpin1,148.58711793567343,-2.7669381353725235,0.49190232931316147,26.067250584639936,3.297296047791988e-7,4.5502685459529436e-4,t4-120HF.t0-UF,EntericGli,26,EntericGli-57
rpl39,68.53885857671047,-2.026343020770785,0.46122683426940825,17.378860690371155,3.0621280626537596e-5,0.010564341816155471,t4-120HF.t0-UF,EntericGli,26,EntericGli-57
cspg5b,34.229969523311425,2.3687110029117155,0.6773572197208716,12.890908483629268,3.3018211909369014e-4,0.031073041310750536,t4-120HF.t0-UF,EntericGli,26,EntericGli-57
ulk2,35.522995570957484,-2.1634954991453594,0.5396534582386839,14.777411522731057,1.2097598414473035e-4,0.026552678125524448,t4-120HF.t0-UF,EntericGli,26,EntericGli-57
si:dkey-151g10.6,113.91321830101386,-1.5686460678807603,0.4188302876974259,12.84849683812358,3.3775044902989714e-4,0.031073041310750536,t4-120HF.t0-UF,EntericGli,26,EntericGli-57
rps12,74.68642630338076,-1.7838523207934973,0.46649488001057343,13.29832855597116,2.656428252198919e-4,0.02819900760026545,t4-120HF.t0-UF,EntericGli,26,EntericGli-57
hbp1,43.13380773243184,-2.33713298139806,0.5522628032236832,15.991343001185442,6.363279275827167e-5,0.01756265080128298,t4-120HF.t0-UF,EntericGli,26,EntericGli-57
lpin1,143.28396537930368,-2.6615737385884852,0.4067282099403732,35.94155553681867,2.03325664605465e-9,4.015885201622539e-5,t4-120HF.t0-UF,EntericGli,43,EntericGli-110
lpin1,89.04041306937377,-2.2229524672236156,0.3972701956010714,28.69188573226058,8.485854922879671e-8,0.0014696652140935302,t5-240HF.t0-UF,EntericGli,43,EntericGli-110
myhz1.1,168.4644448364074,-3.041997563732362,0.5151648413337769,30.70163248476058,3.0091177714862384e-8,5.572886112792514e-4,t1-15HF.t0-UF,EntericMoN,137,EntericMoN-149
myhz1.1.1,17.866060621814366,4.96815116473815,1.0559253329107494,25.401808578703992,4.6548151474470956e-7,0.006346840453544115,t2-30HF.t0-UF,EntericMus,215,EntericMus-99
slc26a3.2,9.51060113249381,18.131914757471183,194.74183911225052,10.799598963861943,0.0010152208541210905,0.04099304208179887,t4-120HF.t0-UF,EnteroAnte,195,EnteroAnte-1
pawr,8.420023657615221,17.965972197363897,195.14624777377995,9.760136171986154,0.0017833670060052162,0.04267738430232942,t4-120HF.t0-UF,EnteroAnte,195,EnteroAnte-1
sb:cb1058,15.265608409428404,4.390931942890411,1.7032548947429214,10.192718471645268,0.0014099630086948812,0.041939922343332575,t4-120HF.t0-UF,EnteroAnte,195,EnteroAnte-1
anxa2b,9.010277042394712,18.05758901503103,194.922666870646,10.365234924437441,0.001284105577235593,0.041939922343332575,t4-120HF.t0-UF,EnteroAnte,195,EnteroAnte-1
bbox1,48.71326251071239,6.097622820790156,1.6406962535882659,24.46857154835238,7.553191568120312e-7,2.6058510910015076e-4,t4-120HF.t0-UF,EnteroAnte,195,EnteroAnte-1
abcc12,10.002038381370998,18.190860596637304,194.59884507584644,10.714699937711323,0.0010628769394063864,0.04099304208179887,t4-120HF.t0-UF,EnteroAnte,195,EnteroAnte-1
rhpn2,8.009628862196516,17.89582065945559,195.3179046941511,9.462806161948254,0.002096800554858859,0.043842193419776146,t4-120HF.t0-UF,EnteroAnte,195,EnteroAnte-1
hnf4b,20.071914671607928,3.7838394915611415,1.3406801584784702,10.091915366535439,0.0014892123432770183,0.041939922343332575,t4-120HF.t0-UF,EnteroAnte,195,EnteroAnte-1
sec24d,7.77655355864662,17.8452926237798,195.44181950985543,9.179765378780811,0.0024470539061637367,0.04894107812327474,t4-120HF.t0-UF,EnteroAnte,195,EnteroAnte-1
aacs,14.948316780555057,4.360132136102064,1.7029947461767387,10.056971413764273,0.0015177252020362913,0.041939922343332575,t4-120HF.t0-UF,EnteroAnte,195,EnteroAnte-1
apoa1a,122.74042739240832,5.174581888751273,1.0293045307410045,25.30908807399198,4.884021526061571e-7,2.246649901988323e-4,t4-120HF.t0-UF,EnteroAnte,195,EnteroAnte-1
CR388047.3,12.818411363247858,18.533744828385164,193.7726325318012,12.326837999462793,4.464920844953422e-4,0.02841420651089202,t4-120HF.t0-UF,EnteroAnte,195,EnteroAnte-1
tmem86b,7.7315889113064244,17.838151482543022,195.45934250198917,9.182248056145298,0.0024437368337314634,0.04894107812327474,t4-120HF.t0-UF,EnteroAnte,195,EnteroAnte-1
txnrd3,8.33009436293483,17.95266904773603,195.17880006791293,9.571959694330008,0.001975717699190651,0.04267738430232942,t4-120HF.t0-UF,EnteroAnte,195,EnteroAnte-1
p4hb,13.513828627659583,18.61642559791799,193.57474385321754,13.917925489738646,1.909685043660434e-4,0.016471033501571242,t4-120HF.t0-UF,EnteroAnte,195,EnteroAnte-1
CABZ01117503.1,9.413689319710489,18.10989875719165,194.79536003729928,10.587912896463727,0.001138294067245768,0.041232455658735706,t4-120HF.t0-UF,EnteroAnte,195,EnteroAnte-1
abhd3,13.38337810624995,18.607182773019325,193.59690204888662,13.26970441620777,2.69729730812165e-4,0.02086460138478131,t4-120HF.t0-UF,EnteroAnte,195,EnteroAnte-1
lpin2,11.301747714589457,-3.4619999197596476,1.035130324908157,10.72863397223875,0.0010549029352213122,0.04099304208179887,t4-120HF.t0-UF,EnteroAnte,195,EnteroAnte-1
slc6a9,11.470724348715521,-4.224075627840821,1.1841737855695804,11.813182711481733,5.881280917272035e-4,0.03246467066334163,t4-120HF.t0-UF,EnteroAnte,195,EnteroAnte-1
gna11b,9.014085688632672,18.06282371308724,194.91001085174292,9.981568868563834,0.001581149078740825,0.041939922343332575,t4-120HF.t0-UF,EnteroAnte,195,EnteroAnte-1
zgc:85843,8.462449207463443,17.968248940270865,195.14063848653754,9.947435639828548,0.0016107361479685699,0.041939922343332575,t4-120HF.t0-UF,EnteroAnte,195,EnteroAnte-1
fabp2,97.86546457320397,4.8401898159210175,1.0340023652636514,22.232480434875043,2.415527588065478e-6,5.555713452550599e-4,t4-120HF.t0-UF,EnteroAnte,195,EnteroAnte-1
lrrc58b,8.506779080430647,17.97362528232287,195.12749839267687,9.97670367817161,0.0015853324041891863,0.041939922343332575,t4-120HF.t0-UF,EnteroAnte,195,EnteroAnte-1
lmo7a,14.727936964465032,4.343987419913146,1.7085416212976297,9.864652303809358,0.0016848451484314721,0.04267738430232942,t4-120HF.t0-UF,EnteroAnte,195,EnteroAnte-1
apoa4b.2,37.95129211199222,5.628637886428149,1.6196848129373396,19.35321618333992,1.0863612201745403e-5,0.001873973104801082,t4-120HF.t0-UF,EnteroAnte,195,EnteroAnte-1
apoa4b.2.1,57.32093490105104,4.608916136224313,1.1052979135521215,19.700944218207884,9.055661021080003e-6,0.0017852588870129148,t4-120HF.t0-UF,EnteroAnte,195,EnteroAnte-1
afp4.1,30.57893488909788,3.6366826035158573,1.1662374562481406,10.574997065618351,0.0011462745081000849,0.041232455658735706,t4-120HF.t0-UF,EnteroAnte,195,EnteroAnte-1
plcl2,9.82916231011314,18.177456673041622,194.6312792717991,11.061665474628047,8.813094351887003e-4,0.04054023401868022,t4-120HF.t0-UF,EnteroAnte,195,EnteroAnte-1
dab1a,9.506792486255847,18.126321293194852,194.75541645220417,10.814265162572855,0.0010072099392339359,0.04099304208179887,t4-120HF.t0-UF,EnteroAnte,195,EnteroAnte-1
lpgat1,15.235180714046901,18.77740350975131,193.191412108839,14.88736577277043,1.1412477730245497e-4,0.011249442334099132,t4-120HF.t0-UF,EnteroAnte,195,EnteroAnte-1
sh3rf1,29.163383451524638,3.236667621822548,1.0545093960290448,10.490258715388364,0.0012000556654354505,0.041232455658735706,t4-120HF.t0-UF,EnteroAnte,195,EnteroAnte-1
pdcb,4.788371407101699,-21.062923212648503,244.94041773292776,9.683275774343008,0.001859528050829715,0.04267738430232942,t4-120HF.t0-UF,EnteroAnte,195,EnteroAnte-1
clic5b,14.176300483295803,4.2818478462384,1.7061450325610803,9.615455892237904,0.0019294655878060308,0.04267738430232942,t4-120HF.t0-UF,EnteroAnte,195,EnteroAnte-1
fabp1b.1,25.564729972879295,5.161321593897659,1.6844601217602564,15.03361530838518,1.0561313451501299e-4,0.011211240433132149,t4-120HF.t0-UF,EnteroAnte,195,EnteroAnte-1
slc6a8,34.17739413275853,4.487218352432718,1.3108925225518226,14.273577016206609,1.5806826961607223e-4,0.014542280804678644,t4-120HF.t0-UF,EnteroAnte,195,EnteroAnte-1
zgc:77486.1,8.741758707099521,18.02141103610144,195.01098430351766,9.641397517503378,0.001902404386956346,0.04267738430232942,t4-120HF.t0-UF,EnteroAnte,195,EnteroAnte-1
si:dkey-32e23.4,9.232561181603717,18.084016780193902,194.8583109546616,10.503676373001944,0.0011913726955383194,0.041232455658735706,t4-120HF.t0-UF,EnteroAnte,195,EnteroAnte-1
egln3,16.29475857779115,18.87800213377386,192.9529857237184,15.346658626684224,8.947903712178811e-5,0.010290089269005633,t4-120HF.t0-UF,EnteroAnte,195,EnteroAnte-1
p4ha1b,12.65442213321191,18.529491918073013,193.78274229266887,12.862382060861503,3.3525357133845456e-4,0.024349996234056176,t4-120HF.t0-UF,EnteroAnte,195,EnteroAnte-1
lpin1,6.732638041620547,-4.084890031337526,1.303513079108363,9.540228966622603,0.0020101666519213132,0.04267738430232942,t4-120HF.t0-UF,EnteroAnte,195,EnteroAnte-1
apoba,21.362642131685117,19.255172759249177,192.0666759894403,15.428017413837235,8.570810249355223e-5,0.010290089269005633,t4-120HF.t0-UF,EnteroAnte,195,EnteroAnte-1
abca1b,58.428292804605036,2.6040273395534324,0.8374525347515724,9.554596368222462,0.0019944936462328563,0.04267738430232942,t4-120HF.t0-UF,EnteroAnte,195,EnteroAnte-1
arl13a,4.788371407101699,-21.062923212648503,244.94041773292776,9.683275774343008,0.001859528050829715,0.04267738430232942,t4-120HF.t0-UF,EnteroAnte,195,EnteroAnte-1
gbf1,21.562795593282715,4.775138598010861,1.6434060104527644,12.600246768890209,3.856958306809653e-4,0.026613012316986605,t4-120HF.t0-UF,EnteroAnte,195,EnteroAnte-1
pkma,13.909051696746602,4.2591467170164545,1.7143911023841212,9.33606194991765,0.002246878466268519,0.04627898930523218,t4-120HF.t0-UF,EnteroAnte,195,EnteroAnte-1
chka,21.79644062986021,3.908667476551578,1.3423908968172975,10.703407919715975,0.0010693837064817094,0.04099304208179887,t4-120HF.t0-UF,EnteroAnte,195,EnteroAnte-1
tmod2,20.231588380998463,3.6809093656791156,1.2950968731802621,10.056737142482984,0.0015179182120675808,0.041939922343332575,t4-120HF.t0-UF,EnteroAnte,195,EnteroAnte-1
gngt2b,10.362505456809133,-4.160004964928928,1.1487773366614853,12.299910133848112,4.5298010379682933e-4,0.02841420651089202,t4-120HF.t0-UF,EnteroAnte,195,EnteroAnte-1
a1cf,10.599274284253415,18.27777781197929,194.3883500950079,11.737992859336558,6.123702941920596e-4,0.0325027309994247,t4-120HF.t0-UF,EnteroAnte,195,EnteroAnte-1
apoa4a,40.441400198330456,20.1325655840648,190.0482853703962,27.193071829711425,1.8411727088457695e-7,1.2704091691035808e-4,t4-120HF.t0-UF,EnteroAnte,195,EnteroAnte-1
apoea,31.342463410001344,19.779126842683073,190.85386822764772,23.64421939091172,1.1589351879087828e-6,3.1986611186282405e-4,t4-120HF.t0-UF,EnteroAnte,195,EnteroAnte-1
egln2,8.877922197866097,18.042277816355035,194.96008703673746,9.813261769708824,0.0017325795010585893,0.04267738430232942,t4-120HF.t0-UF,EnteroAnte,195,EnteroAnte-1
plin2,83.39136189073716,6.878167980490964,1.6352010015449019,31.96987261120342,1.5658227644679026e-8,2.1608354149657056e-5,t4-120HF.t0-UF,EnteroAnte,195,EnteroAnte-1
zgc:162608,9.090684721480201,18.056188879556537,194.92622214145615,9.6610536525226145,0.0018821563876219207,0.04267738430232942,t4-120HF.t0-UF,EnteroAnte,195,EnteroAnte-1
agfg1a,16.06485714610622,18.8572077973089,193.00217968252085,15.44861448751984,8.477907171035475e-5,0.010290089269005633,t4-120HF.t0-UF,EnteroAnte,195,EnteroAnte-1
lmbr1l,8.920347747714318,18.045202527564633,194.9528676571886,10.212727308411818,0.0013947476234095278,0.041939922343332575,t4-120HF.t0-UF,EnteroAnte,195,EnteroAnte-1
arhgap42a,9.465636485153613,18.12605351504306,194.75608894613148,10.730209092146772,0.0010540053591557477,0.04099304208179887,t4-120HF.t0-UF,EnteroAnte,195,EnteroAnte-1
gfpt2,10.606891576729337,18.286664184821912,194.36697289044014,11.276242524191659,7.850529239834504e-4,0.03735769086541936,t4-120HF.t0-UF,EnteroAnte,195,EnteroAnte-1
camk1b,8.279416746237693,17.936305903695022,195.21874697937116,9.776522241734856,0.0017675432168766905,0.04267738430232942,t4-120HF.t0-UF,EnteroAnte,195,EnteroAnte-1
jupa,24.5406579995005,4.091638824511451,1.329852497478052,12.109804262825488,5.015740021453886e-4,0.03009444012872332,t4-120HF.t0-UF,EnteroAnte,195,EnteroAnte-1
suclg2,34.92601020366039,3.8477227187519465,1.121609167451068,13.25297940376679,2.7214697458410403e-4,0.02086460138478131,t4-120HF.t0-UF,EnteroAnte,195,EnteroAnte-1
si:ch211-220m17.4,14.812153289788482,4.346654102260947,1.7033492906723458,9.984998854021264,0.0015782065334644867,0.041939922343332575,t4-120HF.t0-UF,EnteroAnte,195,EnteroAnte-1
cyb5a,10.783576294225155,18.30420620750158,194.32450806066018,11.879797461545195,5.674611185092415e-4,0.03246467066334163,t4-120HF.t0-UF,EnteroAnte,195,EnteroAnte-1
klf6a,9.285143121419836,18.101372986084318,194.81612278245925,10.45221872216488,0.0012250222333392493,0.041232455658735706,t4-120HF.t0-UF,EnteroAnte,195,EnteroAnte-1
tram1,8.69044631602939,18.00577451585447,195.04899434019626,10.14080320124463,0.0014502295903474002,0.041939922343332575,t4-120HF.t0-UF,EnteroAnte,195,EnteroAnte-1
fa2h,49.7846547831399,2.7089758198870983,0.8471796409969343,10.236377494350343,0.0013769774270475047,0.041939922343332575,t4-120HF.t0-UF,EnteroAnte,195,EnteroAnte-1
ckmt1,10.193322909445666,18.227847337060687,194.50915878726454,11.35128888397941,7.539562687770109e-4,0.037159273246866964,t4-120HF.t0-UF,EnteroAnte,195,EnteroAnte-1
ush1c,16.3346450301474,18.87846989919853,192.9518269563196,15.824902619532796,6.948199825966277e-5,0.010290089269005633,t4-120HF.t0-UF,EnteroAnte,195,EnteroAnte-1
ces2b.1,23.408948090342882,3.9046786103067066,1.2906430102813997,11.434004624545612,7.211209525530391e-4,0.03685729313048867,t4-120HF.t0-UF,EnteroAnte,195,EnteroAnte-1
sb:cb1058,36.06761398369295,2.9266378297443607,0.6932268277728314,16.55755977097182,4.719546360248351e-5,0.009348332213568847,t1-15HF.t0-UF,EnteroAnte,46,EnteroAnte-2
zgc:136461,20.203173647595438,-3.0447028620451086,0.6771376427211462,19.366564154038834,1.078794145385218e-5,0.004209459956498355,t1-15HF.t0-UF,EnteroAnte,46,EnteroAnte-2
cebpa,9.00840480303021,5.068746070948582,1.6002410528491542,13.028307005274407,3.0681779418906935e-4,0.04389199000204742,t1-15HF.t0-UF,EnteroAnte,46,EnteroAnte-2
ela3l,18.614595674660038,-2.5317619870151953,0.6809107885250476,13.66120146824752,2.1893137186816854e-4,0.035234267660033375,t1-15HF.t0-UF,EnteroAnte,46,EnteroAnte-2
ckma,41.17356365259499,-1.953807024925772,0.47499099236853237,16.705739751651357,4.364873934244357e-5,0.009348332213568847,t1-15HF.t0-UF,EnteroAnte,46,EnteroAnte-2
nupr1b,27.838791342100727,-2.397796996322943,0.5208959114105927,20.797495243103697,5.104968533008538e-6,0.0039740850534975124,t1-15HF.t0-UF,EnteroAnte,46,EnteroAnte-2
si:ch73-141c7.1,71.59011780508158,2.4816213425215,0.5355430756099715,19.8358828891388,8.43836218279676e-6,0.004209459956498355,t1-15HF.t0-UF,EnteroAnte,46,EnteroAnte-2
cyp3c3,89.21782508434677,2.311038114194619,0.5089651488017395,20.43369173062994,6.1733360054330285e-6,0.0039740850534975124,t1-15HF.t0-UF,EnteroAnte,46,EnteroAnte-2
ush1ga,18.705421175043888,-5.555426099175291,1.0497635144866504,26.502861420201064,2.6314804038821315e-7,6.776062039996489e-4,t1-15HF.t0-UF,EnteroAnte,46,EnteroAnte-2
prelid3b,50.26050960558921,3.1586026620306953,0.6901761977535933,18.917971969565066,1.364610356401741e-5,0.004209459956498355,t1-15HF.t0-UF,EnteroAnte,46,EnteroAnte-2
slc34a2a,38.718561088760566,2.4173844726793647,0.6451690921784977,12.80732431612281,3.452650026799125e-4,0.04539967568980193,t1-15HF.t0-UF,EnteroAnte,46,EnteroAnte-2
aqp10a,15.111693272302011,2.848090718298409,0.7693011208416296,15.111572895463937,1.0134012624475716e-4,0.017396721672016644,t1-15HF.t0-UF,EnteroAnte,46,EnteroAnte-2
prss1,48.9800778716558,-2.209427886958812,0.4779363727657462,20.74077326399165,5.258433094342552e-6,0.0039740850534975124,t1-15HF.t0-UF,EnteroAnte,46,EnteroAnte-2
prss59.2,46.597195165186264,-1.788243516458016,0.4994186176389671,12.648782865994775,3.7581026437234424e-4,0.04539967568980193,t1-15HF.t0-UF,EnteroAnte,46,EnteroAnte-2
slc25a25a,36.35774509142232,2.876730664478619,0.6613596151273207,18.346592266250376,1.841480607632753e-5,0.004741812564654339,t1-15HF.t0-UF,EnteroAnte,46,EnteroAnte-2
actc1b,176.02524349853667,-1.760318910348816,0.398181997708507,18.774426884844154,1.4712675576110757e-5,0.004209459956498355,t1-15HF.t0-UF,EnteroAnte,46,EnteroAnte-2
nocta,33.26370919900314,3.1586885427974156,0.7444778294147808,16.76868254277469,4.2224458771575465e-5,0.009348332213568847,t1-15HF.t0-UF,EnteroAnte,46,EnteroAnte-2
slc6a19a.1,38.13388824752855,2.295197020761378,0.6222675879719263,12.589688792695014,3.8788072434005534e-4,0.04539967568980193,t1-15HF.t0-UF,EnteroAnte,46,EnteroAnte-2
nme2b.2,31.70396156377068,-2.30762393760596,0.52695219311816,18.830351140691846,1.428753491951978e-5,0.004209459956498355,t1-15HF.t0-UF,EnteroAnte,46,EnteroAnte-2
ctrl,11.996453512236592,-2.8333125840513373,0.7088791418884077,16.125640903398875,5.9276045221276735e-5,0.010902558317484828,t1-15HF.t0-UF,EnteroAnte,46,EnteroAnte-2
cela1.6,38.12082340608036,-2.007032285690382,0.5602724723982611,12.638868709150664,3.7780853929355316e-4,0.04539967568980193,t1-15HF.t0-UF,EnteroAnte,46,EnteroAnte-2
cpa5,12.395874190942905,-2.683407286054974,0.7438399987948846,13.106418728718396,2.942857237083674e-4,0.04389199000204742,t1-15HF.t0-UF,EnteroAnte,46,EnteroAnte-2
hsp90b1,20.37029184628068,2.960461346442409,0.7586812152558062,14.803608292610491,1.1930700317056783e-4,0.009883190744450312,t3-60HF.t0-UF,EnteroAnte,46,EnteroAnte-2
atp2b1a,21.845050939220688,2.3435682695308917,0.6613822778475759,12.066846237084867,5.132645465701889e-4,0.025645808577660266,t3-60HF.t0-UF,EnteroAnte,46,EnteroAnte-2
sox5,15.8456833426545,2.4394984110858617,0.7336643353804416,11.49000890575585,6.997130160837481e-4,0.03222614428645773,t3-60HF.t0-UF,EnteroAnte,46,EnteroAnte-2
creld2,6.982107672486915,3.529246112219212,1.1683761072030434,9.858847697894113,0.0016901693464062264,0.04700561881578715,t3-60HF.t0-UF,EnteroAnte,46,EnteroAnte-2
si:dkey-125e8.3,8.681506874472532,-2.789095435082059,0.8567203991167766,10.80000849769868,0.0010149962879457686,0.0373762984922252,t3-60HF.t0-UF,EnteroAnte,46,EnteroAnte-2
mthfs,7.460030045276546,-2.8178279899441687,0.874136005276432,10.46448505564512,0.0012169146433061513,0.03873182696632034,t3-60HF.t0-UF,EnteroAnte,46,EnteroAnte-2
sb:cb1058,26.443899760537533,2.752918657420354,0.7332827317190134,13.014059562447727,3.091609912518597e-4,0.018351242719532028,t3-60HF.t0-UF,EnteroAnte,46,EnteroAnte-2
bbox1,82.46967689623138,3.7806478160805956,0.5865229360336671,38.94048753380393,4.3692414035204545e-10,8.688236530900423e-7,t3-60HF.t0-UF,EnteroAnte,46,EnteroAnte-2
zgc:136461,16.545498590341364,-2.730416960051824,0.7931375745625217,11.197848294347118,8.189223704895641e-4,0.03381846012533948,t3-60HF.t0-UF,EnteroAnte,46,EnteroAnte-2
arntl1b,8.100628754038299,-4.226979380399717,1.0582942388080432,16.371825049544015,5.205327396682649e-5,0.005279340021504008,t3-60HF.t0-UF,EnteroAnte,46,EnteroAnte-2
aifm3,37.829728010120284,4.455626052570854,0.8292299568153251,26.45591150095799,2.696220898363509e-7,1.0722870512791676e-4,t3-60HF.t0-UF,EnteroAnte,46,EnteroAnte-2
acacb,54.324505156553386,1.682099088958234,0.5101091402073346,10.936633811260307,9.428130800027933e-4,0.035710167801629604,t3-60HF.t0-UF,EnteroAnte,46,EnteroAnte-2
apoa1a,161.1100286434789,2.629520541772389,0.4737265082250308,28.44497157919288,9.639981658901195e-8,4.792275882181257e-5,t3-60HF.t0-UF,EnteroAnte,46,EnteroAnte-2
stip1,15.104398289646852,3.003922663375145,0.8553792250530183,12.930354910871884,3.232964809085879e-4,0.018782184427878983,t3-60HF.t0-UF,EnteroAnte,46,EnteroAnte-2
zgc:175280,22.933649043954645,2.114062413376565,0.62212328727344135,11.488917506475772,7.001240130637251e-4,0.03222614428645773,t3-60HF.t0-UF,EnteroAnte,46,EnteroAnte-2
si:ch73-141c7.1,48.42596832397035,2.1579858349189736,0.5842468361625176,12.655627589744157,3.744368813670817e-4,0.02039911612598471,t3-60HF.t0-UF,EnteroAnte,46,EnteroAnte-2
ldlra,9.233455329109294,-3.7613735001298845,0.9315426870622413,16.763194839774407,4.234675401139622e-5,0.005024440911428719,t3-60HF.t0-UF,EnteroAnte,46,EnteroAnte-2
hsp70.2,4.231970282249353,18.974141876498674,187.89628765425417,11.913435749786498,5.573051619155111e-4,0.027029300352902286,t3-60HF.t0-UF,EnteroAnte,46,EnteroAnte-2
cyp3c3,52.105666016056176,1.7760203294562191,0.5305305658031193,11.330219629754446,7.625588181008687e-4,0.033326334281177525,t3-60HF.t0-UF,EnteroAnte,46,EnteroAnte-2
pdpk1a,4.599529158019396,-4.3229418515495865,1.3429818832245357,11.198457322704247,8.1865363414754e-4,0.03381846012533948,t3-60HF.t0-UF,EnteroAnte,46,EnteroAnte-2
slc16a5b,6.730891081279828,3.5568479195446647,1.163918281364495,10.470287518901245,0.0012130983699757973,0.03873182696632034,t3-60HF.t0-UF,EnteroAnte,46,EnteroAnte-2
txnrd3,22.173728584297603,2.3341707632249817,0.6602720665532377,12.91553406673794,3.2586641325714103e-4,0.018782184427878983,t3-60HF.t0-UF,EnteroAnte,46,EnteroAnte-2
p4hb,32.32539802273433,1.872774514660215,0.5503131366217271,11.7704756932851,6.017759774476065e-4,0.028834494726616033,t3-60HF.t0-UF,EnteroAnte,46,EnteroAnte-2
ergic3,6.295032064777397,3.8251273343253605,1.2762361220305172,10.937770083656066,9.422350422727509e-4,0.035710167801629604,t3-60HF.t0-UF,EnteroAnte,46,EnteroAnte-2
cyp24a1,6.83672539380734,-4.211408585328439,1.1108982021958338,15.369100932734789,8.84224792311165e-5,0.007973437234173378,t3-60HF.t0-UF,EnteroAnte,46,EnteroAnte-2
helz2,6.0373915910158376,-21.152511136133278,244.4854027927715,22.665604056013603,1.927881909418934e-6,4.259547974310612e-4,t3-60HF.t0-UF,EnteroAnte,46,EnteroAnte-2
CABZ01117503.1,11.291519683942402,20.32677341487153,184.99547262847045,32.302724828868406,1.3192820127102875e-8,1.5825904501438105e-5,t3-60HF.t0-UF,EnteroAnte,46,EnteroAnte-2
abhd3,17.37061649954337,3.3548283434254227,0.8235177816603396,16.54979910616629,4.738900604256647e-5,0.005123611611667606,t3-60HF.t0-UF,EnteroAnte,46,EnteroAnte-2
ptprfb,78.75617449591353,1.668935886056649,0.47784084308618535,12.057361728746564,5.158824959046571e-4,0.025645808577660266,t3-60HF.t0-UF,EnteroAnte,46,EnteroAnte-2
lpin2,24.737280680081472,-2.7936307514033243,0.673271340457714,16.338902634267498,5.2965400469074066e-5,0.005279340021504008,t3-60HF.t0-UF,EnteroAnte,46,EnteroAnte-2
slc6a9,80.50017341591986,-3.7220239270563185,0.7321472322899409,21.64125543819889,3.2870512678835466e-6,5.942092223805848e-4,t3-60HF.t0-UF,EnteroAnte,46,EnteroAnte-2
calr3b,8.499546461504746,4.805197151937193,1.3678390986175453,16.68115349425767,4.42181121196895e-5,0.005024440911428719,t3-60HF.t0-UF,EnteroAnte,46,EnteroAnte-2
zgc:85843,12.596572287038788,2.805173160324214,0.8613582551219274,10.463794745879781,0.0012173694671335285,0.03873182696632034,t3-60HF.t0-UF,EnteroAnte,46,EnteroAnte-2
nt5c2b,42.07077819288255,2.2857567828212035,0.6029996019630718,14.400384258326547,1.4777215339803506e-4,0.011088487812528027,t3-60HF.t0-UF,EnteroAnte,46,EnteroAnte-2
glra3,13.846296193646044,-4.429653295630763,0.9153585636317193,23.47458674853643,1.2657471513533085e-6,2.961103777018887e-4,t3-60HF.t0-UF,EnteroAnte,46,EnteroAnte-2
dnaja1,11.184659097952798,2.877946355923811,0.8858024586637784,10.992968943007526,9.145818394105256e-4,0.035710167801629604,t3-60HF.t0-UF,EnteroAnte,46,EnteroAnte-2
zgc:154142,104.06120415596368,2.7044554358913486,0.47773062443176295,29.66529479822384,5.1345895927272595e-8,4.084052562055262e-5,t3-60HF.t0-UF,EnteroAnte,46,EnteroAnte-2
dbi,37.505290557987486,2.15455315771171,0.5591921899613879,14.724506303916272,1.244185557173585e-4,0.009896251921758695,t3-60HF.t0-UF,EnteroAnte,46,EnteroAnte-2
irs2b,11.452779101466389,-2.6767271241717014,0.7656085023095301,12.247930693975277,4.6577440333246667e-4,0.024600601626009994,t3-60HF.t0-UF,EnteroAnte,46,EnteroAnte-2
lrrc58b,14.52338904844133,4.037788707761775,0.9237649624406162,21.69319095359601,3.1992484298820485e-6,5.942092223805848e-4,t3-60HF.t0-UF,EnteroAnte,46,EnteroAnte-2
akap11,6.601964585375379,-3.372605760639919,1.0199503413117323,10.953608247493104,9.342151504646345e-4,0.035710167801629604,t3-60HF.t0-UF,EnteroAnte,46,EnteroAnte-2
hspd1,13.044566445763481,2.724327716955219,0.8630477231956396,9.82153021437989,0.0017248078075525447,0.047448919769382314,t3-60HF.t0-UF,EnteroAnte,46,EnteroAnte-2
mao,60.207906627630834,2.86997498349202,0.5535890609271021,25.306867946262827,4.889646256680737e-7,1.6205102635682744e-4,t3-60HF.t0-UF,EnteroAnte,46,EnteroAnte-2
glsb,213.67295302981915,-2.0630147702241164,0.6284214944255404,10.060557551433917,0.0015147737765680415,0.0438806179753792,t3-60HF.t0-UF,EnteroAnte,46,EnteroAnte-2
efna1b,23.89906355632924,4.062679681368195,0.8497965546889255,24.00964837735178,9.585415883578578e-7,2.541413264599467e-4,t3-60HF.t0-UF,EnteroAnte,46,EnteroAnte-2
apoa4b.2.1,120.21484790831884,3.0059328362675366,0.5467940745115023,27.717413396742693,1.403932548679467e-7,6.203821940109156e-5,t3-60HF.t0-UF,EnteroAnte,46,EnteroAnte-2
apoeb,99.73901475988718,1.837883037359456,0.5114313747156881,12.230624563279846,4.7011458978545625e-4,0.024600601626009994,t3-60HF.t0-UF,EnteroAnte,46,EnteroAnte-2
apoc2,284.5501116908306,1.5035249398759407,0.4636531237077444,10.168251455048875,0.0014287971552818738,0.04209130582634083,t3-60HF.t0-UF,EnteroAnte,46,EnteroAnte-2
prss1,37.66600316965986,-2.5188098488715926,0.603554742655681,16.33413847015472,5.3098717842635234e-5,0.005279340021504008,t3-60HF.t0-UF,EnteroAnte,46,EnteroAnte-2
prss59.1,15.520287667069523,-2.8155935014980193,0.8431429287663661,10.527473596500904,0.001176128838517318,0.03873182696632034,t3-60HF.t0-UF,EnteroAnte,46,EnteroAnte-2
me1,9.910250168221241,4.113406191153038,1.2324604541705746,12.622508539610898,3.8112952182003555e-4,0.020483136598355153,t3-60HF.t0-UF,EnteroAnte,46,EnteroAnte-2
BX324007.2,11.40125709011418,-3.684750724320868,0.8022899403261731,21.765811465976974,3.0804065628651934e-6,5.942092223805848e-4,t3-60HF.t0-UF,EnteroAnte,46,EnteroAnte-2
tp53inp1,13.966759404449107,-2.9174712939982315,0.7236978229279529,16.17982248747137,5.760444380553697e-5,0.005454592214633822,t3-60HF.t0-UF,EnteroAnte,46,EnteroAnte-2
afp4.1,84.3253591405835,2.3493832465026077,0.653435609509817,12.140929795280393,4.93271775066476e-4,0.025150536531274043,t3-60HF.t0-UF,EnteroAnte,46,EnteroAnte-2
arid1b,16.83183610990428,2.3636976046092273,0.7502139735244461,10.556982421552256,0.0011575000398848562,0.03873182696632034,t3-60HF.t0-UF,EnteroAnte,46,EnteroAnte-2
suco,81.60042928402741,2.0731083433556416,0.5509285963151938,13.953371907434665,1.8740121989224633e-4,0.012632112737482435,t3-60HF.t0-UF,EnteroAnte,46,EnteroAnte-2
clocka,25.754176018052043,-2.7842409687399705,0.723166813427285,13.783068624496018,2.0517701841105165e-4,0.013599816703679206,t3-60HF.t0-UF,EnteroAnte,46,EnteroAnte-2
sh3rf1,51.35601722756604,2.4926421480870977,0.6287027799147348,14.765087344177381,1.2176925986373278e-4,0.009883190744450312,t3-60HF.t0-UF,EnteroAnte,46,EnteroAnte-2
gmds,8.348773657212899,3.584369869806229,1.1493223131476842,11.203122614379858,8.165980085341447e-4,0.03381846012533948,t3-60HF.t0-UF,EnteroAnte,46,EnteroAnte-2
sesn1,12.80315551138079,-2.3447550726121205,0.7370457982017178,9.948804349437303,0.0016095390103577918,0.04547883708515491,t3-60HF.t0-UF,EnteroAnte,46,EnteroAnte-2
ivns1abpa,35.95954474344122,2.4820378492430506,0.5999905107758271,16.19317455505651,5.719984038250415e-5,0.005454592214633822,t3-60HF.t0-UF,EnteroAnte,46,EnteroAnte-2
flvcr1,15.389011914815834,2.4838325742865774,0.7522899805616587,10.68511409964362,0.0010800107300545632,0.03814715515716557,t3-60HF.t0-UF,EnteroAnte,46,EnteroAnte-2
fabp1b.1,72.2613220310382,2.2284802368317234,0.5896875743697068,13.212004057240286,2.7816178147649145e-4,0.017559514364000103,t3-60HF.t0-UF,EnteroAnte,46,EnteroAnte-2
slc6a8,92.20135127147792,2.9834340909741828,0.5724742875274313,24.473661793645313,7.533262520621212e-7,2.1399846460364683e-4,t3-60HF.t0-UF,EnteroAnte,46,EnteroAnte-2
cpox,5.652567186639586,19.37070836982048,187.03213702766774,16.796060469272863,4.1619616528079026e-5,0.005024440911428719,t3-60HF.t0-UF,EnteroAnte,46,EnteroAnte-2
zgc:77486.1,18.134449428633253,2.304561574272436,0.6965946409973378,10.699601276470084,0.0010715862662580816,0.03814715515716557,t3-60HF.t0-UF,EnteroAnte,46,EnteroAnte-2
sult1st1,10.616259465742312,4.208956227790774,1.1748156381630852,14.96934749410456,1.0927184167865812e-4,0.009295390857162626,t3-60HF.t0-UF,EnteroAnte,46,EnteroAnte-2
mfn2,17.398183684813944,2.888154851002231,0.7577565927100333,14.676528429264735,1.2762571071653226e-4,0.009952302970973506,t3-60HF.t0-UF,EnteroAnte,46,EnteroAnte-2
si:dkey-32e23.4,22.812921430112247,2.443016173952395,0.6840367736029026,13.046131733535958,3.0391145723211987e-4,0.018312967657759707,t3-60HF.t0-UF,EnteroAnte,46,EnteroAnte-2
egln3,32.61183388648512,4.9827810382886115,0.9614277100939871,25.46764597345716,4.4986408540364146e-7,1.6205102635682744e-4,t3-60HF.t0-UF,EnteroAnte,46,EnteroAnte-2
p4ha1b,6.89530228287723,3.96104297780847,1.2899190489774868,11.340656546022487,7.582851125593483e-4,0.033326334281177525,t3-60HF.t0-UF,EnteroAnte,46,EnteroAnte-2
acss1,12.306451219537172,-2.9520494588174766,0.754216332011434,15.33107975686324,9.021993350208752e-5,0.007973437234173378,t3-60HF.t0-UF,EnteroAnte,46,EnteroAnte-2
sptbn5,19.589282212502148,2.70969274542066,0.787086366737286,11.18448721138472,8.248404908619386e-4,0.03381846012533948,t3-60HF.t0-UF,EnteroAnte,46,EnteroAnte-2
lpin1,22.829730337512068,-2.2449283481741276,0.6558266790105898,11.307288478775966,7.720343423838761e-4,0.03337370195283343,t3-60HF.t0-UF,EnteroAnte,46,EnteroAnte-2
apoba,27.996322251214412,5.0249637795750175,1.1165655300784916,19.41458793926985,1.0520041522623241e-5,0.0014942216119811654,t3-60HF.t0-UF,EnteroAnte,46,EnteroAnte-2
ldah,34.781932490770025,2.0452128732415447,0.5665180169604189,13.339594326212826,2.5986055874558604e-4,0.01666879745372896,t3-60HF.t0-UF,EnteroAnte,46,EnteroAnte-2
abca1b,236.32016930546087,2.311124571251699,0.49075744349650924,20.635137045289923,5.5566879083170625e-6,9.207894921407066e-4,t3-60HF.t0-UF,EnteroAnte,46,EnteroAnte-2
ergic1,13.561145458146845,4.283446479470997,0.9998693010740194,21.528544433689053,3.486010026696714e-6,6.027766033118622e-4,t3-60HF.t0-UF,EnteroAnte,46,EnteroAnte-2
micu3b,9.185868469369957,-3.259744350496825,0.9556771605451172,10.947609379457532,9.372446155224861e-4,0.035710167801629604,t3-60HF.t0-UF,EnteroAnte,46,EnteroAnte-2
lnx2b,11.927639060102663,2.737228224091786,0.8497714904442251,11.131382125071156,8.487932144094662e-4,0.034222867999195355,t3-60HF.t0-UF,EnteroAnte,46,EnteroAnte-2
lonrf1,13.167433597310671,-4.8391834615494735,0.9948868820347131,23.72013600422168,1.1141076443999171e-6,2.769253813611544e-4,t3-60HF.t0-UF,EnteroAnte,46,EnteroAnte-2
elovl5,6.121776507419014,4.33805213384117,1.4801682863597523,10.678482341712375,0.0010838894978022905,0.03814715515716557,t3-60HF.t0-UF,EnteroAnte,46,EnteroAnte-2
lrmda,64.80487371382195,-1.6411567346476523,0.5160691128116123,9.7940463160037865,0.0017507778654627193,0.047690709390035856,t3-60HF.t0-UF,EnteroAnte,46,EnteroAnte-2
rhoua,6.560919384964478,4.768768173027949,1.594909319760674,10.532843514839758,0.0011727163941996615,0.03873182696632034,t3-60HF.t0-UF,EnteroAnte,46,EnteroAnte-2
rrbp1a,17.636261892622706,2.766782691375064,0.7525152748500568,14.26347176120013,1.5891920707559413e-4,0.011157485537409716,t3-60HF.t0-UF,EnteroAnte,46,EnteroAnte-2
sgpp1,12.856558006174556,3.0555738555951186,0.8569798637613684,12.794849128877928,3.475750128011533e-4,0.019469096139580096,t3-60HF.t0-UF,EnteroAnte,46,EnteroAnte-2
bcl2l11,15.17984887124279,-2.1475690458214043,0.6744837869976444,9.945534684552015,0.0016124003090286251,0.04547883708515491,t3-60HF.t0-UF,EnteroAnte,46,EnteroAnte-2
gatm,20.47314737082441,3.105578622117415,0.7673989881391108,16.71555772459827,4.342343764347631e-5,0.005024440911428719,t3-60HF.t0-UF,EnteroAnte,46,EnteroAnte-2
nudt4a,35.20712199729944,-1.6190012490952677,0.5085206425201898,9.966046821162678,0.0015945349011487484,0.04547883708515491,t3-60HF.t0-UF,EnteroAnte,46,EnteroAnte-2
nucb2b,14.700911469236303,2.3126371476610745,0.7324221184921695,10.412199881977465,0.0012518552675650876,0.03951292380243138,t3-60HF.t0-UF,EnteroAnte,46,EnteroAnte-2
si:ch211-132b12.7,7.8976301702054235,4.168704202279071,1.280077080918455,12.82192074239677,3.425818529993556e-4,0.01946354327683482,t3-60HF.t0-UF,EnteroAnte,46,EnteroAnte-2
rltgr,5.404546080754223,4.138907951964966,1.4183276845783233,11.023086265579767,8.998412856416216e-4,0.035710167801629604,t3-60HF.t0-UF,EnteroAnte,46,EnteroAnte-2
apoa4a,57.156198189894695,5.229102485680027,0.7655401939025996,49.58902221005378,1.8957149135804245e-12,7.539258211309349e-9,t3-60HF.t0-UF,EnteroAnte,46,EnteroAnte-2
apoea,118.0459673874248,3.2067914032997598,0.5655779019961886,28.60883850926973,8.857695283993349e-8,4.792275882181257e-5,t3-60HF.t0-UF,EnteroAnte,46,EnteroAnte-2
porb,100.62658805159703,1.447029739651271,0.4489092503955104,10.208105609254716,0.0013982472875321437,0.04205576222336114,t3-60HF.t0-UF,EnteroAnte,46,EnteroAnte-2
egln2,16.525974455135206,3.982190269139864,1.008619326817884,14.959347458389693,1.0985249441454448e-4,0.009295390857162626,t3-60HF.t0-UF,EnteroAnte,46,EnteroAnte-2
ca4b,7.864626501986149,-3.5113279289404344,1.0957941370400432,10.38920900816484,0.0012675391222265785,0.03969293770941026,t3-60HF.t0-UF,EnteroAnte,46,EnteroAnte-2
zgc:92630,18.073037265022176,2.2197025548188063,0.7076094844481856,10.122112259244851,0.0014650100905894807,0.04284077301672327,t3-60HF.t0-UF,EnteroAnte,46,EnteroAnte-2
TMEM120A,21.636782960940437,2.558957804846331,0.6776617301926957,14.259631875367077,1.5924376217256293e-4,0.011157485537409716,t3-60HF.t0-UF,EnteroAnte,46,EnteroAnte-2
zgc:162608,17.22914606300353,3.7277424428283203,0.8334756879755926,22.062228078422343,2.6395281787187335e-6,5.524949245665476e-4,t3-60HF.t0-UF,EnteroAnte,46,EnteroAnte-2
agfg1a,24.680609241549323,2.6861017289358426,0.7221129370349765,13.123989954131027,2.91538488890248e-4,0.01783767031256179,t3-60HF.t0-UF,EnteroAnte,46,EnteroAnte-2
ctrl,9.981875106079608,-2.591828814759271,0.815944355679717,9.816033151221674,0.0017299706730099158,0.047448919769382314,t3-60HF.t0-UF,EnteroAnte,46,EnteroAnte-2
slc34a2b,9.529633372830473,-2.7219756879520927,0.8389061695864664,10.333664835010133,0.0013062558084915015,0.040585776174771104,t3-60HF.t0-UF,EnteroAnte,46,EnteroAnte-2
gata5,46.83877354522444,1.9865377610257238,0.5171111203307629,14.251730873478941,1.5991367252510784e-4,0.011157485537409716,t3-60HF.t0-UF,EnteroAnte,46,EnteroAnte-2
osbpl2b,47.488653169578185,2.554724915780415,0.5707657648227404,18.956345626365753,1.3374371130078539e-5,0.001834133585666288,t3-60HF.t0-UF,EnteroAnte,46,EnteroAnte-2
slc17a9b,17.798138819564596,2.142558719327809,0.6719349745211269,10.495440567022442,0.0011966947691258514,0.03873182696632034,t3-60HF.t0-UF,EnteroAnte,46,EnteroAnte-2
slc25a33,16.387393619108504,-2.3426219850445245,0.6981819420079375,11.124573807255977,8.519144913050894e-4,0.034222867999195355,t3-60HF.t0-UF,EnteroAnte,46,EnteroAnte-2
klf15,5.692585018948185,-3.5263008293934415,1.0962701134624406,10.641357512069575,0.0011058647026745618,0.03832430156301872,t3-60HF.t0-UF,EnteroAnte,46,EnteroAnte-2
CU459147.1,10.225988253534666,-4.0717962540093415,0.9187459604608569,19.993746802419356,7.769583218943208e-6,0.0011444308319161903,t3-60HF.t0-UF,EnteroAnte,46,EnteroAnte-2
cel.1,5.207415634080545,-3.84954537197071,1.181591764924643,11.67292855887558,6.341610814359641e-4,0.030024507391319396,t3-60HF.t0-UF,EnteroAnte,46,EnteroAnte-2
aqp7,6.375369439233735,-3.166893915347634,0.9938693070485907,10.190094830855966,0.0014119705365361575,0.04205576222336114,t3-60HF.t0-UF,EnteroAnte,46,EnteroAnte-2
si:dkey-22f5.9,5.370363112662669,4.113630113973084,1.4438783404113087,10.232803874815776,0.0013796477886914948,0.04205576222336114,t3-60HF.t0-UF,EnteroAnte,46,EnteroAnte-2
pgk1,16.047846730239748,2.547059203143108,0.7839287191848361,9.902523980176895,0.0016505224534958578,0.04622625209544385,t3-60HF.t0-UF,EnteroAnte,46,EnteroAnte-2
mpp1,69.07885065395502,2.080710121865953,0.5373594957993623,14.255317060576864,1.5960925577280515e-4,0.011157485537409716,t3-60HF.t0-UF,EnteroAnte,46,EnteroAnte-2
hspa4a,16.27576818209055,2.874621153390454,0.8626457984369135,10.183517707830333,0.0014170158757682656,0.04205576222336114,t3-60HF.t0-UF,EnteroAnte,46,EnteroAnte-2
camk1b,25.09306842797379,2.4105003100866664,0.6808236896081495,12.206186512663585,4.763129884418535e-4,0.024601256558873394,t3-60HF.t0-UF,EnteroAnte,46,EnteroAnte-2
CR848705.2,15.018355674879198,2.9568269712555817,0.8762533798959734,10.712283019919774,0.0010642662563962349,0.03814715515716557,t3-60HF.t0-UF,EnteroAnte,46,EnteroAnte-2
rpn2,42.84128385771557,1.8395450962643198,0.5670305402310754,10.602249711537759,0.0011295014319474867,0.03839339482782183,t3-60HF.t0-UF,EnteroAnte,46,EnteroAnte-2
tmcc1b,27.388201600540114,3.0550719281171643,0.6675527951389187,20.19561425380676,6.991304010116513e-6,0.001069400617239745,t3-60HF.t0-UF,EnteroAnte,46,EnteroAnte-2
si:ch211-220m17.4,21.896106414728916,2.7988116913970598,0.8229368130714503,10.480628120276066,0.0012063273642308797,0.03873182696632034,t3-60HF.t0-UF,EnteroAnte,46,EnteroAnte-2
tdo2b,7.666477628310959,-6.504868550778663,1.6433345871196192,24.67426097561678,6.788476582629971e-7,2.076751643778415e-4,t3-60HF.t0-UF,EnteroAnte,46,EnteroAnte-2
bhlhe40,6.423905600852897,-3.4942379849604603,1.055791566924932,11.346063077775206,7.560807712364823e-4,0.033326334281177525,t3-60HF.t0-UF,EnteroAnte,46,EnteroAnte-2
bach1b,11.928270520789775,2.978307630214679,0.9145685748829047,10.894886217290086,9.643011240163987e-4,0.036179486511445445,t3-60HF.t0-UF,EnteroAnte,46,EnteroAnte-2
hyou1,23.25892888273417,2.862090827613425,0.7456236163503719,14.078195413867697,1.753649860164016e-4,0.012024595679090158,t3-60HF.t0-UF,EnteroAnte,46,EnteroAnte-2
dgat2,156.4164098460465,-2.3369607697113577,0.5848838633563227,14.621077645432933,1.3143624195481124e-4,0.010052344889505467,t3-60HF.t0-UF,EnteroAnte,46,EnteroAnte-2
klf6a,19.806101544317574,3.531648036418762,0.875406044286548,16.53868797261658,4.7667495507091124e-5,0.005123611611667606,t3-60HF.t0-UF,EnteroAnte,46,EnteroAnte-2
pck2,82.35521499060519,2.2211862689798534,0.5927305412774732,13.15917789902808,2.8611438533455996e-4,0.01777932672618039,t3-60HF.t0-UF,EnteroAnte,46,EnteroAnte-2
tram1,30.305000997619075,1.953265396240282,0.578518385638311,11.199903791267332,8.180157309275407e-4,0.03381846012533948,t3-60HF.t0-UF,EnteroAnte,46,EnteroAnte-2
pdia4,7.750108725719277,5.631811482666647,1.7146150557090691,18.10562608542845,2.0898303381895512e-5,0.002770418418326615,t3-60HF.t0-UF,EnteroAnte,46,EnteroAnte-2
spata13,15.3595362685592,2.4369449399101435,0.7578971999084548,10.286971359277068,0.0013397280782750268,0.04130308966899055,t3-60HF.t0-UF,EnteroAnte,46,EnteroAnte-2
klhl24b,6.740443458811017,-4.062570197916654,1.19891796419667,11.475423128571936,7.052258940472647e-4,0.03222614428645773,t3-60HF.t0-UF,EnteroAnte,46,EnteroAnte-2
vav3a,28.251734670080815,-4.657081004463285,0.8304018855026672,28.643451753199216,8.700771663829253e-8,4.792275882181257e-5,t3-60HF.t0-UF,EnteroAnte,46,EnteroAnte-2
nuak2,5.31756418503913,-4.915677872945895,1.6095428683523538,10.866576248102625,9.791537771381114e-4,0.03639340721194644,t3-60HF.t0-UF,EnteroAnte,46,EnteroAnte-2
cela1.6,30.098298493398733,-2.111107490548249,0.6516597804057033,10.051019577577932,0.0015226364799100652,0.0438806179753792,t3-60HF.t0-UF,EnteroAnte,46,EnteroAnte-2
creb3l3a,27.49993830790442,2.0598612581515003,0.6376701637447086,10.612771830439684,0.001123092060496434,0.03839339482782183,t3-60HF.t0-UF,EnteroAnte,46,EnteroAnte-2
hbp1,5.4835607286168715,-3.6970354805931844,1.1550468573016628,10.189225785819048,0.0014126361404674396,0.04205576222336114,t3-60HF.t0-UF,EnteroAnte,46,EnteroAnte-2
fads2,27.576829171804775,3.2927379038446616,0.9039127226991115,12.680617184299663,3.69465596499224e-4,0.02039911612598471,t3-60HF.t0-UF,EnteroAnte,46,EnteroAnte-2
nuak1b,9.57149805540434,4.618657040553319,1.2724534935080745,15.801318612620097,7.035346040782528e-5,0.006506877024230724,t3-60HF.t0-UF,EnteroAnte,46,EnteroAnte-2
fa2h,110.61287183354435,1.4246414130473632,0.4285124291054126,10.703924955782362,0.001069084897953911,0.03814715515716557,t3-60HF.t0-UF,EnteroAnte,46,EnteroAnte-2
cyb5r2,18.030046382329758,3.359621895638058,0.7692546838057706,20.266014923875687,6.738700485691703e-6,0.001069400617239745,t3-60HF.t0-UF,EnteroAnte,46,EnteroAnte-2
cpa5,9.554641080220517,-3.445439759808605,0.9171203772152312,13.531911548551804,2.3454103395560274e-4,0.015291306426908723,t3-60HF.t0-UF,EnteroAnte,46,EnteroAnte-2
ckmt1,28.349536559731483,3.9365942054225687,0.7198433598912057,31.93797981932976,1.591742972234157e-8,1.5825904501438105e-5,t3-60HF.t0-UF,EnteroAnte,46,EnteroAnte-2
dusp8a,56.54459896595189,2.726884385803994,0.6136098296352913,17.989990970145904,2.2206953319748335e-5,0.002848937204923843,t3-60HF.t0-UF,EnteroAnte,46,EnteroAnte-2
ugt5a2,12.06857339756853,2.8004970317052593,0.862270753292892,10.637463234926336,0.001108195795762422,0.03832430156301872,t3-60HF.t0-UF,EnteroAnte,46,EnteroAnte-2
ces2b.1,57.735360657644776,2.3401301919120767,0.6566734174199083,11.933095093426779,5.514548453979403e-4,0.027029300352902286,t3-60HF.t0-UF,EnteroAnte,46,EnteroAnte-2
CABZ01080568.1,8.252162126481641,3.8584911063386205,1.1928861663945358,11.454852841924605,7.130753576083178e-4,0.03222614428645773,t3-60HF.t0-UF,EnteroAnte,46,EnteroAnte-2
vegfab,15.363571055747153,2.83430165879008,0.8479629517341781,11.931770903542073,5.518469490935766e-4,0.025132686767290316,t4-120HF.t0-UF,EnteroAnte,46,EnteroAnte-2
atp2b1a,23.540650136368026,2.893525183268801,0.7351714546211702,15.484310032552713,8.319295344961341e-5,0.00697945093677283,t4-120HF.t0-UF,EnteroAnte,46,EnteroAnte-2
slc26a3.1,6.605008659332873,3.9403867916155813,1.285603610916994,10.391507717354422,0.0012659620876595656,0.04339663586514726,t4-120HF.t0-UF,EnteroAnte,46,EnteroAnte-2
rap1b,37.72821304374371,2.2960441592623653,0.6271123462454785,13.674741098319544,2.1735846305371157e-4,0.013325745773369856,t4-120HF.t0-UF,EnteroAnte,46,EnteroAnte-2
snd1,112.57443544465669,1.817840675229461,0.5240354687775585,12.407668174459225,4.275744430090166e-4,0.02065314127746583,t4-120HF.t0-UF,EnteroAnte,46,EnteroAnte-2
abcd2,10.801145474367488,3.346704561851621,0.9728922886199819,12.426684285236576,4.232426597896643e-4,0.02065314127746583,t4-120HF.t0-UF,EnteroAnte,46,EnteroAnte-2
sb:cb1058,29.392217201474534,3.351035626465736,0.810811265071201,16.557724321051744,4.7191368520207056e-5,0.004701440088825628,t4-120HF.t0-UF,EnteroAnte,46,EnteroAnte-2
bbox1,86.0774827616149,4.293660457672158,0.6483783714551189,43.36380684453505,4.545178084350564e-11,3.622506933227399e-8,t4-120HF.t0-UF,EnteroAnte,46,EnteroAnte-2
cebpa,6.171471782768369,5.194895497378936,1.6880786698349062,11.447874723827564,7.157581556982879e-4,0.029504363692629924,t4-120HF.t0-UF,EnteroAnte,46,EnteroAnte-2
rhpn2,15.944655422174566,4.956499507589981,1.0494370899840098,26.447235963236814,2.7083574364603655e-7,7.84931227948695e-5,t4-120HF.t0-UF,EnteroAnte,46,EnteroAnte-2
bco1l,49.87197707078829,2.1342090290550657,0.6392801145110922,11.799909175913442,5.923361071742617e-4,0.025178233462287286,t4-120HF.t0-UF,EnteroAnte,46,EnteroAnte-2
sec24d,16.931296048756884,2.5467349754109145,0.7688794950715016,11.432060434963667,7.218758996314725e-4,0.029504363692629924,t4-120HF.t0-UF,EnteroAnte,46,EnteroAnte-2
aifm3,24.404287674619344,4.11910897841695,0.9509268175293917,17.871300169879802,2.3635881424793572e-5,0.002691113927937211,t4-120HF.t0-UF,EnteroAnte,46,EnteroAnte-2
tcima,8.654128260471857,6.225259160662771,1.7639724642245502,20.6235218430474,5.590501631151397e-6,8.101145090959387e-4,t4-120HF.t0-UF,EnteroAnte,46,EnteroAnte-2
efnb1,21.4218914599283,2.464418778855195,0.7322054643977502,11.878848571972469,5.6775029812853e-4,0.025178233462287286,t4-120HF.t0-UF,EnteroAnte,46,EnteroAnte-2
apoa1a,203.57396253333212,3.460679074179199,0.5169891136199379,43.539798654948164,4.154241490232672e-11,3.622506933227399e-8,t4-120HF.t0-UF,EnteroAnte,46,EnteroAnte-2
zgc:175280,20.03391577069013,2.291047202358516,0.7129744965907815,10.690487493088149,0.0010768782505699663,0.03772624025073685,t4-120HF.t0-UF,EnteroAnte,46,EnteroAnte-2
tmem86b,18.869923965130848,2.650638994620606,0.8233657523846626,10.235436261057998,0.0013776802488908702,0.04575046493191765,t4-120HF.t0-UF,EnteroAnte,46,EnteroAnte-2
zgc:153968,46.966677912728876,2.0316035404839,0.6446180463100729,10.083024719719525,0.0014964148959977725,0.04784500169100033,t4-120HF.t0-UF,EnteroAnte,46,EnteroAnte-2
si:ch211-198m17.1,84.26780551567629,2.764807725921481,0.6806447833124443,15.949684939111236,6.504860467398543e-5,0.006099263285313693,t4-120HF.t0-UF,EnteroAnte,46,EnteroAnte-2
gcgra,66.1948631953167,-1.9789513305970583,0.570312373019136,10.706921808976212,0.001067354601533305,0.03772624025073685,t4-120HF.t0-UF,EnteroAnte,46,EnteroAnte-2
txnrd3,18.122974395222826,2.427068160212408,0.7818588560473362,10.299386451044093,0.0013307444723720376,0.04465698292549533,t4-120HF.t0-UF,EnteroAnte,46,EnteroAnte-2
p4hb,30.957547354972167,2.224488331011045,0.6424403296868133,12.611015843097384,3.834800401894747e-4,0.019102099501938207,t4-120HF.t0-UF,EnteroAnte,46,EnteroAnte-2
CABZ01117503.1,19.00463626556583,21.473558249048736,182.38406648981854,46.42551458739209,9.516818349276923e-12,1.5169808448747416e-8,t4-120HF.t0-UF,EnteroAnte,46,EnteroAnte-2
abhd3,26.57713833126712,4.472340095307146,0.8585234065830113,28.13222910616318,1.1330325280809252e-7,5.1601538564599855e-5,t4-120HF.t0-UF,EnteroAnte,46,EnteroAnte-2
ptprfb,81.87368944787244,2.158927619779811,0.5319580244204605,17.008499622300384,3.721286110949033e-5,0.003919234501281685,t4-120HF.t0-UF,EnteroAnte,46,EnteroAnte-2
lpin2,25.116527009653048,-3.30201754696094,0.792743915068639,15.142374484635624,9.970017295251537e-5,0.008149850035195359,t4-120HF.t0-UF,EnteroAnte,46,EnteroAnte-2
slc6a9,83.26261865525768,-5.2341549397044735,0.8777806053727647,25.181402760306405,5.218297966286611e-7,1.279687224347824e-4,t4-120HF.t0-UF,EnteroAnte,46,EnteroAnte-2
copa,15.528969056820358,2.6918993392540234,0.8458298406292034,10.813696677353427,0.001007519260888941,0.03701923486418073,t4-120HF.t0-UF,EnteroAnte,46,EnteroAnte-2
zgc:85843,18.991616064019873,3.93349897338517,0.8622386623706815,21.58433421609914,3.3860628860410094e-6,5.802318068612628e-4,t4-120HF.t0-UF,EnteroAnte,46,EnteroAnte-2
epb41l3b,84.74742855683061,2.183208266289607,0.5317996224861713,17.40375939850803,3.0222761753342987e-5,0.003322419464470946,t4-120HF.t0-UF,EnteroAnte,46,EnteroAnte-2
nt5c2b,32.280426208718985,2.241908746996221,0.6606503526361158,12.262031240221752,4.622680519022921e-4,0.021672213962713342,t4-120HF.t0-UF,EnteroAnte,46,EnteroAnte-2
dbi,29.16910898849641,2.1231228443336554,0.6725036670228929,10.354953639225684,0.0012912770823680728,0.04379352487861081,t4-120HF.t0-UF,EnteroAnte,46,EnteroAnte-2
lrrc58b,16.947583292428092,4.720209966888628,0.9880575515924632,26.147750821027916,3.162652819160706e-7,8.402114322903611e-5,t4-120HF.t0-UF,EnteroAnte,46,EnteroAnte-2
mao,38.13691524505509,2.5035771570001906,0.6745908942023024,13.922712521320967,1.9048277649995842e-4,0.012651231072538906,t4-120HF.t0-UF,EnteroAnte,46,EnteroAnte-2
efna1b,13.36598004225906,3.6150115190727896,0.9582574518945102,15.508353037346218,8.214147177822591e-5,0.00697945093677283,t4-120HF.t0-UF,EnteroAnte,46,EnteroAnte-2
nbn,30.53500776763446,2.2464373358078786,0.6419904140219129,12.829429296157059,3.412098135441045e-4,0.017832407960305,t4-120HF.t0-UF,EnteroAnte,46,EnteroAnte-2
apoa4b.2.1,94.55855666302082,3.0473387005446577,0.5361345293998427,32.537916685830055,1.1688962060144864e-8,6.210735174623638e-6,t4-120HF.t0-UF,EnteroAnte,46,EnteroAnte-2
apoeb,82.95257398823618,1.9112105641261052,0.5307898941622617,13.092135136184972,2.965381629880976e-4,0.016023112942475513,t4-120HF.t0-UF,EnteroAnte,46,EnteroAnte-2
si:dkey-79d12.5,7.750972031729816,3.6554425296271442,1.1969200739576042,10.787530890189757,0.0010218609372797693,0.03701923486418073,t4-120HF.t0-UF,EnteroAnte,46,EnteroAnte-2
me1,10.496632627410598,4.6032267278186625,1.1912072830679317,17.99728887285707,2.212198057850924e-5,0.002612032373492128,t4-120HF.t0-UF,EnteroAnte,46,EnteroAnte-2
afp4,5.209078230593352,19.66681958068252,186.1287034331155,15.842394264369624,6.884267762853643e-5,0.006270584465136404,t4-120HF.t0-UF,EnteroAnte,46,EnteroAnte-2
prkg3,18.127803449094987,2.7906286883099254,0.7793867809438594,13.689011763823103,2.1571295196487963e-4,0.013325745773369856,t4-120HF.t0-UF,EnteroAnte,46,EnteroAnte-2
ches1,34.03982546080446,2.8243520076017297,0.6777943185291343,18.370937626679293,1.818100183482813e-5,0.002229270532670465,t4-120HF.t0-UF,EnteroAnte,46,EnteroAnte-2
sh3rf1,50.16002740974881,2.88447620270892,0.663829204379889,18.839556007256334,1.4218750906294735e-5,0.001888724078719484,t4-120HF.t0-UF,EnteroAnte,46,EnteroAnte-2
sesn1,12.09106838757945,-3.9191379912944857,1.024127701020032,13.97485735667222,1.8527170217932367e-4,0.012566940139312423,t4-120HF.t0-UF,EnteroAnte,46,EnteroAnte-2
atf3,24.185897593912333,2.757510864969352,0.7721224319038947,12.762722328164912,3.535958955977477e-4,0.018181672825251932,t4-120HF.t0-UF,EnteroAnte,46,EnteroAnte-2
flvcr1,16.898154216095936,3.059685880879634,0.8173378233895128,14.187294093085718,1.6548418749575056e-4,0.012268920691545414,t4-120HF.t0-UF,EnteroAnte,46,EnteroAnte-2
msra,13.01901335410989,-3.4017146730902397,0.9470243443147619,11.863249078973233,5.725257207663002e-4,0.025178233462287286,t4-120HF.t0-UF,EnteroAnte,46,EnteroAnte-2
fabp1b.1,58.476790707960454,2.265027266699987,0.6780546886084509,11.10135796092159,8.626453049191543e-4,0.0343764154010283,t4-120HF.t0-UF,EnteroAnte,46,EnteroAnte-2
slc6a8,65.56611271224293,2.8272255993257556,0.6804247502858661,16.963245334018396,3.8110498600919774e-5,0.003919234501281685,t4-120HF.t0-UF,EnteroAnte,46,EnteroAnte-2
zgc:77486.1,19.392293270755488,2.8464676093360826,0.7657034932334886,14.035210532217867,1.794193195610316e-4,0.012566940139312423,t4-120HF.t0-UF,EnteroAnte,46,EnteroAnte-2
sult1st1,6.892715254711779,4.050201018254241,1.3439808450382518,10.64541669463971,0.0011034401776635616,0.03823660093903733,t4-120HF.t0-UF,EnteroAnte,46,EnteroAnte-2
si:dkey-32e23.4,18.72010369322787,2.54446897062207,0.7705718755696082,11.66312333818707,6.37512198679999e-4,0.02674195907094522,t4-120HF.t0-UF,EnteroAnte,46,EnteroAnte-2
egln3,26.151943148076096,5.01401293764855,1.065360017439962,21.365550911542947,3.795296974576538e-6,5.922950025263558e-4,t4-120HF.t0-UF,EnteroAnte,46,EnteroAnte-2
p4ha1b,13.829786596642851,5.40435918368571,1.2668907373524703,22.906767741546595,1.7005206601691474e-6,3.1889763909524955e-4,t4-120HF.t0-UF,EnteroAnte,46,EnteroAnte-2
si:ch211-149k12.3,10.945213464187441,3.514415360129323,1.0100781886450956,13.407674353551162,2.5059691763249946e-4,0.014525508607498332,t4-120HF.t0-UF,EnteroAnte,46,EnteroAnte-2
pgrmc2,8.660321698771659,3.2279696496933927,1.0529853647487892,10.17184592602425,0.0014260143322507165,0.04686735764139468,t4-120HF.t0-UF,EnteroAnte,46,EnteroAnte-2
sptbn5,18.01891665489894,2.979928459616855,0.8826266646677745,11.287692561713946,7.802259257433558e-4,0.03148557280088378,t4-120HF.t0-UF,EnteroAnte,46,EnteroAnte-2
lpin1,21.344899846953123,-4.290520356772928,0.9991030956377608,15.65656466183004,7.594849082213154e-5,0.006725660798359871,t4-120HF.t0-UF,EnteroAnte,46,EnteroAnte-2
apoba,31.958963179365075,5.7719797780778,1.0313804680742231,34.51643074269933,4.2266834938553356e-9,2.694933395682162e-6,t4-120HF.t0-UF,EnteroAnte,46,EnteroAnte-2
ldah,32.3616146900526,2.358885212820795,0.6574329865774352,13.682878247773594,2.164186471861322e-4,0.013325745773369856,t4-120HF.t0-UF,EnteroAnte,46,EnteroAnte-2
abca1b,147.17052446762887,1.8519647775366452,0.5150278260124022,13.273917247198732,2.6912427563075935e-4,0.014792555012256221,t4-120HF.t0-UF,EnteroAnte,46,EnteroAnte-2
ergic1,7.442418683336601,3.784203220686655,1.2112509238130322,10.789282426789029,0.0010208944905856449,0.03701923486418073,t4-120HF.t0-UF,EnteroAnte,46,EnteroAnte-2
elovl5,7.058816866364834,4.981664087442042,1.4706911262503597,15.053380766667317,1.0451288681349547e-4,0.00832967707903559,t4-120HF.t0-UF,EnteroAnte,46,EnteroAnte-2
ckba,32.09502221890987,2.429371862145362,0.6703483140026852,13.552281695420177,2.3200920397087337e-4,0.013780348531705292,t4-120HF.t0-UF,EnteroAnte,46,EnteroAnte-2
pkma,19.03166292106193,2.899149057059371,0.8334720211159173,11.805252616254855,5.90638470245086e-4,0.025178233462287286,t4-120HF.t0-UF,EnteroAnte,46,EnteroAnte-2
btbd11b,9.194388068760384,3.1441814331532476,1.0208886211867596,10.07765240246313,0.0015007842437578522,0.04784500169100033,t4-120HF.t0-UF,EnteroAnte,46,EnteroAnte-2
chka,41.95268370045338,2.2035415811570593,0.5916473868625656,14.494155654137487,1.4059505998438994e-4,0.010671834553100836,t4-120HF.t0-UF,EnteroAnte,46,EnteroAnte-2
tmod2,31.614741716042396,2.818694252942392,0.6504078358836016,19.360266352000387,1.082357803997166e-5,0.0015002420344099848,t4-120HF.t0-UF,EnteroAnte,46,EnteroAnte-2
apoa4a,57.983863016878416,5.687768429080084,0.7737752675037861,60.853275936414974,6.149109413272314e-15,1.9603360809512135e-11,t4-120HF.t0-UF,EnteroAnte,46,EnteroAnte-2
apoea,89.0945188183124,3.1855698938940478,0.636295630892917,24.41698747736495,7.758157336420506e-7,1.648867039233905e-4,t4-120HF.t0-UF,EnteroAnte,46,EnteroAnte-2
hephl1a,6.168777143535554,4.797966271130059,1.5141325264471641,12.902644174677999,3.2811826265969897e-4,0.017434017022652005,t4-120HF.t0-UF,EnteroAnte,46,EnteroAnte-2
egln2,12.511026872822258,3.8927423088188244,1.1604112772827568,11.040591098504134,8.913843617183574e-4,0.035083127718001525,t4-120HF.t0-UF,EnteroAnte,46,EnteroAnte-2
zgc:92630,19.095341091804507,2.7646785294299834,0.7726827404201381,13.70046019247097,2.144019429699466e-4,0.013325745773369856,t4-120HF.t0-UF,EnteroAnte,46,EnteroAnte-2
hip1,34.04466591617569,3.7566411816262693,0.721802584826008,26.975689212473455,2.0603054830048362e-7,6.568253879819418e-5,t4-120HF.t0-UF,EnteroAnte,46,EnteroAnte-2
zgc:162608,19.61300845017375,4.388679961165584,0.933909997310032,24.417047708006805,7.757914790906471e-7,1.648867039233905e-4,t4-120HF.t0-UF,EnteroAnte,46,EnteroAnte-2
agfg1a,30.650937513608305,3.492908491740337,0.7501437511993045,21.54396365254182,3.4580942065131723e-6,5.802318068612628e-4,t4-120HF.t0-UF,EnteroAnte,46,EnteroAnte-2
osbpl2b,33.64221508612268,2.352574550798781,0.6629932779818847,12.673523235919035,3.7087002000737226e-4,0.018767200377515916,t4-120HF.t0-UF,EnteroAnte,46,EnteroAnte-2
slc25a33,15.752459937569206,-3.4798330416413137,0.9045606723279974,13.349424192736187,2.5850198403737867e-4,0.014535017252300353,t4-120HF.t0-UF,EnteroAnte,46,EnteroAnte-2
g0s2,7.821912732892961,5.56584644866642,1.686694993158679,13.339457333635231,2.5987954309319956e-4,0.014535017252300353,t4-120HF.t0-UF,EnteroAnte,46,EnteroAnte-2
st8sia7.1,14.9759035343939,2.6488541527913747,0.8168684348359437,10.916118547274412,9.533113795599965e-4,0.036124582728779095,t4-120HF.t0-UF,EnteroAnte,46,EnteroAnte-2
cel.1,5.417522615795127,-5.094324332983632,1.7858490059106549,10.962508797662593,9.297385496545512e-4,0.036013974382577855,t4-120HF.t0-UF,EnteroAnte,46,EnteroAnte-2
si:dkey-22f5.9,8.53129600702867,5.239919174173726,1.4195579164736338,18.42039669093974,1.7715156030535727e-5,0.002229270532670465,t4-120HF.t0-UF,EnteroAnte,46,EnteroAnte-2
mpp1,50.03427082018047,1.8854315369613301,0.5807681220047378,10.697420896342472,0.0010728499211175545,0.03772624025073685,t4-120HF.t0-UF,EnteroAnte,46,EnteroAnte-2
tmcc1b,20.583201993352915,2.9730016701010586,0.772563202534412,14.813299674491738,1.1869546090829206e-4,0.009229295838430122,t4-120HF.t0-UF,EnteroAnte,46,EnteroAnte-2
tdo2b,8.276131019834487,-20.899096093691355,245.7729585805607,21.31260940455818,3.90156682969055e-6,5.922950025263558e-4,t4-120HF.t0-UF,EnteroAnte,46,EnteroAnte-2
arf4b,5.612408013527863,5.606955784272805,1.8414191662622295,14.011604103585686,1.8168590602719395e-4,0.012566940139312423,t4-120HF.t0-UF,EnteroAnte,46,EnteroAnte-2
arf4a.1,9.470723589503416,3.4471170503804025,1.035960419135729,12.264824335534051,4.6157666616575e-4,0.021672213962713342,t4-120HF.t0-UF,EnteroAnte,46,EnteroAnte-2
mat2aa,34.773235414916556,2.564245772333,0.6486604687360508,16.466954528488202,4.9505459099900065e-5,0.0047825273821358,t4-120HF.t0-UF,EnteroAnte,46,EnteroAnte-2
rab6a,15.498533225903044,2.7828909640331854,0.8141091727439357,12.045137308142383,5.192766185396956e-4,0.023992084926152894,t4-120HF.t0-UF,EnteroAnte,46,EnteroAnte-2
cyb5a,15.688430170035705,2.606716798949107,0.8016814447423107,10.897058083209835,9.631711204348253e-4,0.036124582728779095,t4-120HF.t0-UF,EnteroAnte,46,EnteroAnte-2
klf6a,12.891854606283161,3.2803900298304947,0.9247649698442695,13.540913931063084,2.3341870160354007e-4,0.013780348531705292,t4-120HF.t0-UF,EnteroAnte,46,EnteroAnte-2
klhl24b,7.061791154619703,-5.599186731021575,1.8081016807606733,10.946850487525097,9.376285676769014e-4,0.036013974382577855,t4-120HF.t0-UF,EnteroAnte,46,EnteroAnte-2
vav3a,30.31486785008785,-5.253450940189675,1.0163915482327714,23.082508035904752,1.5519617833192606e-6,3.0922838532636266e-4,t4-120HF.t0-UF,EnteroAnte,46,EnteroAnte-2
creb3l3a,28.403103953237444,2.5545937525103954,0.7012990263019927,14.053314720356248,1.7770034881863913e-4,0.012566940139312423,t4-120HF.t0-UF,EnteroAnte,46,EnteroAnte-2
ckmt1,24.270742468088606,4.156565488157363,0.8264413891671146,27.2966139389172,1.7451675185644287e-7,6.181771165759332e-5,t4-120HF.t0-UF,EnteroAnte,46,EnteroAnte-2
dusp8a,66.47155156721736,3.451772531168417,0.6420587599394931,27.831111173190926,1.3238017881864772e-7,5.275350125923112e-5,t4-120HF.t0-UF,EnteroAnte,46,EnteroAnte-2
ces2b.1,38.94070323990335,2.0444424845650735,0.6485400086519323,10.138457689465483,0.001452076067234407,0.04723692349329887,t4-120HF.t0-UF,EnteroAnte,46,EnteroAnte-2
kras,10.19466170067964,3.248056351577374,0.9948688991743037,11.822694653772633,5.851311650673509e-4,0.025178233462287286,t4-120HF.t0-UF,EnteroAnte,46,EnteroAnte-2
zgc:112160,28.085528026672993,-2.6530754854886878,0.662845089301957,14.91897446159691,1.1222850748495262e-4,0.011913487717633432,t1-15HF.t0-UF,EnteroAnte,60,EnteroAnte-3
ctrb1,59.35281083780926,-2.898350387947162,0.5658015577292098,23.67860194676863,1.1384129985141667e-6,0.0014232762743889736,t1-15HF.t0-UF,EnteroAnte,60,EnteroAnte-3
si:ch73-141c7.1,20.88278781920646,3.133069086187873,0.733084414235951,19.7595151123031,8.78233679558627e-6,0.002019937462984842,t1-15HF.t0-UF,EnteroAnte,60,EnteroAnte-3
pvalb4,20.04643170547325,-2.4789663149946275,0.7082414764065013,11.646536161793186,6.432219464530504e-4,0.049313682561400535,t1-15HF.t0-UF,EnteroAnte,60,EnteroAnte-3
fkbp5,39.01476872341331,2.12035415524491,0.541678484717177,15.175715243119818,9.795511195318656e-5,0.011264837874616454,t1-15HF.t0-UF,EnteroAnte,60,EnteroAnte-3
mybphb,14.792993118892037,-2.3065596190858604,0.6676236950017299,11.801470905722525,5.918394290943835e-4,0.049313682561400535,t1-15HF.t0-UF,EnteroAnte,60,EnteroAnte-3
amy2a,12.41015167076008,-3.632348028171587,0.8300843277163195,18.864363117653866,1.403502935969383e-5,0.0027669057880539264,t1-15HF.t0-UF,EnteroAnte,60,EnteroAnte-3
apoda.2,14.402231094793404,-3.301939606748681,0.7850674694559672,16.86813696220547,4.006859678834727e-5,0.0055294663567919235,t1-15HF.t0-UF,EnteroAnte,60,EnteroAnte-3
prss1,65.38847934522153,-2.952620353013717,0.6510862356831754,18.236259924138984,1.9512845654468972e-5,0.0033659658753958975,t1-15HF.t0-UF,EnteroAnte,60,EnteroAnte-3
prss59.1,38.24907265188027,-2.952281402399367,0.6319187722873727,19.844896872509857,8.398664404433336e-6,0.002019937462984842,t1-15HF.t0-UF,EnteroAnte,60,EnteroAnte-3
slc25a25a,10.610670849334834,3.1337901860552226,0.9348256354212726,13.344668246027144,2.5915840179508776e-4,0.023842572965148075,t1-15HF.t0-UF,EnteroAnte,60,EnteroAnte-3
pabpc4,12.487209639392313,-3.7912332246225566,0.9233766073727283,15.992943144528475,6.357903193760699e-5,0.007976278552172512,t1-15HF.t0-UF,EnteroAnte,60,EnteroAnte-3
atp2a1l,28.708774809663865,-2.7458956407948207,0.7680180248546421,11.704811650667708,6.23386911467341e-4,0.049313682561400535,t1-15HF.t0-UF,EnteroAnte,60,EnteroAnte-3
ctrl,19.492315781328465,-3.3647156804888843,0.6916793436738738,22.535722110945677,2.0627192382448894e-6,0.0014232762743889736,t1-15HF.t0-UF,EnteroAnte,60,EnteroAnte-3
slc13a2,75.83931411065227,2.2169346038213202,0.5153778128065251,17.812335756918344,2.4379750644492936e-5,0.0037382284321555836,t1-15HF.t0-UF,EnteroAnte,60,EnteroAnte-3
cela1.6,70.7785576094751,-2.62359556649563,0.5631720746890669,19.762139024645755,8.770287884844157e-6,0.002019937462984842,t1-15HF.t0-UF,EnteroAnte,60,EnteroAnte-3
cpa5,24.47377133169814,-3.5075461981890026,0.7429826703253082,20.204772313036692,6.957913739956488e-6,0.002019937462984842,t1-15HF.t0-UF,EnteroAnte,60,EnteroAnte-3
ces2b.1,17.08775274586398,2.649754743174642,0.7533277037796241,13.367890800960595,2.5596906110954683e-4,0.023842572965148075,t1-15HF.t0-UF,EnteroAnte,60,EnteroAnte-3
bbox1,25.635100698494732,4.292639784086131,0.9093799096874977,22.129483819882722,2.5486515304735837e-6,0.0024042279437467475,t3-60HF.t0-UF,EnteroAnte,60,EnteroAnte-3
ctrb1,43.23773338745151,-3.0085015491544085,0.8170987818398605,11.849037698655323,5.769115010247606e-4,0.04947453175454764,t3-60HF.t0-UF,EnteroAnte,60,EnteroAnte-3
aifm3,4.236558810847176,19.009688219498756,187.93889369612882,12.573824722715493,3.911871717174183e-4,0.044282387838411756,t3-60HF.t0-UF,EnteroAnte,60,EnteroAnte-3
ela3l,17.33840947796487,-2.6398618232924744,0.7383194244733211,12.139538132007843,4.936399993316576e-4,0.04506455477769649,t3-60HF.t0-UF,EnteroAnte,60,EnteroAnte-3
si:ch73-141c7.1,13.008404146111474,2.920756566631652,0.8409696626380387,12.27819282143038,4.582819346010722e-4,0.04457650288757644,t3-60HF.t0-UF,EnteroAnte,60,EnteroAnte-3
amy2a,9.160658327158144,-3.545425071178668,0.9315972485104285,14.18106621708312,1.660328338790155e-4,0.029367057492350867,t3-60HF.t0-UF,EnteroAnte,60,EnteroAnte-3
slc6a9,18.14135877375689,-3.3400144367711695,0.8032097715390693,16.337297212589284,5.3010287936952814e-5,0.016668790540175164,t3-60HF.t0-UF,EnteroAnte,60,EnteroAnte-3
apoda.2,9.673475861575017,-4.368489391747723,1.037366004569611,18.675683577169565,1.5494593736186194e-5,0.010962425068351732,t3-60HF.t0-UF,EnteroAnte,60,EnteroAnte-3
scpp5,11.294883524514937,-5.870023673616828,1.5556914523065877,14.645298630223405,1.2975790557672676e-4,0.027214320704555928,t3-60HF.t0-UF,EnteroAnte,60,EnteroAnte-3
klf7b,11.081218287705088,3.3687022378126334,0.9729055787620149,12.669241753641273,3.71720250283806e-4,0.04383201284596546,t3-60HF.t0-UF,EnteroAnte,60,EnteroAnte-3
mao,18.775811346137893,2.965275292822948,0.7880996230408075,14.25792836748618,1.59387959854652e-4,0.029367057492350867,t3-60HF.t0-UF,EnteroAnte,60,EnteroAnte-3
apoa4b.2,21.366449214822456,3.028825795445386,0.803474658506762,13.407418653121901,2.506310805644713e-4,0.03682916069735702,t3-60HF.t0-UF,EnteroAnte,60,EnteroAnte-3
sh3rf1,20.95698758492103,2.716720952049713,0.7728308216966563,12.352608999067073,4.403706211321249e-4,0.04450888777871119,t3-60HF.t0-UF,EnteroAnte,60,EnteroAnte-3
hsp90aa1.2,34.721967206848525,3.5386739665757303,0.9443263130393644,12.221013928842503,4.725424334372061e-4,0.04457650288757644,t3-60HF.t0-UF,EnteroAnte,60,EnteroAnte-3
slc6a8,30.055784779386507,3.3996890406302294,0.7908947343001473,17.679968463641053,2.6136458867930197e-5,0.012327696432707076,t3-60HF.t0-UF,EnteroAnte,60,EnteroAnte-3
acsbg2,19.11734101771297,-3.2742035289944025,0.8370242151368795,14.575846788400916,1.3462914836176077e-4,0.027214320704555928,t3-60HF.t0-UF,EnteroAnte,60,EnteroAnte-3
ela2l,29.528027978454652,-2.739918210026504,0.7140237488999344,13.03830431027091,3.051842913909325e-4,0.037550936723319085,t3-60HF.t0-UF,EnteroAnte,60,EnteroAnte-3
egln3,12.450044226922582,6.31149013287142,1.72021431291117,22.39023164460689,2.2250281418446644e-6,0.0024042279437467475,t3-60HF.t0-UF,EnteroAnte,60,EnteroAnte-3
p4ha1b,3.9924792208453126,18.877151463788817,188.2300854364797,13.157933692286061,2.8630442944941855e-4,0.03682916069735702,t3-60HF.t0-UF,EnteroAnte,60,EnteroAnte-3
abca1b,78.0307735428191,2.413135924978535,0.5647056713531081,17.218510800803195,3.3317413057622556e-5,0.013469754136153119,t3-60HF.t0-UF,EnteroAnte,60,EnteroAnte-3
BX005454.1,6.11122750907598,19.28222217796122,187.34370194089044,13.161277113416585,2.8579403285358825e-4,0.03682916069735702,t3-60HF.t0-UF,EnteroAnte,60,EnteroAnte-3
apoa4a,21.907240318092498,3.564214927388075,0.8829313498917447,15.602551504283518,7.814906451477553e-5,0.020105622961528614,t3-60HF.t0-UF,EnteroAnte,60,EnteroAnte-3
plin2,24.45146445365223,5.654739842870705,1.2399785248960837,22.355512322157487,2.265618135959831e-6,0.0024042279437467475,t3-60HF.t0-UF,EnteroAnte,60,EnteroAnte-3
zgc:162608,6.506620558651138,5.196948041452498,1.786476809745059,12.416681499884618,4.255157002298614e-4,0.04450888777871119,t3-60HF.t0-UF,EnteroAnte,60,EnteroAnte-3
agfg1a,11.275248996978725,3.464883902950802,0.9645892441371586,13.815957492134956,2.016165544143762e-4,0.03356322641133439,t3-60HF.t0-UF,EnteroAnte,60,EnteroAnte-3
ctrl,14.500311715868742,-3.6515739453819265,0.9196064298500323,13.663049951464146,2.1871595805250018e-4,0.03438700896047642,t3-60HF.t0-UF,EnteroAnte,60,EnteroAnte-3
cel.1,6.537315101940597,-3.7292242688001704,1.1022523690185688,11.874069609330181,5.692089780734271e-4,0.04947453175454764,t3-60HF.t0-UF,EnteroAnte,60,EnteroAnte-3
opn1lw2,25.68067804923432,-2.9118228384270686,0.7874320739603298,12.458179521770752,4.1616535594853207e-4,0.04450888777871119,t3-60HF.t0-UF,EnteroAnte,60,EnteroAnte-3
pck2,23.058283699118306,2.9959158453744252,0.7703710566915174,14.619577041210533,1.315409388852681e-4,0.027214320704555928,t3-60HF.t0-UF,EnteroAnte,60,EnteroAnte-3
cela1.6,49.90983083831898,-3.0771163225822002,0.6999845004454699,16.758507667468557,4.245149108983927e-5,0.015017214973030641,t3-60HF.t0-UF,EnteroAnte,60,EnteroAnte-3
cpa5,18.039801441931225,-3.9150850388223533,0.9248090662680469,15.808341961381956,7.0092794432847e-5,0.019836260824495702,t3-60HF.t0-UF,EnteroAnte,60,EnteroAnte-3
dusp8a,19.879138260279518,3.622518307347202,0.8694974960143537,17.84031172388036,2.4023929925980353e-5,0.012327696432707076,t3-60HF.t0-UF,EnteroAnte,60,EnteroAnte-3
ces2b.1,18.912754454718165,3.443607294244415,0.9384443588133526,13.299939120491644,2.654147351864599e-4,0.03682916069735702,t3-60HF.t0-UF,EnteroAnte,60,EnteroAnte-3
opn1sw1,37.899315583744084,-2.7777569877968205,0.7612922302233276,11.763489064718975,6.040389416019427e-4,0.03041513729478017,t4-120HF.t0-UF,EnteroAnte,60,EnteroAnte-3
bbox1,21.271416940259225,4.6217331746869394,0.9226691159761649,26.746502338719747,2.319712299272144e-7,1.9856737281769552e-4,t4-120HF.t0-UF,EnteroAnte,60,EnteroAnte-3
ctrb1,38.61328896608172,-3.667377831532566,0.8178928924727038,18.04930221284473,2.152575237436876e-5,0.004590778694004831,t4-120HF.t0-UF,EnteroAnte,60,EnteroAnte-3
aacs,7.709774680356731,3.7614469648683455,1.2066519454432214,10.34748292836489,0.0012965135458365333,0.047705628086599186,t4-120HF.t0-UF,EnteroAnte,60,EnteroAnte-3
rpl36a,55.36631377484742,-2.8546980355200633,0.7537375148131358,12.11923841850097,4.990428073588418e-4,0.02756004149026894,t4-120HF.t0-UF,EnteroAnte,60,EnteroAnte-3
myhz1.3,34.33800759134892,-3.0978817392229643,0.9047439177693546,10.118848070383848,0.0014676069623247208,0.048358279215566305,t4-120HF.t0-UF,EnteroAnte,60,EnteroAnte-3
efnb1,10.860255678808805,3.283074478330817,1.0204018432589272,10.902658531188301,9.602634283082149e-4,0.04067311490097926,t4-120HF.t0-UF,EnteroAnte,60,EnteroAnte-3
rps2,61.67275846884847,-2.543516720669139,0.7364470476957874,10.285870376025997,0.0013405277113130796,0.047705628086599186,t4-120HF.t0-UF,EnteroAnte,60,EnteroAnte-3
rpl23,60.97299466765065,-2.9046181444031762,0.7568602454941202,12.452043027702516,4.1753486129031506e-4,0.026960192352737344,t4-120HF.t0-UF,EnteroAnte,60,EnteroAnte-3
si:ch211-198m17.1,46.03544903905291,3.0109700571719116,0.6993222614703191,18.624739048311078,1.591419511749587e-5,0.004540850340192155,t4-120HF.t0-UF,EnteroAnte,60,EnteroAnte-3
pde6ha,97.38706645630022,-4.805926518654225,1.0105188136139431,16.248412140096605,5.555613550339256e-5,0.0076994042960852405,t4-120HF.t0-UF,EnteroAnte,60,EnteroAnte-3
CABZ01117503.1,8.065784167468578,5.147591106243757,1.4143242925328448,16.300864937397193,5.4039279674118115e-5,0.0076994042960852405,t4-120HF.t0-UF,EnteroAnte,60,EnteroAnte-3
abhd3,10.328118978691204,4.505615693548693,1.1763286231472412,16.1517313646228,5.846510271560055e-5,0.0076994042960852405,t4-120HF.t0-UF,EnteroAnte,60,EnteroAnte-3
rps28,38.86193365013387,-3.008469841602022,0.8274673596120579,11.415008023146669,7.285318223504266e-4,0.03490075539344946,t4-120HF.t0-UF,EnteroAnte,60,EnteroAnte-3
slc6a9,16.554193031582148,-3.788210364367307,1.08181433045217,12.032783554866118,5.227295525108487e-4,0.027966031059330404,t4-120HF.t0-UF,EnteroAnte,60,EnteroAnte-3
apoda.2,9.236147100020405,-5.054751997376449,1.724156413879978,12.192037680653765,4.7993929139404277e-4,0.027388535562220043,t4-120HF.t0-UF,EnteroAnte,60,EnteroAnte-3
scpp5,10.654098723720164,-20.22670886847967,249.28948960627807,12.259594869918288,4.628719894523111e-4,0.02732540848077092,t4-120HF.t0-UF,EnteroAnte,60,EnteroAnte-3
ucp1,56.45983300473878,-2.429120072485343,0.7081974756226715,10.209910571043345,0.0013968794693182728,0.047829153029457665,t4-120HF.t0-UF,EnteroAnte,60,EnteroAnte-3
klf7b,9.620236482460982,3.7197932938787335,1.1557893199429201,10.790291809978182,0.0010203379623573458,0.04159091884656609,t4-120HF.t0-UF,EnteroAnte,60,EnteroAnte-3
icn,44.43232857068206,-3.784361766371201,0.9850162402478602,11.872377599782858,5.697263356578007e-4,0.029556711716550145,t4-120HF.t0-UF,EnteroAnte,60,EnteroAnte-3
apoa4b.2,24.179582245417876,3.9367554675751233,0.8711953400555205,20.27261281951468,6.715501413391328e-6,0.0028742346049314884,t4-120HF.t0-UF,EnteroAnte,60,EnteroAnte-3
prss1,44.661575689255486,-2.735798020721285,0.7757044072831853,10.876228282412207,9.740640834930781e-4,0.04067311490097926,t4-120HF.t0-UF,EnteroAnte,60,EnteroAnte-3
prss59.1,26.45709274460604,-2.615263910386937,0.7830121888206386,10.251943941538514,0.001365406411357103,0.047705628086599186,t4-120HF.t0-UF,EnteroAnte,60,EnteroAnte-3
me1,5.321529661745704,5.209977400561954,1.7768219274277648,10.117317495248837,0.0014688262378559861,0.048358279215566305,t4-120HF.t0-UF,EnteroAnte,60,EnteroAnte-3
ches1,16.482549785058616,4.020911957850193,0.9826213286843866,17.63119923635186,2.6815296109841304e-5,0.004590778694004831,t4-120HF.t0-UF,EnteroAnte,60,EnteroAnte-3
sh3rf1,22.392410799342056,3.431099011050927,0.817185726252722,18.179551933842006,2.0102563218881657e-5,0.004590778694004831,t4-120HF.t0-UF,EnteroAnte,60,EnteroAnte-3
slc6a8,21.74926270069038,3.4831387941180867,0.8789236304427084,15.949548841955163,6.505328168816055e-5,0.00795508701786649,t4-120HF.t0-UF,EnteroAnte,60,EnteroAnte-3
acsbg2,17.600292219640664,-3.929619083220749,1.0445518830519755,14.649813615646114,1.2944744422770397e-4,0.011818259210498417,t4-120HF.t0-UF,EnteroAnte,60,EnteroAnte-3
egln3,7.263281831897583,6.131272564613436,1.8142486316585922,17.711374427395903,2.570847495423861e-5,0.004590778694004831,t4-120HF.t0-UF,EnteroAnte,60,EnteroAnte-3
apoba,11.351920026673966,4.363310625876508,1.1470626596271285,15.055632463544104,1.0438827988850841e-4,0.010512513833478024,t4-120HF.t0-UF,EnteroAnte,60,EnteroAnte-3
pmt,5.844263026048825,5.821870735259195,1.8663005435194937,14.308807487818822,1.5513732367876116e-4,0.012072504460819958,t4-120HF.t0-UF,EnteroAnte,60,EnteroAnte-3
abca1b,48.21916177835456,2.184843809737786,0.6569950705508015,11.303265569511893,7.737088999143803e-4,0.03579971990955187,t4-120HF.t0-UF,EnteroAnte,60,EnteroAnte-3
rpl39,65.66418564464871,-2.7397525189703362,0.7816886146299246,10.262813703167254,0.001357384995507257,0.047705628086599186,t4-120HF.t0-UF,EnteroAnte,60,EnteroAnte-3
rpl35a,45.22442142381217,-3.210379031820554,0.8411769590786794,12.26326907756237,4.619615163613988e-4,0.02732540848077092,t4-120HF.t0-UF,EnteroAnte,60,EnteroAnte-3
gngt2b,37.828413804092634,-4.113794430885986,0.9808870402670651,15.056986309401054,1.0431343123564771e-4,0.010512513833478024,t4-120HF.t0-UF,EnteroAnte,60,EnteroAnte-3
ccser2b,12.122476204961005,2.991583511206236,0.9308023815539032,10.62498979431841,0.0011156958428997009,0.04341071097827927,t4-120HF.t0-UF,EnteroAnte,60,EnteroAnte-3
rplp1,88.46444785198163,-2.8506129437962504,0.7921551921987006,10.658851036300753,0.001095454207941067,0.04341071097827927,t4-120HF.t0-UF,EnteroAnte,60,EnteroAnte-3
apoa4a,22.46621367588007,4.229695307100175,0.9761139945931195,18.71750554847818,1.5158447530995116e-5,0.004540850340192155,t4-120HF.t0-UF,EnteroAnte,60,EnteroAnte-3
hip1,10.426474805183226,3.4811751008638545,1.0466572236384657,11.40138327979193,7.338943891145915e-4,0.03490075539344946,t4-120HF.t0-UF,EnteroAnte,60,EnteroAnte-3
plin2,40.39388211029028,6.980101354699433,1.1305712144548627,48.62139626481191,3.104635324241413e-12,5.315135675101299e-9,t4-120HF.t0-UF,EnteroAnte,60,EnteroAnte-3
zgc:162608,6.166702993929816,5.91424577643557,1.858437711748241,15.064150784018196,1.039182347356372e-4,0.010512513833478024,t4-120HF.t0-UF,EnteroAnte,60,EnteroAnte-3
agfg1a,8.703465390220346,3.723088859075636,1.1492277621031035,11.182650419832903,8.256574468076789e-4,0.03719804076144069,t4-120HF.t0-UF,EnteroAnte,60,EnteroAnte-3
rps21,39.87706047704047,-2.8814197232663687,0.7624922580591453,12.560264215272383,3.9403603349232806e-4,0.026960192352737344,t4-120HF.t0-UF,EnteroAnte,60,EnteroAnte-3
rpl37.1,58.8840665001968,-2.6955304936166797,0.7509026505843543,10.975488050600859,9.232493751825335e-4,0.04052828026442301,t4-120HF.t0-UF,EnteroAnte,60,EnteroAnte-3
rps14,52.96004157007185,-2.9989162437226304,0.7826113576377761,12.41811169082581,4.251899494882642e-4,0.026960192352737344,t4-120HF.t0-UF,EnteroAnte,60,EnteroAnte-3
cox7b,5.081938885350261,-19.27616098859575,254.5260995937185,10.263948341652029,0.0013565504356618334,0.047705628086599186,t4-120HF.t0-UF,EnteroAnte,60,EnteroAnte-3
zgc:171772,49.98853072744518,-3.618688494458324,0.8614732049743117,14.623726573123044,1.3125163138188688e-4,0.011818259210498417,t4-120HF.t0-UF,EnteroAnte,60,EnteroAnte-3
rps25,48.29017217422117,-3.0359646957546818,0.7616469337323115,13.66917699464021,2.1800346627370292e-4,0.016227040620025193,t4-120HF.t0-UF,EnteroAnte,60,EnteroAnte-3
cela1.6,46.58070170699321,-2.886180442821033,0.7110237152347254,14.4652592156991,1.4276851334109444e-4,0.011818259210498417,t4-120HF.t0-UF,EnteroAnte,60,EnteroAnte-3
cpa5,16.570734165377083,-4.674142207427517,1.2862958706644145,14.436477569368382,1.4496696461475863e-4,0.011818259210498417,t4-120HF.t0-UF,EnteroAnte,60,EnteroAnte-3
dusp8a,23.76923802908174,4.528901394704994,0.9388266426499912,24.464941879592992,7.567434526552666e-7,4.318482636486054e-4,t4-120HF.t0-UF,EnteroAnte,60,EnteroAnte-3
ces2b.1,12.4989677980206,3.387755767157804,0.9781452894507585,12.656672721046732,3.7422762338627184e-4,0.026694903801554055,t4-120HF.t0-UF,EnteroAnte,60,EnteroAnte-3
apoa4b.2,27.210053776811943,4.285039441931353,0.8328016075367461,26.176810722181987,3.115413520629739e-7,0.005393403886914204,t5-240HF.t0-UF,EnteroAnte,60,EnteroAnte-3
mlnl,18.72879458088896,21.744485442034637,181.1244502186114,36.845462015741965,1.278733829367703e-9,1.77654490914055e-5,t4-120HF.t0-UF,EnteroEndo,232,EnteroEndo-51
slc38a4,20.378607969889313,3.0397190366652542,0.6594512761219273,20.22580705323027,6.881825932758684e-6,0.038953428721391736,t1-15HF.t0-UF,ExPancreas,158,ExPancreas-5
nocta,4.788473981373614,4.824097333972904,1.1164030564797405,22.50251430592866,2.098687182758762e-6,0.01781890352521327,t1-15HF.t0-UF,ExPancreas,158,ExPancreas-5
slc7a3a,21.204708072365342,3.447223688554863,0.6102754700668038,31.063125078011872,2.4977164062015066e-8,4.241372229370778e-4,t1-15HF.t0-UF,ExPancreas,158,ExPancreas-5
cel.1,172.6089760503284,-2.2814827391236423,0.4042675906035424,27.792667406087567,1.3503694249703623e-7,0.002448894952183752,t2-30HF.t0-UF,ExPancreas,158,ExPancreas-5
hbp1,18.420847197859857,-4.84069519510589,1.100802315409145,23.293638682817715,1.3905917037596286e-6,0.012609190273840432,t2-30HF.t0-UF,ExPancreas,158,ExPancreas-5
lpin1,51.03795218803958,-3.525300390295727,0.7033629621772036,24.11083369281976,9.09471931790017e-7,0.0077677997694185355,t4-120HF.t0-UF,ExPancreas,158,ExPancreas-5
ulk2,37.307939817314306,-4.9998202148324,1.0019937789820965,34.14400928506168,5.118056165685098e-9,8.742663542223284e-5,t4-120HF.t0-UF,ExPancreas,158,ExPancreas-5
rplp2l,27.762751053606102,-3.240668473342091,0.8490294026343942,12.865980180787531,3.3460959003557143e-4,0.029997623493438492,t4-120HF.t0-UF,GutProgeHM,70,GutProgeHM-228
tpma,40.347135456161695,-2.747724025747313,0.7646139007306987,11.309533696508083,7.711013512953548e-4,0.035580157086383284,t4-120HF.t0-UF,GutProgeHM,70,GutProgeHM-228
zgc:112160,19.875026157175355,-3.786800412438485,1.0147024986053996,13.262469067994672,2.7077277865415614e-4,0.029997623493438492,t4-120HF.t0-UF,GutProgeHM,70,GutProgeHM-228
ctrb1,52.94669364426906,-3.7362749526013466,0.8409235704984317,16.222082148922844,5.6333627204317126e-5,0.01888085210302795,t4-120HF.t0-UF,GutProgeHM,70,GutProgeHM-228
tnnt3b,42.91233065118434,-3.1121395516984913,0.8756732902718043,10.685477385326855,0.0010797986584184561,0.03634444264920657,t4-120HF.t0-UF,GutProgeHM,70,GutProgeHM-228
myhz2,63.511449631222085,-2.533462055186267,0.7895824393192591,8.811698876137577,0.002993052227131761,0.04917157230287892,t4-120HF.t0-UF,GutProgeHM,70,GutProgeHM-228
myhz1.3,16.39968066587049,-3.5298163164505425,1.084187389600729,9.936633281123477,0.001620216104059323,0.04191107931908083,t4-120HF.t0-UF,GutProgeHM,70,GutProgeHM-228
myhz1.2,51.098000082538,-3.6360281661656404,0.8293709214040297,15.978380369770164,6.406999365992687e-5,0.01888085210302795,t4-120HF.t0-UF,GutProgeHM,70,GutProgeHM-228
myhz1.1,136.11384603662054,-2.863421050840535,0.69987147104669,13.642152192499509,2.2116377943197772e-4,0.029997623493438492,t4-120HF.t0-UF,GutProgeHM,70,GutProgeHM-228
ckma,46.767206054005925,-2.83537064839728,0.805946450031916,10.626393073769037,0.001114849520054689,0.036630769944654064,t4-120HF.t0-UF,GutProgeHM,70,GutProgeHM-228
eef2l2,7.06542440665545,-19.907743453302874,251.0110275440913,12.793646448604637,3.4779853325725787e-4,0.029997623493438492,t4-120HF.t0-UF,GutProgeHM,70,GutProgeHM-228
atp2a1,54.2180211234887,-2.7190215074245057,0.7922745958340762,9.992705139006603,0.0015716156137495464,0.04191107931908083,t4-120HF.t0-UF,GutProgeHM,70,GutProgeHM-228
rpl3,32.859282485632434,-2.5834887371905983,0.7839417777042181,9.702767116518494,0.0018399074867222207,0.04235560511631949,t4-120HF.t0-UF,GutProgeHM,70,GutProgeHM-228
mylpfa,129.43827943762912,-2.7454495477467167,0.7097601618892824,12.333509551341038,4.4489918139773777e-4,0.032313730017309375,t4-120HF.t0-UF,GutProgeHM,70,GutProgeHM-228
rpl23,30.76799993582187,-2.4897699254320846,0.7942097626559725,8.744237753325358,0.003105818988151327,0.04926471498446933,t4-120HF.t0-UF,GutProgeHM,70,GutProgeHM-228
adgrl1a,31.407908930068448,2.436372329160264,0.793904212404973,9.661546887106603,0.0018816511204295591,0.04235560511631949,t4-120HF.t0-UF,GutProgeHM,70,GutProgeHM-228
pvalb1,145.92774300467758,-2.3938614311858664,0.6391154241695148,11.89369450431353,5.63242911256943e-4,0.035580157086383284,t4-120HF.t0-UF,GutProgeHM,70,GutProgeHM-228
rpsa,34.94302174441149,-2.762433473966271,0.8352957046831441,9.511940323682552,0.0020413919407329248,0.04235560511631949,t4-120HF.t0-UF,GutProgeHM,70,GutProgeHM-228
serbp1a,18.564717844674135,-3.3500733299628447,1.0077852189482994,10.094435474923493,0.001487177128650138,0.04191107931908083,t4-120HF.t0-UF,GutProgeHM,70,GutProgeHM-228
rplp2,23.66644344753628,-2.9418267275815246,0.853842994585223,10.850624964082428,9.876241984859476e-4,0.035580157086383284,t4-120HF.t0-UF,GutProgeHM,70,GutProgeHM-228
rps10,26.1663017564761,-3.2401100262881273,0.9065254035982219,11.364932070930166,7.484381440958546e-4,0.035580157086383284,t4-120HF.t0-UF,GutProgeHM,70,GutProgeHM-228
amy2a,8.222091306468817,-4.083747831228612,1.450426469093895,8.693054376880106,0.0031942489776934984,0.04952880437322503,t4-120HF.t0-UF,GutProgeHM,70,GutProgeHM-228
rps28,20.071811727884956,-3.9260882175318925,1.0289070382031333,13.711302655978738,2.1316772793759058e-4,0.029997623493438492,t4-120HF.t0-UF,GutProgeHM,70,GutProgeHM-228
brinp2,11.042876763748945,3.543289732579412,1.0681659031871287,11.168559251686958,8.319520864013117e-4,0.035580157086383284,t4-120HF.t0-UF,GutProgeHM,70,GutProgeHM-228
gtpbp4,4.832712203327725,-19.4014488378995,253.81764252683334,10.007555373262424,0.0015589932388612613,0.04191107931908083,t4-120HF.t0-UF,GutProgeHM,70,GutProgeHM-228
slc25a4,4.562536876295648,-19.330742541324025,254.21711375875802,9.4181576417837,0.0021484727232915684,0.04235560511631949,t4-120HF.t0-UF,GutProgeHM,70,GutProgeHM-228
ctnna2,26.751786132291663,2.329257994609339,0.7516271045297097,9.61196115998122,0.0019331408496496116,0.04235560511631949,t4-120HF.t0-UF,GutProgeHM,70,GutProgeHM-228
ucp1,12.780119604030157,-3.646593975659439,1.1553062286664757,9.715793575806106,0.0018269117638042558,0.04235560511631949,t4-120HF.t0-UF,GutProgeHM,70,GutProgeHM-228
neb,17.224329884426407,-4.493097463680484,1.237755802705556,12.882030665728092,3.3175207851271975e-4,0.029997623493438492,t4-120HF.t0-UF,GutProgeHM,70,GutProgeHM-228
ttn.2,94.54493059945311,-2.7233092453884677,0.8204430256980814,9.105972888979728,0.0025477616989755545,0.04462389271347923,t4-120HF.t0-UF,GutProgeHM,70,GutProgeHM-228
rpl31,23.43777815233494,-2.7790260917471277,0.8591373227320972,9.497853004128494,0.0020571246588895744,0.04235560511631949,t4-120HF.t0-UF,GutProgeHM,70,GutProgeHM-228
gapdh,21.415691469521068,-3.3582893944525516,0.9454390711453624,11.27097052939095,7.872855768329246e-4,0.035580157086383284,t4-120HF.t0-UF,GutProgeHM,70,GutProgeHM-228
rps27.2,9.27144180901737,-4.12623146136189,1.3870945634984015,9.47417662657898,0.002083843931663613,0.04235560511631949,t4-120HF.t0-UF,GutProgeHM,70,GutProgeHM-228
rps19,26.30581298119445,-2.7732407944383284,0.8514232029037212,9.4542557099400355,0.002106597570712151,0.04235560511631949,t4-120HF.t0-UF,GutProgeHM,70,GutProgeHM-228
prss1,42.635370830149824,-2.6371117474314296,0.7857727469669764,9.800045897090392,0.0017450751449589847,0.04235560511631949,t4-120HF.t0-UF,GutProgeHM,70,GutProgeHM-228
prss59.2,55.58526336055383,-3.430777453497249,0.7864318199411598,15.854356028725753,6.840888443126069e-5,0.01888085210302795,t4-120HF.t0-UF,GutProgeHM,70,GutProgeHM-228
sema6e,25.309988655968983,2.434686470510594,0.8117003623986316,9.237833576969358,0.0023706526295020707,0.04374351826521907,t4-120HF.t0-UF,GutProgeHM,70,GutProgeHM-228
ptprub,24.077325355127797,2.4349772263655565,0.8353995647273561,8.752388337490792,0.003091968503036797,0.04926471498446933,t4-120HF.t0-UF,GutProgeHM,70,GutProgeHM-228
zfpm2a,10.166558309249508,3.9791176209662362,1.199762945965537,11.220645753610995,8.089234283201196e-4,0.035580157086383284,t4-120HF.t0-UF,GutProgeHM,70,GutProgeHM-228
fabp10a,11.360104266771952,-4.573181642224738,1.4364811082304114,11.034749360493592,8.941976483578354e-4,0.035580157086383284,t4-120HF.t0-UF,GutProgeHM,70,GutProgeHM-228
dab1a,13.927120459069753,2.7713973612041563,0.9094723638698292,9.560251327990592,0.0019883588361506496,0.04235560511631949,t4-120HF.t0-UF,GutProgeHM,70,GutProgeHM-228
rps7,29.423255001694173,-2.5262935767048926,0.7857447571400451,9.19686153469889,0.002424304221805773,0.043995864140999937,t4-120HF.t0-UF,GutProgeHM,70,GutProgeHM-228
ela2l,27.768222481002823,-2.928371629645074,0.8990706030591177,9.387648067240065,0.002184522790640132,0.04245973874765327,t4-120HF.t0-UF,GutProgeHM,70,GutProgeHM-228
rpl10a,30.06625406069116,-2.833245166453742,0.8119475875852028,10.8476953946981,9.891878884215543e-4,0.035580157086383284,t4-120HF.t0-UF,GutProgeHM,70,GutProgeHM-228
gnat2,10.458945333685607,-5.234320706866572,1.8143048792675962,8.951417510221557,0.002772543638156053,0.04723592865006609,t4-120HF.t0-UF,GutProgeHM,70,GutProgeHM-228
pbx3b,44.4750278492857,2.9109352757487157,0.6670204274607106,19.085888064609726,1.2496550852645433e-5,0.017245240176650696,t4-120HF.t0-UF,GutProgeHM,70,GutProgeHM-228
actc1b,214.77867531385985,-2.566088949506176,0.661665333822423,12.442095047246184,4.197646579929854e-4,0.03218195711279555,t4-120HF.t0-UF,GutProgeHM,70,GutProgeHM-228
rpl13a,20.038814777269195,-2.823040547626251,0.9015901363355077,9.01193027006265,0.0026822299556273953,0.04626846673457257,t4-120HF.t0-UF,GutProgeHM,70,GutProgeHM-228
esrrga,8.57160221826046,3.557230298469959,1.1513984079210124,9.971125313084759,0.0015901427504440128,0.04191107931908083,t4-120HF.t0-UF,GutProgeHM,70,GutProgeHM-228
eef1g,23.074072429158782,-2.7585202985423067,0.8705808247615289,9.101101430959417,0.002554556177075985,0.04462389271347923,t4-120HF.t0-UF,GutProgeHM,70,GutProgeHM-228
fgf13a,9.417241165774788,3.9862646437062335,1.1899869092114799,11.753015882007041,6.074473047722134e-4,0.035580157086383284,t4-120HF.t0-UF,GutProgeHM,70,GutProgeHM-228
slc25a5,65.58587279626346,-2.625520660509761,0.7257406405435134,11.20805140257697,8.144319472218784e-4,0.035580157086383284,t4-120HF.t0-UF,GutProgeHM,70,GutProgeHM-228
rpl39,35.03490325511141,-3.033337919537696,0.7992976084778401,12.60088546347442,3.855640565665317e-4,0.03129872929775375,t4-120HF.t0-UF,GutProgeHM,70,GutProgeHM-228
CR786577.1,5.740441275333033,4.523142385944483,1.5414595030470357,10.014209358538494,0.001553370855127829,0.04191107931908083,t4-120HF.t0-UF,GutProgeHM,70,GutProgeHM-228
unc5a,28.025664572016424,3.0987977389225505,0.7606087032927941,16.97672272335894,3.784091663258204e-5,0.01888085210302795,t4-120HF.t0-UF,GutProgeHM,70,GutProgeHM-228
rpl4,16.859652065277952,-4.055935321795388,1.1083013303902314,13.16281871658309,2.855590054253731e-4,0.029997623493438492,t4-120HF.t0-UF,GutProgeHM,70,GutProgeHM-228
atp2a1l,26.914386422457596,-3.4089111155044134,1.037770676281644,9.270639067272171,0.002328564413965646,0.04374351826521907,t4-120HF.t0-UF,GutProgeHM,70,GutProgeHM-228
pvalb2,119.42899380502337,-2.8278943031056847,0.6582488087827222,15.236207033747142,9.486704998421845e-5,0.021819421496370242,t4-120HF.t0-UF,GutProgeHM,70,GutProgeHM-228
rpl38,16.16602675337119,-3.4303608398047083,1.0525515005348398,9.953184749743581,0.0016057137612898158,0.04191107931908083,t4-120HF.t0-UF,GutProgeHM,70,GutProgeHM-228
CR847968.1,16.760164927954687,3.1905628703289777,0.9328129258252953,11.914104119175768,5.571052403037604e-4,0.035580157086383284,t4-120HF.t0-UF,GutProgeHM,70,GutProgeHM-228
eef1a1l1,73.2208858007219,-2.549458220677498,0.6965802914741112,11.4536436208381,7.135395244251227e-4,0.035580157086383284,t4-120HF.t0-UF,GutProgeHM,70,GutProgeHM-228
nme2b.2,33.347427567512824,-2.4494474059852713,0.7781518310410934,8.833102896800419,0.002958149879121375,0.04917157230287892,t4-120HF.t0-UF,GutProgeHM,70,GutProgeHM-228
rps21,21.235177443187048,-2.9647086017891313,0.9106653530494893,9.438463456923877,0.002124814383999583,0.04235560511631949,t4-120HF.t0-UF,GutProgeHM,70,GutProgeHM-228
krt5,13.848199134263295,-3.260229712783653,1.0821287985517662,8.65682659541628,0.0032583827379596307,0.04996186864871434,t4-120HF.t0-UF,GutProgeHM,70,GutProgeHM-228
si:dkey-151g10.6,54.086347619019094,-2.66700729113428,0.7643094774065323,10.382770033205425,0.0012719671885987264,0.039893516369687326,t4-120HF.t0-UF,GutProgeHM,70,GutProgeHM-228
rps12,32.713554357174885,-2.6949270284761844,0.8542230355020978,8.709009688479362,0.003166411727362926,0.04952880437322503,t4-120HF.t0-UF,GutProgeHM,70,GutProgeHM-228
rpl35,22.655854841790934,-3.9435961413512506,1.0041334251086573,13.997400847333545,1.8306351552877976e-4,0.029997623493438492,t4-120HF.t0-UF,GutProgeHM,70,GutProgeHM-228
rpl17,32.21532972974584,-2.488190818686734,0.773328011271326,9.268194382078214,0.0023316745441725453,0.04374351826521907,t4-120HF.t0-UF,GutProgeHM,70,GutProgeHM-228
rbp4l,40.265208612061215,-2.9175454339514912,0.8879495851182158,9.173949970339109,0.0024548416948239095,0.043995864140999937,t4-120HF.t0-UF,GutProgeHM,70,GutProgeHM-228
rpl23a,14.554256392539862,-3.252583008516973,1.0247278581856842,9.655094756853234,0.0018882715305364789,0.04235560511631949,t4-120HF.t0-UF,GutProgeHM,70,GutProgeHM-228
nrxn2a,38.760548350023946,2.139668249821467,0.674770300317554,10.26407746132621,0.0013564554972832895,0.04159796858335421,t4-120HF.t0-UF,GutProgeHM,70,GutProgeHM-228
rpl22,16.398891006233498,-3.217211804093963,1.0271704817921499,8.881196868728892,0.0028812259814486037,0.04848892505364723,t4-120HF.t0-UF,GutProgeHM,70,GutProgeHM-228
zgc:171772,29.951778605835333,-2.7580799314878535,0.8281753648980308,9.722435041321546,0.0018203218151139067,0.04235560511631949,t4-120HF.t0-UF,GutProgeHM,70,GutProgeHM-228
COX5B.1,6.9770641747841555,-19.84676865604272,251.3440766790051,13.251457674055874,2.72367989004797e-4,0.029997623493438492,t4-120HF.t0-UF,GutProgeHM,70,GutProgeHM-228
ctnnd2a,10.096900358091624,3.1438687564486547,1.0263579108042689,9.755270705243667,0.0017880931017919671,0.04235560511631949,t4-120HF.t0-UF,GutProgeHM,70,GutProgeHM-228
smyhc1,39.14834572486253,-3.4753284069443553,1.0011586751334403,9.914295793595898,0.0016399987559640322,0.04191107931908083,t4-120HF.t0-UF,GutProgeHM,70,GutProgeHM-228
rpl36,23.215022044112295,-3.249791120876927,0.9281787838599084,10.770495618880197,0.001031308901054588,0.035580157086383284,t4-120HF.t0-UF,GutProgeHM,70,GutProgeHM-228
cela1.6,52.65589617921913,-3.3574476091697907,0.8839297213479562,11.848010028635912,5.772299628414644e-4,0.035580157086383284,t4-120HF.t0-UF,GutProgeHM,70,GutProgeHM-228
celf5a,30.79949594955446,2.2463066302412282,0.7576958778914872,8.760303822083578,0.0030785775933209643,0.04926471498446933,t4-120HF.t0-UF,GutProgeHM,70,GutProgeHM-228
rpl32,29.656322416829347,-2.8624620122149542,0.812918972049764,11.019173031171192,9.017429114460175e-4,0.035580157086383284,t4-120HF.t0-UF,GutProgeHM,70,GutProgeHM-228
CU571064.1,3.6691732266853645,19.165884025231136,187.21570155247358,10.776937654566972,0.001027725727841823,0.035580157086383284,t4-120HF.t0-UF,GutProgeHM,70,GutProgeHM-228
cpa5,13.797699612422559,-3.7540777094336995,1.1596193845683633,10.114712675848345,0.0014709036287417466,0.04191107931908083,t4-120HF.t0-UF,GutProgeHM,70,GutProgeHM-228
tnni2a.4,32.81914953129025,-3.3394731420128556,0.9421771344210567,10.775376908562968,0.0010285926847836103,0.035580157086383284,t4-120HF.t0-UF,GutProgeHM,70,GutProgeHM-228
mt-nd1,97.70883956031737,-2.360448557009644,0.7174822118980019,9.232656247199415,0.0023773651231097323,0.04374351826521907,t4-120HF.t0-UF,GutProgeHM,70,GutProgeHM-228
mt-co1,341.2742880551818,-2.6482768465432214,0.7058161761160476,11.428806755601784,7.231411206708586e-4,0.035580157086383284,t4-120HF.t0-UF,GutProgeHM,70,GutProgeHM-228
mt-co2,894.9193839205893,-2.6197671365058834,0.6542154716126618,12.973446907781806,3.1593982861979853e-4,0.029997623493438492,t4-120HF.t0-UF,GutProgeHM,70,GutProgeHM-228
mt-atp6,294.1711339318714,-2.2777085163596316,0.6344637003790966,10.88402451480082,9.699725248961724e-4,0.035580157086383284,t4-120HF.t0-UF,GutProgeHM,70,GutProgeHM-228
mt-co3,837.934034140461,-2.3620673455385837,0.6366705706260518,11.436569908813723,7.201260490034668e-4,0.035580157086383284,t4-120HF.t0-UF,GutProgeHM,70,GutProgeHM-228
mt-nd3,40.04830088608885,-2.67545008553033,0.7668618369938357,10.497882142124666,0.0011951144909556047,0.03835483715159847,t4-120HF.t0-UF,GutProgeHM,70,GutProgeHM-228
mt-cyb,309.0037915951774,-2.276805469802969,0.680466059472431,9.43609390377005,0.0021275614818890777,0.04235560511631949,t4-120HF.t0-UF,GutProgeHM,70,GutProgeHM-228
tpma,14.785777601458069,-4.8231193850503695,1.5594351825288744,17.384377564276388,3.053252670992906e-5,0.0034349092548670193,t4-120HF.t0-UF,Hepatocyte,134,Hepatocyte-244
zgc:112160,8.138402170086744,-3.9039260434345335,1.4903522345332794,15.642673362686846,7.650841658421341e-5,0.006885757492579207,t4-120HF.t0-UF,Hepatocyte,134,Hepatocyte-244
zgc:136461,7.473088030067707,-3.759461085195829,1.5145579399744498,12.109265459799438,5.017189541675216e-4,0.025802689071472543,t4-120HF.t0-UF,Hepatocyte,134,Hepatocyte-244
ctrb1,20.738989794039714,-2.900524580255648,0.70193178340121,27.578160819137043,1.5087266509856886e-7,3.017453301971377e-5,t4-120HF.t0-UF,Hepatocyte,134,Hepatocyte-244
ela3l,7.823810656526657,-3.866005136527546,1.4923934528910139,15.237239839628781,9.481518544473346e-5,0.007757606081841828,t4-120HF.t0-UF,Hepatocyte,134,Hepatocyte-244
myhz1.2,25.88563316416862,-3.553578810413025,0.9131919365458799,17.475710214470546,2.9100195735543648e-5,0.0034349092548670193,t4-120HF.t0-UF,Hepatocyte,134,Hepatocyte-244
myhz1.1,94.46554365620167,-3.8303365710222206,0.674443988981582,29.16457388892369,6.648376127915827e-8,1.495884628781061e-5,t4-120HF.t0-UF,Hepatocyte,134,Hepatocyte-244
ckma,16.0968678094259,-3.8667249384424793,1.229957300315413,12.12016693616674,4.987943829523265e-4,0.025802689071472543,t4-120HF.t0-UF,Hepatocyte,134,Hepatocyte-244
ctsla,7.4148576187851525,-19.05104009245837,255.81493251007734,16.94367237585985,3.8505448962661615e-5,0.004077047537222995,t4-120HF.t0-UF,Hepatocyte,134,Hepatocyte-244
rps2,25.157008212756143,-1.5428793075645006,0.48624838128038833,11.91158154602456,5.578601677415089e-4,0.027139143295532863,t4-120HF.t0-UF,Hepatocyte,134,Hepatocyte-244
atp2a1,23.921511781933226,-4.5191575716453025,1.364049347639882,11.752569748274702,6.075929237758426e-4,0.0287807174420136,t4-120HF.t0-UF,Hepatocyte,134,Hepatocyte-244
mylpfa,58.05352230698282,-3.7720966683195214,0.6277906378949434,44.78896793972677,2.194556758572974e-11,1.3167340551437845e-8,t4-120HF.t0-UF,Hepatocyte,134,Hepatocyte-244
rpl23,25.823228776409394,-2.045328589250362,0.6003668176721866,12.987956791030008,3.1350088129740254e-4,0.018810052877844152,t4-120HF.t0-UF,Hepatocyte,134,Hepatocyte-244
pvalb1,61.09177294417838,-4.029827505736701,0.7255703019364211,33.49087323704579,7.159918247068559e-9,2.1479754741205677e-6,t4-120HF.t0-UF,Hepatocyte,134,Hepatocyte-244
atp5mc3b,8.713360840272557,-3.0113646731254486,1.100296787937443,12.851214998340083,3.3726019037591683e-4,0.019582849763762913,t4-120HF.t0-UF,Hepatocyte,134,Hepatocyte-244
krt4,19.54013665217491,-4.1904147925246145,1.08136717465784,29.229549256534916,6.429121712476885e-8,1.495884628781061e-5,t4-120HF.t0-UF,Hepatocyte,134,Hepatocyte-244
spsb4a,1.39145663687379,18.36555107753002,187.66542785406378,10.73333642431433,0.0010522255495249585,0.04509538069392679,t4-120HF.t0-UF,Hepatocyte,134,Hepatocyte-244
eef2b,17.615039858146325,-2.143112439226348,0.6784176403711466,12.224291082993059,4.71713138541457e-4,0.025729807556806747,t4-120HF.t0-UF,Hepatocyte,134,Hepatocyte-244
mylz3,19.53183761912875,-2.838032704152917,0.7090025493154063,25.440178516576566,4.563148044579019e-7,8.213666480242234e-5,t4-120HF.t0-UF,Hepatocyte,134,Hepatocyte-244
crygm2d8,4.531567835024723,-18.353204066953097,259.93710600946883,13.684953792713989,2.1617958415569066e-4,0.014944754447732685,t4-120HF.t0-UF,Hepatocyte,134,Hepatocyte-244
prss1,20.416433951844393,-4.296095402007486,1.0616044720875897,39.67736899154352,2.995769021849275e-10,1.3480960598321737e-7,t4-120HF.t0-UF,Hepatocyte,134,Hepatocyte-244
prss59.1,11.861754919205293,-3.44450804393995,1.0883397005762654,17.781599173565905,2.4776791378402606e-5,0.0031855874629374784,t4-120HF.t0-UF,Hepatocyte,134,Hepatocyte-244
prss59.2,21.31440432099782,-3.7689822987351937,0.946823352970347,24.03664741649014,9.451944942889007e-7,1.5466818997454738e-4,t4-120HF.t0-UF,Hepatocyte,134,Hepatocyte-244
hsp90ab1,27.10985265351578,-2.2544476355272827,0.6034549244761689,15.963423251987088,6.457821997297638e-5,0.0061179366290188145,t4-120HF.t0-UF,Hepatocyte,134,Hepatocyte-244
ela2l,12.046483040220592,-3.5112933620455786,1.097430293445237,18.43927124596686,1.7540557622490844e-5,0.0024286925938833475,t4-120HF.t0-UF,Hepatocyte,134,Hepatocyte-244
ela2,4.71237433481348,-18.386062898749977,259.7386290381145,12.00520884326803,5.305206594565201e-4,0.026526032972826005,t4-120HF.t0-UF,Hepatocyte,134,Hepatocyte-244
actc1b,89.15036542168168,-4.068856071438028,0.6548990509375204,38.5819003619161,5.250356474503568e-10,1.8901283308212845e-7,t4-120HF.t0-UF,Hepatocyte,134,Hepatocyte-244
slc25a5,31.459634258996537,-2.373291886074627,0.6408075521227914,14.58423301627748,1.3403131203993613e-4,0.01005234840299521,t4-120HF.t0-UF,Hepatocyte,134,Hepatocyte-244
ebf3a,7.677455447377741,3.208040322240034,0.727455557001135,22.35016767218052,2.2719321506535585e-6,3.407898225980338e-4,t4-120HF.t0-UF,Hepatocyte,134,Hepatocyte-244
pvalb2,50.447324137600354,-3.4111643983361732,0.5474705865573509,58.18851682309275,2.3816521460622835e-14,4.28697386291211e-11,t4-120HF.t0-UF,Hepatocyte,134,Hepatocyte-244
cyt1,12.375886548125786,-3.5768094496330844,1.185388240705503,13.273530804917662,2.6917975682007246e-4,0.017304412938433232,t4-120HF.t0-UF,Hepatocyte,134,Hepatocyte-244
eef1a1l1,47.404994028241,-1.8191312310788874,0.47230449981773737,15.413102685321014,8.638721921791851e-5,0.007404618790107301,t4-120HF.t0-UF,Hepatocyte,134,Hepatocyte-244
rpl11,18.165685282905205,-2.422122680592599,0.736655977493307,13.048983395230259,3.0344907368347286e-4,0.018810052877844152,t4-120HF.t0-UF,Hepatocyte,134,Hepatocyte-244
ckmb,9.450424393927843,-19.375540795767975,253.96345848079176,12.26444266548512,4.616710808475557e-4,0.025729807556806747,t4-120HF.t0-UF,Hepatocyte,134,Hepatocyte-244
ctrl,6.892762976799819,-18.906716406300422,256.65150602632684,16.546461377323972,4.747249054909113e-5,0.004747249054909113,t4-120HF.t0-UF,Hepatocyte,134,Hepatocyte-244
krt5,7.167437175366813,-18.975014789979113,256.25491158841663,10.948677223398857,9.367046220477232e-4,0.04112361755331468,t4-120HF.t0-UF,Hepatocyte,134,Hepatocyte-244
rpl17,15.363620571623798,-2.493539470129394,0.7595249441750604,14.696110078857373,1.263068129055899e-4,0.009884881010002688,t4-120HF.t0-UF,Hepatocyte,134,Hepatocyte-244
cela1.6,22.349090203746584,-5.444562514653811,1.476927798310757,45.8985549498626,1.2453778761460033e-11,1.120840088531403e-8,t4-120HF.t0-UF,Hepatocyte,134,Hepatocyte-244
cpa5,5.567055034501795,-18.599292982728844,258.46101232260713,14.115110882616143,1.7195683962316932e-4,0.012380892452868192,t4-120HF.t0-UF,Hepatocyte,134,Hepatocyte-244
acsbg1,4.227872928608392,5.444415052625213,1.816871157287606,11.173074796526553,8.299296923883365e-4,0.037346836157475145,t4-120HF.t0-UF,Hepatocyte,134,Hepatocyte-244
tnni2a.4,15.162353795321792,-2.447093887852222,0.8027368800684627,11.436505256674973,7.201511062357675e-4,0.03323774336472773,t4-120HF.t0-UF,Hepatocyte,134,Hepatocyte-244
mt-nd4,23.214583713559232,-3.9012688382499143,1.1145196434618192,13.616792765355697,2.2417131671599027e-4,0.014944754447732685,t4-120HF.t0-UF,Hepatocyte,134,Hepatocyte-244
slc38a4,219.10147362796357,1.7886627551178598,0.43542003443825605,16.166922225565415,5.799808992198846e-5,0.011682174661780969,t1-15HF.t0-UF,Hepatocyte,189,Hepatocyte-4
slc26a5,15.30591879050858,3.177777994656986,0.8159021352962905,16.16481986959434,5.8062498318990897e-05,0.011682174661780969,t1-15HF.t0-UF,Hepatocyte,189,Hepatocyte-4
si:dkey-85k7.7,9.335463975051624,19.734373390404546,187.0470929149494,28.68303199279858,8.524740504787424e-8,8.57588894781615e-5,t1-15HF.t0-UF,Hepatocyte,189,Hepatocyte-4
nupr1b,14.431687530380957,-2.6471096037590933,0.67639301977115,15.189200047126029,9.725807497459958e-5,0.013977374774921026,t1-15HF.t0-UF,Hepatocyte,189,Hepatocyte-4
pde6ha,48.59172361905715,-2.530476361434427,0.6485741166202169,14.284116831992606,1.571856270168171e-4,0.018603381268108003,t1-15HF.t0-UF,Hepatocyte,189,Hepatocyte-4
fkbp5,59.13149737014503,3.094473535988845,0.5554578315305284,28.814173734508948,7.96659639881806e-8,8.57588894781615e-5,t1-15HF.t0-UF,Hepatocyte,189,Hepatocyte-4
prelid3b,16.63370848651428,3.9312530599369713,0.9837118810319356,17.041582446154912,3.657012388767814e-5,0.011682174661780969,t1-15HF.t0-UF,Hepatocyte,189,Hepatocyte-4
cbln9,5.146057536670716,-4.822387998761704,1.3934110072533017,14.306350500355034,1.5533994197468187e-4,0.018603381268108003,t1-15HF.t0-UF,Hepatocyte,189,Hepatocyte-4
bzw1b,16.108268546224544,2.9882114210061226,0.7567448348047814,16.4200844700946,5.074469657400943e-5,0.011682174661780969,t1-15HF.t0-UF,Hepatocyte,189,Hepatocyte-4
sema5ba,7.279438228617271,4.031340013902191,1.3076737806388175,12.295662387379949,4.540122112712893e-4,0.0456736284538917,t1-15HF.t0-UF,Hepatocyte,189,Hepatocyte-4
nr1d2a,16.507307928053205,2.599630444306027,0.7326435940021817,13.046074979041286,3.0392066691275945e-4,0.03218359904360379,t1-15HF.t0-UF,Hepatocyte,189,Hepatocyte-4
slc25a25a,15.979794384213406,3.611152657405029,0.9052583008426087,17.19453528131386,3.37405543965835e-5,0.011682174661780969,t1-15HF.t0-UF,Hepatocyte,189,Hepatocyte-4
gch1,41.67892490650371,2.1337930693935245,0.5354754657205374,15.882480575101859,6.73997486820966e-5,0.012328026758943485,t1-15HF.t0-UF,Hepatocyte,189,Hepatocyte-4
lpin1,144.4042113445569,1.4653631115440253,0.36488912552050484,15.602790332742472,7.813919445627728e-5,0.01310133827050249,t1-15HF.t0-UF,Hepatocyte,189,Hepatocyte-4
odc1,4.222223273881276,18.659321548197624,189.41658702699124,14.126191743819177,1.709468977339344e-4,0.019108064346704222,t1-15HF.t0-UF,Hepatocyte,189,Hepatocyte-4
slc25a48,88.68306561872477,-1.5931232296334952,0.403731442881464,15.226196237413198,9.53712451939324e-5,0.013977374774921026,t1-15HF.t0-UF,Hepatocyte,189,Hepatocyte-4
glud1b,125.53035963461676,1.3351181992266123,0.34953023078596657,14.296052734312767,1.5619206225636696e-4,0.018603381268108003,t1-15HF.t0-UF,Hepatocyte,189,Hepatocyte-4
slc25a33,29.154636542035124,3.0797447856530407,0.7297904074051227,17.83970412201245,2.4031602183076194e-5,0.011682174661780969,t1-15HF.t0-UF,Hepatocyte,189,Hepatocyte-4
errfi1a,27.761468187951944,2.650729683247126,0.596706347152356,20.118211002727314,7.280018972224983e-6,0.004882466057372222,t1-15HF.t0-UF,Hepatocyte,189,Hepatocyte-4
midn,6.975465129032263,5.060765853031154,1.639806899325422,16.72350798966546,4.324185284092628e-5,0.011682174661780969,t1-15HF.t0-UF,Hepatocyte,189,Hepatocyte-4
hsp90aa1.2,14.216442596308585,5.204787781568463,1.1417751110688428,24.80658369879939,6.33806195171171e-7,0.009051386273239492,t2-30HF.t0-UF,Hepatocyte,189,Hepatocyte-4
hsp90aa1.2,15.987174159764772,5.564257236961162,1.1974757008584074,21.741836607554596,3.119142877311341e-6,0.0213973201383558,t3-60HF.t0-UF,Hepatocyte,189,Hepatocyte-4
slc25a48,34.78016447398508,-3.4766103304320746,0.5889943712479045,36.71475299191908,1.3674069382021167e-9,1.876082319213304e-5,t3-60HF.t0-UF,Hepatocyte,189,Hepatocyte-4
hsp90b1,15.190144849359625,4.272177084120314,1.178502119982712,13.529058915499483,2.348978068041638e-4,0.04405537896329991,t4-120HF.t0-UF,Hepatocyte,189,Hepatocyte-4
pah,69.44612185246919,-2.835273656196268,0.7212386765772071,12.746496864836928,3.5667657641600894e-4,0.046082284780929655,t4-120HF.t0-UF,Hepatocyte,189,Hepatocyte-4
snd1,56.01173470330927,2.239193431415437,0.5580364274067958,16.26049661844732,5.520291768513174e-5,0.021926598904534328,t4-120HF.t0-UF,Hepatocyte,189,Hepatocyte-4
stim2b,4.243788161282403,19.01176723339888,188.44363908436648,12.710201336778793,3.6366627202512173e-4,0.046082284780929655,t4-120HF.t0-UF,Hepatocyte,189,Hepatocyte-4
hspa5,14.819407824934208,4.505138251996043,1.2081255578055619,15.211692561633157,9.610651238247457e-5,0.02726679051308493,t4-120HF.t0-UF,Hepatocyte,189,Hepatocyte-4
hpxa,4.997315567217453,19.238436710027266,187.9442034595134,14.531322449805815,1.3784845345446802e-4,0.03422087857007169,t4-120HF.t0-UF,Hepatocyte,189,Hepatocyte-4
tfcp2l1,9.90995172884804,4.568036790891547,1.3363159237519082,13.144408017374722,2.883786135563438e-4,0.04405537896329991,t4-120HF.t0-UF,Hepatocyte,189,Hepatocyte-4
pdia6,11.758028038605797,20.426316825590554,185.3884206793157,23.12899733098355,1.51488831649895e-6,0.0030085681965669143,t4-120HF.t0-UF,Hepatocyte,189,Hepatocyte-4
BX088686.1,21.003179994653813,2.544317584751714,0.7150279900434566,13.223118248068822,2.7651719782974526e-4,0.04405537896329991,t4-120HF.t0-UF,Hepatocyte,189,Hepatocyte-4
hsp90aa1.2,13.35530841058715,4.63709412845973,1.2310152774820249,15.888490053727363,6.718607182084204e-5,0.022238589772698717,t4-120HF.t0-UF,Hepatocyte,189,Hepatocyte-4
p4ha1b,7.336917290519541,5.482689509362868,1.8055486517363226,13.145420373060563,2.882228440405793e-4,0.04405537896329991,t4-120HF.t0-UF,Hepatocyte,189,Hepatocyte-4
lpin1,48.281431068016595,-2.5631734522326655,0.6708630781544798,12.558251547852322,3.944606451539799e-4,0.046082284780929655,t4-120HF.t0-UF,Hepatocyte,189,Hepatocyte-4
mgat4b,27.370782235991648,2.5155254147415502,0.6936968798703989,13.671264301042108,2.1776127536608585e-4,0.04405537896329991,t4-120HF.t0-UF,Hepatocyte,189,Hepatocyte-4
rnf130,22.62838027082209,2.934829931405075,0.7324559807486113,16.70672249304898,4.3626134676980375e-5,0.021660375867120756,t4-120HF.t0-UF,Hepatocyte,189,Hepatocyte-4
aplp1,11.810031347124916,3.3146552271453342,0.9632003725006184,12.661784905237809,3.7320575147010954e-4,0.046082284780929655,t4-120HF.t0-UF,Hepatocyte,189,Hepatocyte-4
si:dkey-22f5.9,21.271915200610856,3.73885200721392,0.8739739992302572,18.90964605784376,1.3705789399036893e-5,0.009073232582162423,t4-120HF.t0-UF,Hepatocyte,189,Hepatocyte-4
hyou1,8.12880238054151,19.91366315607248,186.47907089375272,19.14030402814739,1.2145290038870211e-5,0.009073232582162423,t4-120HF.t0-UF,Hepatocyte,189,Hepatocyte-4
cfd,34.204970830043074,-2.4630469850686403,0.46796063883023603,27.971916781758623,1.2308889302335678e-7,0.0018018983049689198,t3-60HF.t0-UF,HepatStell,208,HepatStell-46
rbp4,99.21316755840618,-2.5257752503154793,0.4845309943901326,25.56195906171586,4.2840256256890515e-7,0.0031356925567231015,t3-60HF.t0-UF,HepatStell,208,HepatStell-46
p4ha1b,5.970731295022783,20.154620595018102,184.453814962422,22.195283786033848,2.462780143348874e-6,0.03321059023305956,t4-120HF.t0-UF,HepatStell,208,HepatStell-46
slc12a10.1,15.937558432495523,-3.6622164634875296,0.7650377741932306,23.157466769109362,1.4926248916203653e-6,0.027543407125070602,t1-15HF.t0-UF,Ileocyte,145,Ileocyte-15
mylpfa,112.75455674877459,-2.3267155465199703,0.47541477721281394,22.545953896141313,2.0517621240424438e-6,0.03349091315074481,t1-15HF.t0-UF,IntestGobl,128,IntestGobl-20
si:dkey-1h24.2,84.87743676312977,2.6770125304534904,0.5375182147021283,25.37822661705942,4.7120669216926324e-7,0.00738710731313754,t4-120HF.t0-UF,IntestGobl,128,IntestGobl-20
adgrg11,27.470261282652846,-3.6514085794899076,0.7529522232040327,25.156748411411193,5.285437393442696e-7,0.006890096186091899,t1-15HF.t0-UF,IntestTuft,225,IntestTuft-69
si:ch73-106l15.4,3.0851436573759723,19.192014687712938,186.42989868828178,20.81027828864852,5.071008635989843e-6,0.03554016402533482,t3-60HF.t0-UF,IntestTuft,225,IntestTuft-69
LO018107.1,3.0851436573759723,19.192014687712938,186.42989868828178,20.81027828864852,5.071008635989843e-6,0.03554016402533482,t3-60HF.t0-UF,IntestTuft,225,IntestTuft-69
si:dkey-28k24.2.1,6.800288841002701,4.002905202039388,0.8591225479494276,31.23873944801035,2.281671269041071e-8,1.574353175638339e-5,t4-120HF.t0-UF,IntestTuft,225,IntestTuft-69
rps13,9.092275840587103,-2.393683635804586,0.8519768969614488,10.606572654317397,0.001126863717696041,0.0417255793373438,t4-120HF.t0-UF,IntestTuft,225,IntestTuft-69
zgc:136461,5.215001138251277,-3.637854146621943,1.503758717268754,12.508458657045033,4.0511368310256255e-4,0.022362275307261453,t4-120HF.t0-UF,IntestTuft,225,IntestTuft-69
ctrb1,10.21036791006641,-2.1876021400392274,0.7157195169277811,13.522118524539152,2.3576811263552195e-4,0.020055162249388792,t4-120HF.t0-UF,IntestTuft,225,IntestTuft-69
ela3l,6.0011549794571275,-3.8044450524607014,1.4949859603490077,13.576788960024661,2.2899963579410554e-4,0.020055162249388792,t4-120HF.t0-UF,IntestTuft,225,IntestTuft-69
ubash3ba,2.933216986232053,-18.12267566386911,261.34290920213346,11.000372512868553,9.109357759363185e-4,0.03603330045622008,t4-120HF.t0-UF,IntestTuft,225,IntestTuft-69
rps2,14.441740759038428,-2.0712392283359855,0.6490505688871596,12.62645842385503,3.803250405236466e-4,0.022362275307261453,t4-120HF.t0-UF,IntestTuft,225,IntestTuft-69
rps15a,8.53593656940113,-3.380373756442844,1.0875047818929382,18.298856400404006,1.8882048573751558e-5,0.006514306757944287,t4-120HF.t0-UF,IntestTuft,225,IntestTuft-69
mylpfa,29.42479588471368,-1.5059205430284437,0.43627029006777907,13.190998639998071,2.8129696129415154e-4,0.020946297258136657,t4-120HF.t0-UF,IntestTuft,225,IntestTuft-69
foxp1b,7.686912920154677,2.16365643381232,0.7014802805046911,10.109333273909645,0.0014752032213575551,0.04847096298746252,t4-120HF.t0-UF,IntestTuft,225,IntestTuft-69
rps28,5.209619610669501,-3.636271005733737,1.5007895791134545,12.685960003728606,3.684113949436545e-4,0.022362275307261453,t4-120HF.t0-UF,IntestTuft,225,IntestTuft-69
myo10,2.1212941422437286,4.354770012036879,1.6987109746472866,10.233607278874262,0.00137904699428015,0.04641670370991724,t4-120HF.t0-UF,IntestTuft,225,IntestTuft-69
rps3a,9.771081710546973,-2.1655445432244025,0.7593972973441698,10.942171929179906,9.399991423361759e-4,0.03603330045622008,t4-120HF.t0-UF,IntestTuft,225,IntestTuft-69
tpt1,3.361927497715633,-18.270962937639645,260.4360509431927,12.195811235080381,4.789694248958725e-4,0.02542222332139631,t4-120HF.t0-UF,IntestTuft,225,IntestTuft-69
dachd,2.590105685464483,4.615826633429314,1.6385616500614204,12.890174668254353,3.303116029890064e-4,0.022362275307261453,t4-120HF.t0-UF,IntestTuft,225,IntestTuft-69
gapdh,5.980869338338206,-19.03373909818659,255.9149010726751,13.675713270252615,2.1724596421948878e-4,0.020055162249388792,t4-120HF.t0-UF,IntestTuft,225,IntestTuft-69
rps19,9.064810650974216,-2.800381501453762,0.9168418048564266,14.365719081128354,1.505177975784172e-4,0.018883141878019614,t4-120HF.t0-UF,IntestTuft,225,IntestTuft-69
prss59.1,6.983118652820837,-3.0483464644179428,1.1013705836679348,13.144327221082452,2.883910492062293e-4,0.020946297258136657,t4-120HF.t0-UF,IntestTuft,225,IntestTuft-69
prss59.2,16.30922596840998,-1.9724595095568496,0.5437007268537688,17.86237338630403,2.3747015523029383e-5,0.00655417628435611,t4-120HF.t0-UF,IntestTuft,225,IntestTuft-69
rps29,9.514202288028839,-2.839862232110452,0.8891534991386252,16.980055705589393,3.777454469372103e-5,0.007601558476708888,t4-120HF.t0-UF,IntestTuft,225,IntestTuft-69
rpl10a,9.501217065245733,-2.1417426567979314,0.7649749708233928,10.570662807058941,0.0011489652281297567,0.0417255793373438,t4-120HF.t0-UF,IntestTuft,225,IntestTuft-69
rpl39,14.028709432462017,-2.490518154772228,0.7482052597133181,13.899989073767866,1.9279958907295508e-4,0.020055162249388792,t4-120HF.t0-UF,IntestTuft,225,IntestTuft-69
pcnx1,2.7163226319925133,-18.00373326389162,262.0771048585379,10.287136468999115,0.0013396082023892308,0.04621648298242846,t4-120HF.t0-UF,IntestTuft,225,IntestTuft-69
abcc3,32.493266129766944,-1.3910707573160204,0.4310972045489905,11.174265455799684,8.293972556551167e-4,0.03576775665012691,t4-120HF.t0-UF,IntestTuft,225,IntestTuft-69
atp2a1l,5.34602752777864,-18.88315174382918,256.7890227023098,12.694761215456126,3.666814225528608e-4,0.022362275307261453,t4-120HF.t0-UF,IntestTuft,225,IntestTuft-69
rplp1,14.974570022140487,-2.3433389273898757,0.7063326755762173,13.434366891300584,2.4705634655044166e-4,0.020055162249388792,t4-120HF.t0-UF,IntestTuft,225,IntestTuft-69
CR936442.1,6.031594764078149,4.258191954753829,1.1552811986352292,16.915905328027197,3.907281195029241e-5,0.007601558476708888,t4-120HF.t0-UF,IntestTuft,225,IntestTuft-69
rpl14,7.724442699673593,-3.2132650430562455,1.1609199394470022,11.602908262811859,6.584876562091853e-4,0.031334929847195714,t4-120HF.t0-UF,IntestTuft,225,IntestTuft-69
ckmb,5.7575403544364026,-3.8005649900847063,1.5752041838667787,10.363120593613385,0.00128557708649805,0.045489650753007926,t4-120HF.t0-UF,IntestTuft,225,IntestTuft-69
msi2b,8.788548886369526,2.8848496922629505,0.6252072732760421,24.675618336803698,6.78369708352246e-7,3.120500658420332e-4,t4-120HF.t0-UF,IntestTuft,225,IntestTuft-69
aplp1,3.4112823614120087,3.376485932145964,1.0730216271873025,12.515090739220977,4.036781824759465e-4,0.022362275307261453,t4-120HF.t0-UF,IntestTuft,225,IntestTuft-69
rps21,6.524528510593849,-19.150747842751077,255.24192808338523,11.919311824264344,5.555499975438047e-4,0.02839477765223891,t4-120HF.t0-UF,IntestTuft,225,IntestTuft-69
si:dkey-151g10.6,17.047120814522902,-5.364307597575076,1.4706293936882926,42.12822682786248,8.548039881636251e-11,1.1796295036658026e-7,t4-120HF.t0-UF,IntestTuft,225,IntestTuft-69
rpl37.1,9.782432469952855,-3.579778776150382,1.1736369851559287,14.089450300229128,1.7431875331385213e-4,0.020046656631092993,t4-120HF.t0-UF,IntestTuft,225,IntestTuft-69
gstt1b,4.6735150241466386,-18.694131548134987,257.8987160098028,15.585051912103973,7.887569322439551e-5,0.01088484566496658,t4-120HF.t0-UF,IntestTuft,225,IntestTuft-69
gfi1b,2.117011820535742,4.457163830711013,1.6890551299193604,10.972454859384964,9.247617532438899e-4,0.03603330045622008,t4-120HF.t0-UF,IntestTuft,225,IntestTuft-69
rpl17,10.253046886748306,-3.631620230200881,1.1380252523247438,16.687647303971087,4.406700566208051e-5,0.007601558476708888,t4-120HF.t0-UF,IntestTuft,225,IntestTuft-69
rps14,8.105680411135827,-3.2212818989453678,1.0753925809062868,16.376419718569547,5.1927239336468625e-5,0.007962176698258524,t4-120HF.t0-UF,IntestTuft,225,IntestTuft-69
zgc:171772,7.360377373161361,-2.5047341150574787,0.9248277219083594,11.076421039833324,8.74323897230376e-4,0.03603330045622008,t4-120HF.t0-UF,IntestTuft,225,IntestTuft-69
rps25,7.830103760803455,-2.4809892467989356,0.8999661900764522,11.262386195318996,7.909347208828339e-4,0.03546653844800149,t4-120HF.t0-UF,IntestTuft,225,IntestTuft-69
cela1.6,10.078968276566732,-3.031855290575999,1.0197476036864659,11.700756733287722,6.247468530940438e-4,0.03079109490249216,t4-120HF.t0-UF,IntestTuft,225,IntestTuft-69
rpl32,9.242791995945874,-2.71671819708699,0.9397666550337391,11.24887686743346,7.967120955710479e-4,0.03546653844800149,t4-120HF.t0-UF,IntestTuft,225,IntestTuft-69
myhz1.2,30.859463853778017,3.352186751331948,0.6187389142638774,29.877432778632382,4.602386301269642e-8,2.987639067469188e-4,t5-240HF.t0-UF,IntestTuft,225,IntestTuft-69
myhz1.1,78.54214638835086,2.3772358814204337,0.4135705221560835,33.62336312628223,6.6884535284491185e-9,8.68361921598549e-5,t5-240HF.t0-UF,IntestTuft,225,IntestTuft-69
apoa1b,105.70575953465782,2.3612162845860243,0.486840069918151,22.102612409907692,2.584577749301238e-6,0.04349068978749193,t1-15HF.t0-UF,LiverEndot,132,LiverEndot-43
rpl36a,31.438564436278366,-2.3387101296174366,0.6200188696612663,13.607049155425273,2.253378030758904e-4,0.03425374891139654,t4-120HF.t0-UF,LiverEndot,132,LiverEndot-43
myhz2,33.822607347761846,-3.2109145132266375,0.6855821434797319,21.360724848903715,3.8048628377747264e-6,0.0017502369053763742,t4-120HF.t0-UF,LiverEndot,132,LiverEndot-43
myhz1.1,78.72233702884654,-2.5195813484760388,0.4622538532698383,27.203015610077145,1.8317274669630298e-7,1.2638919522044907e-4,t4-120HF.t0-UF,LiverEndot,132,LiverEndot-43
atp2a1,30.259551100849315,-2.2624718959750623,0.6062198982963652,13.425585218867283,2.482155718217141e-4,0.03425374891139654,t4-120HF.t0-UF,LiverEndot,132,LiverEndot-43
mylpfa,71.33723775632124,-2.080458450100525,0.5294761639378663,13.96799368570587,1.8594932793499037e-4,0.03425374891139654,t4-120HF.t0-UF,LiverEndot,132,LiverEndot-43
prss59.2,27.81878243693481,-2.647187340870732,0.6350080059154877,17.27627272609465,3.2319750959819286e-5,0.011150314081137654,t4-120HF.t0-UF,LiverEndot,132,LiverEndot-43
actc1b,123.32003967308795,-1.856468831088932,0.46017938916400686,14.692774608067893,1.2653049596727742e-4,0.029102014072473807,t4-120HF.t0-UF,LiverEndot,132,LiverEndot-43
p4ha1b,8.030212865731098,20.33803798947804,184.5744294035064,27.585048745653154,1.5033635045273665e-7,1.2638919522044907e-4,t4-120HF.t0-UF,LiverEndot,132,LiverEndot-43
cyt1,18.05821644226963,-2.9555911067978826,0.8088456345828982,13.714762755936754,2.1277536786982893e-4,0.03425374891139654,t4-120HF.t0-UF,LiverEndot,132,LiverEndot-43
si:dkey-151g10.6,55.632539201743185,-1.8327507310051,0.5007895651493872,12.546586548021438,3.969307116780952e-4,0.049796762010524666,t4-120HF.t0-UF,LiverEndot,132,LiverEndot-43
cela1.6,32.05443307008064,-2.4257367254849016,0.611796465974943,15.078948624202859,1.031067410525866e-4,0.028457460530513904,t4-120HF.t0-UF,LiverEndot,132,LiverEndot-43
cfd,23.91248700911135,3.858910717133023,0.741707915829531,29.10624815093905,6.851566028267026e-8,0.001094195094714244,t5-240HF.t0-UF,LiverEndot,132,LiverEndot-43
dusp2,9.130245206750173,3.988487418085944,0.9246206464373795,22.345280694784087,2.2777209329256845e-6,0.03678291534581688,t1-15HF.t0-UF,PancreaABD,202,PancreaABD-97
anxa4,73.78904033256435,2.813023699943301,0.5669707154624581,24.316391014514608,8.174053525739461e-7,0.006748498590850499,t4-120HF.t0-UF,Pharynx,234,Pharynx-264
hsp90aa1.2,22.483540565168536,3.263531063624415,0.6672708188031724,23.09676833562228,1.5404939879796675e-6,0.027169692465997396,t3-60HF.t0-UF,PharynxClo,123,PharynxClo-67
rps16,16.29955157763128,-3.2144122079957125,0.9649945382520966,11.60346722452735,6.582897755874727e-4,0.03132670478886467,t4-120HF.t0-UF,PharynxClo,123,PharynxClo-67
rps13,26.334135699885802,-2.454408362422442,0.693795502258406,12.307948037661248,4.510335471229095e-4,0.025438292057732095,t4-120HF.t0-UF,PharynxClo,123,PharynxClo-67
rpl13,26.123746011637824,-2.279270391420012,0.6940188240465469,10.439524197095814,0.0012334704084380368,0.04370425723243223,t4-120HF.t0-UF,PharynxClo,123,PharynxClo-67
rplp0,30.480743420101813,-2.7041675681553072,0.7328649730348774,12.771513771712684,0.00035193791374803533,0.024639468417709816,t4-120HF.t0-UF,PharynxClo,123,PharynxClo-67
rpl36a,25.090089041791988,-3.0150281072365166,0.793667117164198,14.668668549322256,1.2815899465461588e-4,0.014094155411332807,t4-120HF.t0-UF,PharynxClo,123,PharynxClo-67
myhz1.2,40.10743455740249,-3.4819957037769633,0.7511319236922284,20.402086616558805,6.276132593639739e-6,0.004472166195358056,t4-120HF.t0-UF,PharynxClo,123,PharynxClo-67
myhz1.1,150.01661636076057,-3.3491456423061536,0.5740524312156164,27.842134749855518,1.3162807284703868e-7,2.2271469925718945e-4,t4-120HF.t0-UF,PharynxClo,123,PharynxClo-67
ckma,24.598982080271426,-3.4810925425745554,0.8677992198134652,16.492455108058856,4.88440558858393e-5,0.011623116567994854,t4-120HF.t0-UF,PharynxClo,123,PharynxClo-67
traf2b,5.245796686872756,-18.975965122274303,256.24944976573755,10.27743763952688,0.001346668366288886,0.04467770344629011,t4-120HF.t0-UF,PharynxClo,123,PharynxClo-67
rps15a,25.27332690831219,-2.6058680624890718,0.7473914094202745,11.693315534709853,6.272502875161557e-4,0.03132670478886467,t4-120HF.t0-UF,PharynxClo,123,PharynxClo-67
rpl27,15.377614176645068,-3.70965017825456,1.058928633280788,14.669242957824771,1.2811994582168093e-4,0.014094155411332807,t4-120HF.t0-UF,PharynxClo,123,PharynxClo-67
mylpfa,123.86320259322076,-2.9603925105553013,0.6554770103183051,16.683116913345927,4.4172369857028606e-5,0.011623116567994854,t4-120HF.t0-UF,PharynxClo,123,PharynxClo-67
rps11,17.33228133664062,-3.085578017929634,0.8930668668513646,12.830234797548261,3.410629536374982e-4,0.024639468417709816,t4-120HF.t0-UF,PharynxClo,123,PharynxClo-67
pvalb1,79.81705721175427,-2.117357550441318,0.5469418276553731,13.37792136184504,2.546037448611603e-4,0.022251058719471348,t4-120HF.t0-UF,PharynxClo,123,PharynxClo-67
rps28,21.489953138530634,-3.430816510524635,0.888576207181412,16.045908114948098,6.18250881276322e-5,0.011623116567994854,t4-120HF.t0-UF,PharynxClo,123,PharynxClo-67
uba52,19.281070534340618,-2.8316863471697964,0.860515903413008,10.706027819241186,0.001067870468698849,0.040151929623076725,t4-120HF.t0-UF,PharynxClo,123,PharynxClo-67
eef2b,20.386266545001135,-3.154159280755078,0.8918058742786232,12.515286299994841,4.036359317224794e-4,0.024639468417709816,t4-120HF.t0-UF,PharynxClo,123,PharynxClo-67
rpl24,18.505435513130944,-3.416331075511553,0.9615143072123995,13.21988369249959,2.7699480616798954e-4,0.022251058719471348,t4-120HF.t0-UF,PharynxClo,123,PharynxClo-67
gapdh,10.787755785148192,-4.736175564429058,1.5997960478209619,13.14366677100891,2.8849272174139294e-4,0.022251058719471348,t4-120HF.t0-UF,PharynxClo,123,PharynxClo-67
rps19,24.73464660472626,-2.3703896834929297,0.7287284789832051,10.282384913829695,0.0013430623545375763,0.04467770344629011,t4-120HF.t0-UF,PharynxClo,123,PharynxClo-67
kcnn4,16.757837621869218,-3.8656484647416374,1.07909927099903,14.990325607425476,1.0806376343834282e-4,0.014094155411332807,t4-120HF.t0-UF,PharynxClo,123,PharynxClo-67
rps9,20.556688519286777,-3.364731766495439,0.8873869408847512,15.525001124442582,8.142123904016123e-5,0.012524066950541164,t4-120HF.t0-UF,PharynxClo,123,PharynxClo-67
rps29,32.321802757536666,-2.374115160362348,0.6705733683942632,11.914984156583664,5.568421153110271e-4,0.030113784803783124,t4-120HF.t0-UF,PharynxClo,123,PharynxClo-67
rpl6,16.064855165273407,-3.261334833018636,0.9604669430028729,12.585272213055667,3.887984020195972e-4,0.024639468417709816,t4-120HF.t0-UF,PharynxClo,123,PharynxClo-67
aldob,18.39545891863905,-2.936486482996115,0.8745758050191011,11.674349363696589,6.336769727468253e-4,0.03132670478886467,t4-120HF.t0-UF,PharynxClo,123,PharynxClo-67
slc25a5,36.98273521203402,-2.198433895218974,0.6551748872245678,10.430015410395427,0.0012398370846080065,0.04370425723243223,t4-120HF.t0-UF,PharynxClo,123,PharynxClo-67
rpl39,37.692005103309334,-2.662301028858216,0.6476135197911709,16.207501796014043,5.676886455998022e-5,0.011623116567994854,t4-120HF.t0-UF,PharynxClo,123,PharynxClo-67
rps24,29.00228003912912,-2.2761063836678015,0.689239007079403,10.342850453491238,0.0012997713884993361,0.04467770344629011,t4-120HF.t0-UF,PharynxClo,123,PharynxClo-67
rpl35a,19.207611765478973,-3.0797901738209275,0.8950852324146359,11.873026576795233,5.695278449888061e-4,0.030113784803783124,t4-120HF.t0-UF,PharynxClo,123,PharynxClo-67
pvalb2,75.83659326085129,-2.6600444934709784,0.6087252405944992,16.53230337401157,4.782826291182755e-5,0.011623116567994854,t4-120HF.t0-UF,PharynxClo,123,PharynxClo-67
rpl38,24.902962925170726,-2.6720115366760866,0.7339348717272604,13.473169828694886,2.419991253128554e-4,0.022251058719471348,t4-120HF.t0-UF,PharynxClo,123,PharynxClo-67
rplp1,35.49983520669382,-2.3867999819816337,0.6591467333782951,12.46478061115161,4.146972240206057e-4,0.024639468417709816,t4-120HF.t0-UF,PharynxClo,123,PharynxClo-67
rps27.1,21.039388140193367,-2.5964187393728544,0.789313779009319,10.709363549453897,0.0010659469054957805,0.040151929623076725,t4-120HF.t0-UF,PharynxClo,123,PharynxClo-67
eef1a1l1,55.61617405360536,-2.40969352071936,0.5806957180284382,15.75363404268429,7.214920855900229e-5,0.012207646088183187,t4-120HF.t0-UF,PharynxClo,123,PharynxClo-67
rpl14,17.211536789239105,-3.29406645722358,1.002841956923844,10.873462226324989,9.755199344090949e-4,0.040151929623076725,t4-120HF.t0-UF,PharynxClo,123,PharynxClo-67
si:dkey-151g10.6,52.86777925704106,-2.9455221438259462,0.6400439107446207,19.405088817880483,1.0572496915740084e-5,0.004472166195358056,t4-120HF.t0-UF,PharynxClo,123,PharynxClo-67
rps12,29.671321519311114,-2.1842578044156737,0.6544710562857694,10.789330549094636,0.0010208679511555913,0.040151929623076725,t4-120HF.t0-UF,PharynxClo,123,PharynxClo-67
rpl37.1,30.957853940306823,-2.449438376989401,0.7039921087130269,11.31637324483765,7.682662204376194e-4,0.0351326066210933,t4-120HF.t0-UF,PharynxClo,123,PharynxClo-67
rpl35,17.987316241245765,-2.8264807185822005,0.8724276710111064,10.63156366866567,0.0011117367170512006,0.04089257663588329,t4-120HF.t0-UF,PharynxClo,123,PharynxClo-67
rps14,27.193483871463716,-3.536051144721042,0.825941582445238,19.557410048382287,9.762134857351502e-6,0.004472166195358056,t4-120HF.t0-UF,PharynxClo,123,PharynxClo-67
rps15,17.751964653250255,-3.4413607672062057,0.9482607160651008,14.636796539933844,1.303445662698335e-4,0.014094155411332807,t4-120HF.t0-UF,PharynxClo,123,PharynxClo-67
rpl22,18.280799053668968,-2.830174904132682,0.8439727797552895,11.580345309570923,6.665256338056313e-4,0.03132670478886467,t4-120HF.t0-UF,PharynxClo,123,PharynxClo-67
rps23,17.078185267531303,-3.0656579037572276,0.8991899367248869,12.43081454431167,4.2230767382599567e-4,0.024639468417709816,t4-120HF.t0-UF,PharynxClo,123,PharynxClo-67
zgc:171772,27.479833938227504,-2.9261722023912036,0.7654459056038138,14.480633626871935,1.4160794444010503e-4,0.014094155411332807,t4-120HF.t0-UF,PharynxClo,123,PharynxClo-67
rps25,22.3310731220392,-2.801544893781352,0.8346236088148318,10.810310473152207,0.0010093637387081386,0.040151929623076725,t4-120HF.t0-UF,PharynxClo,123,PharynxClo-67
rpl21,22.2301871458395,-2.8614491220596556,0.7922754899705187,13.13832512890253,2.893163663288237e-4,0.022251058719471348,t4-120HF.t0-UF,PharynxClo,123,PharynxClo-67
myhz1.1.1,12.173509716833768,-5.087185794381442,1.6748233524440868,14.48484214108796,1.4129191535897564e-4,0.014094155411332807,t4-120HF.t0-UF,PharynxClo,123,PharynxClo-67
rpl36,18.749755904880843,-3.1398930272774628,0.8979921327560451,12.660838272651475,3.7339476082253896e-4,0.024639468417709816,t4-120HF.t0-UF,PharynxClo,123,PharynxClo-67
cela1.6,25.7157742980597,-2.4345054962715342,0.7290295214669569,10.809649253586166,0.0010097243057441785,0.040151929623076725,t4-120HF.t0-UF,PharynxClo,123,PharynxClo-67
RPS17,22.02982532926544,-2.751703921732888,0.8208378486175515,11.105113583804574,8.609001647116899e-4,0.038332712597162616,t4-120HF.t0-UF,PharynxClo,123,PharynxClo-67
mt-co1,207.1285713873461,-1.7406631371564267,0.4960781404300205,10.992301966056367,9.149110315994963e-4,0.03969306321708584,t4-120HF.t0-UF,PharynxClo,123,PharynxClo-67
