gene,baseMean,log2FoldChange,lfcSE,stat,pvalue,padj,time
slc38a4,491.80052134429536,1.9024975610828585,0.4248318462389824,18.858179747263222,1.4080599145332887e-5,0.003577752237382311,t1-15HF.t0-UF
slc26a3.2,162.80968915879942,1.8345846504471934,0.500123644464871,12.742431032527122,3.57452776429656e-4,0.030004904415540084,t1-15HF.t0-UF
BX005417.1,215.46213434279264,1.9003427576043788,0.5193759794532774,12.62516249386303,3.805887963592213e-4,0.030508902254389056,t1-15HF.t0-UF
TESK1,125.4172927941226,1.8115320629495009,0.3764860775480442,22.215815164021798,2.436584703790951e-6,9.728934638708154e-4,t1-15HF.t0-UF
sb:cb1058,168.89208156337506,2.586204790179914,0.3802214232382752,42.85091380754178,5.90744833535483e-11,1.6511318097316748e-7,t1-15HF.t0-UF
zanl,604.1889018453228,1.5526440990915267,0.33764342228322247,20.270484029655194,6.722977745920049e-6,0.0019272536204970809,t1-15HF.t0-UF
zgc:172079.2,81.10879896009213,1.5539294554014822,0.427156585419196,12.921511483328366,3.2482746056048057e-4,0.028595047315481677,t1-15HF.t0-UF
zgc:112160,486.00414335218414,-1.602455925825905,0.4427657267997198,12.52733218865221,4.0104200885442875e-4,0.03128719085083339,t1-15HF.t0-UF
zgc:136461,408.743394941004,-1.7439091177956851,0.3873140781799957,19.265539435841134,1.1374082993890318e-5,0.0031015182407730184,t1-15HF.t0-UF
ctrb1,1424.2647978374089,-1.7065386430422993,0.46963703196442164,12.518308773105304,4.0298349575313135e-4,0.03128719085083339,t1-15HF.t0-UF
cebpa,58.71830601235492,2.227966082748901,0.5001217416821099,18.984002610266103,1.3181901545905195e-5,0.003428532246438818,t1-15HF.t0-UF
c6ast4,467.6894009424017,-2.4533968943242184,0.5503474634811868,17.98341247833936,2.228383063418728e-5,0.004529695027094796,t1-15HF.t0-UF
c6ast3,51.053025435620675,-2.6238851704897104,0.6735282627197596,14.114379419832204,1.7202371832219558e-4,0.017807640470760618,t1-15HF.t0-UF
tnni2b.1,55.92571043043944,-2.255105160795841,0.6224219745960751,12.43298245306785,4.2181774848473524e-4,0.03208110495278463,t1-15HF.t0-UF
cyp2x12,23.27884887920556,3.577135134946967,0.8495068641916563,16.84187169263545,4.062695554609084e-5,0.007325957467827348,t1-15HF.t0-UF
CR382383.2,17.80406866140164,-2.5777400137820963,0.7135398760327093,12.706685906051582,3.64350560181814e-4,0.030004904415540084,t1-15HF.t0-UF
gcshb,55.794919002607415,1.483103854358599,0.41691630824628373,12.404290018465105,4.2834863767068915e-4,0.03235768762944801,t1-15HF.t0-UF
ela3l,770.4501910287337,-1.9007575702750485,0.4710168639652538,15.27723155867102,9.282870702670963e-5,0.012454102843682218,t1-15HF.t0-UF
myhz2,1848.8640352399102,-1.4379420379024064,0.359808079910671,15.3701441000661,8.837367456738175e-5,0.012430823484138567,t1-15HF.t0-UF
myhz1.3,653.9231844698311,-1.5437323010786967,0.4395714770898852,11.823418700063655,5.849036724124519e-4,0.03982881844092341,t1-15HF.t0-UF
myhz1.1,3705.648857485966,-1.4364777112993403,0.37550059317628354,14.075855095354456,1.7558333059996555e-4,0.01800937280832674,t1-15HF.t0-UF
ckma,694.6246696464531,-1.6566947512343677,0.4403673294560237,13.483483058041628,2.4067262939782012e-4,0.022802711836166344,t1-15HF.t0-UF
apoa1a,689.9164626762051,1.6566693628588278,0.44329696324144113,13.294236638152782,2.662232164716701e-4,0.024003028710913484,t1-15HF.t0-UF
hmgcra,30.17079673517139,3.3712591287107307,0.6084178272695234,31.46330271910346,2.0324537464559392e-8,1.6230594918126713e-5,t1-15HF.t0-UF
ckmt2b,70.90612188656908,-1.5319099207008755,0.4480308944438982,11.429407788642244,7.22907235250783e-4,0.04671735774626448,t1-15HF.t0-UF
usp2b,68.93827127830623,1.6786073001620359,0.4191845613050781,15.611459117022697,7.778178739744863e-5,0.011687863269570962,t1-15HF.t0-UF
zgc:175280,54.21223175341633,1.8876064277659974,0.517437600787262,12.83982320134676,3.3931967299595463e-4,0.029181491877652097,t1-15HF.t0-UF
smyd1a,33.03269906641177,-1.6843971678777998,0.4875130538301891,11.814178860033252,5.878135100851846e-4,0.03982881844092341,t1-15HF.t0-UF
CR388047.3,303.00085847642606,2.3252165234758535,0.38855575847204005,32.94890318850685,9.461310873583052e-9,1.1534345007758156e-5,t1-15HF.t0-UF
slc25a38a,21.171031542054404,1.894150857792203,0.5530813493146332,11.7833218548639,5.976374314288807e-4,0.040250520984186064,t1-15HF.t0-UF
tlcd4b,155.16266777168485,1.3035743680637613,0.3610533752457795,12.7623742508774,3.536617015085797e-4,0.030004904415540084,t1-15HF.t0-UF
nupr1b,328.62911088374517,-1.4341595062958514,0.3932520911582912,12.868746176601732,3.3411538811035116e-4,0.029036992300326976,t1-15HF.t0-UF
arl5c,58.4380817968503,1.9924137155721642,0.4592202317288165,18.258321696458808,1.9288144721251332e-5,0.004312829159671798,t1-15HF.t0-UF
tmem86b,64.64786384685299,2.648206273748999,0.45256944537303384,32.7805981681317,1.0316945445221964e-8,1.1534345007758156e-5,t1-15HF.t0-UF
si:ch73-141c7.1,231.81599049394197,3.4919051695773518,0.4698503763151503,47.42505796994729,5.714747423770745e-12,3.1945438098878464e-8,t1-15HF.t0-UF
zgc:153968,196.43545108709682,2.3100612685382633,0.4890201461008049,20.55027674744393,5.808539316798266e-6,0.0017551207989676926,t1-15HF.t0-UF
slc16a6b,73.87039249736799,2.890138869401293,0.42249506141611415,45.15282924286252,1.822422297435487e-11,6.791560428442914e-8,t1-15HF.t0-UF
zgc:165423,45.96257178791528,1.7117523472217917,0.4838450748772749,12.331178283765787,4.454551431924415e-4,0.0325502516398137,t1-15HF.t0-UF
cyp3c3,299.9424129323564,2.6423284979266852,0.509332820181021,24.144983646741693,8.934860244802606e-7,4.5405335244042336e-4,t1-15HF.t0-UF
slc16a5b,22.703269149137263,1.705942754433193,0.5101810948551181,11.28048423461479,7.832612348977856e-4,0.04919584610200698,t1-15HF.t0-UF
sec23b,95.66941967240918,1.94083735647295,0.42549873206485317,20.024034466132676,7.647489440137375e-6,0.002137473298518396,t1-15HF.t0-UF
slc15a1b,611.7178261181333,1.9725156819617697,0.561518451035202,11.511018171267239,6.918487187745398e-4,0.045768453703546486,t1-15HF.t0-UF
atp1b1a,464.09690385699764,1.472074764485891,0.34791095322513976,17.26719363719417,3.247455261048812e-5,0.0061536525116145276,t1-15HF.t0-UF
zgc:158846,343.22212816767995,1.4094630537882167,0.35499140021564407,15.262150192333507,9.357286573070718e-5,0.012454102843682218,t1-15HF.t0-UF
entpd8,288.0123505009901,1.6478272339983062,0.4260250901555012,14.30298186277983,1.55618173768637e-4,0.016891370706149145,t1-15HF.t0-UF
rbpjl,84.83343478409425,-2.101601857332251,0.601227066628499,11.530881742517906,6.844954084894878e-4,0.04555153968400282,t1-15HF.t0-UF
mybphb,119.5425674476144,-1.3619544631556466,0.38883579909071453,11.993457100733124,5.338765862248645e-4,0.03730462646246241,t1-15HF.t0-UF
prelid3b,254.74540742301835,2.348642833214455,0.47134855339243087,22.81446740975983,1.7841755725395156e-6,7.978833160396714e-4,t1-15HF.t0-UF
higd1a,31.01608163394648,1.5569122883286377,0.46573608781763953,11.246680925949683,7.976552293845259e-4,0.04982003052803911,t1-15HF.t0-UF
myl13,121.13333131787705,-1.8794208961440193,0.4732374891596555,15.046498139152085,1.0489469424103821e-4,0.013796737430762438,t1-15HF.t0-UF
cables1,162.45055336910588,1.5214244569722537,0.39627284148812375,14.201051202328713,1.6427871370727968e-4,0.017326754898560254,t1-15HF.t0-UF
ahsg2,17.70514013797584,2.116676697839011,0.6108719046709423,12.351188639783977,4.4070578768962745e-4,0.0325502516398137,t1-15HF.t0-UF
mknk2a,283.49846681661165,1.587779259247878,0.40964255040050535,14.41118284400045,1.469271996086289e-4,0.016589570734160206,t1-15HF.t0-UF
apoda.2,505.35723383952717,-2.361504736753315,0.6142020772100066,13.441311385211662,2.461435026681301e-4,0.022932369665247455,t1-15HF.t0-UF
nmrk2,83.2929560475915,2.2373926354376867,0.5056864038462248,18.44640042902079,1.747506003237097e-5,0.004156833428976754,t1-15HF.t0-UF
cpo,39.010332151360466,2.288897265001488,0.4579705356209972,24.82801583184579,6.267982243832802e-7,3.336954356478606e-4,t1-15HF.t0-UF
mylz3,851.6820427082707,-1.3162530878123444,0.34163129995063624,14.392576354823106,1.4838614252379433e-4,0.016589570734160206,t1-15HF.t0-UF
fgb,162.9365292009528,1.419602005941287,0.40029584177318134,12.231892631400846,4.6979519117153364e-4,0.03388587249869513,t1-15HF.t0-UF
fga,90.94842821370831,1.6565144574765815,0.4165769892564524,15.357853086861425,8.895043638024019e-5,0.012430823484138567,t1-15HF.t0-UF
mttp,100.60100986727797,1.8754704980888348,0.3872365603382882,22.556384995703418,2.0406516667134686e-6,8.774802166867915e-4,t1-15HF.t0-UF
slc34a2a,103.48082304445285,3.0277280426783495,0.4164100491133488,49.69457622882215,1.796418436617538e-12,2.0083958121384076e-8,t1-15HF.t0-UF
dachc,132.99779873615168,1.3891800474546776,0.36601648947100046,14.022292417005112,1.8065610939255457e-4,0.018033350919721074,t1-15HF.t0-UF
FO681323.1,28.737369898184188,2.080591093320206,0.5301225674176496,15.262397320890948,9.356062343843164e-5,0.012454102843682218,t1-15HF.t0-UF
zgc:154142,159.5697500192653,2.179613388726826,0.41302316531349037,26.09637202647928,3.2479372186859505e-7,2.1359963591122897e-4,t1-15HF.t0-UF
srd5a2a,50.25395929360861,1.81551694952499,0.4439342912487611,16.335607300595782,5.305757907445227e-5,0.008596865710904006,t1-15HF.t0-UF
bzw1b,161.71944808385038,1.42598909948925,0.40700977883753975,11.9057033937544,5.596233252036807e-4,0.03862091836899475,t1-15HF.t0-UF
desma,53.46516868424459,-1.7216599093600935,0.447348372007634,14.472461158015868,1.4222367238601817e-4,0.016283304455556945,t1-15HF.t0-UF
sik1,48.420777192758244,1.7994596890795849,0.4862582210017466,13.444338665174548,2.457466356000233e-4,0.022932369665247455,t1-15HF.t0-UF
ugt1a1,207.8668438919496,1.6850682067473146,0.31749696034304226,27.144205551357828,1.8883032146793663e-7,1.4074153293410212e-4,t1-15HF.t0-UF
f5,93.02222186102915,1.936278081415992,0.40571756623961447,21.947638752555967,2.801914255532143e-6,0.0010801862543741159,t1-15HF.t0-UF
neurod1,90.74167279062043,-1.7071829005178083,0.42976781078187515,15.299029763637797,9.176363084950836e-5,0.012454102843682218,t1-15HF.t0-UF
vil1,544.2173637672981,1.7280144051455724,0.39565212800959515,18.113140051735286,2.081599857530632e-5,0.004456300228378255,t1-15HF.t0-UF
cobl,664.8977976125286,1.2065204430474599,0.3228616560787558,13.601348901519074,2.2602306036648118e-4,0.02178394668014879,t1-15HF.t0-UF
aqp10a,73.2984302594047,1.7597700447028062,0.4413732928357528,15.48963333417958,8.295898631139718e-5,0.012000290836462497,t1-15HF.t0-UF
apoa4b.2,41.3974079174909,2.0521933221057567,0.573395689676433,12.202004456962634,4.7738194858143283e-4,0.034212372981669355,t1-15HF.t0-UF
apoa4b.2.1,354.48935216358564,1.6732230803562866,0.39964609728124256,16.74139849865962,4.2836018743694864e-5,0.0076016934849922,t1-15HF.t0-UF
nr4a3,50.11457330676276,2.079190001033903,0.44130243294480376,21.74083367991372,3.120773921116448e-6,0.0011254920141316738,t1-15HF.t0-UF
nfkbiaa,48.512106698969625,1.663089362455058,0.4311349431316715,14.628595966176846,1.3091295159573042e-4,0.015863893934644085,t1-15HF.t0-UF
tmem165,34.055530148534594,1.9303334923970916,0.5135633899478771,14.026786071760512,1.802249125512248e-4,0.018033350919721074,t1-15HF.t0-UF
fip1l1a,54.0889508560183,-2.0992238630618187,0.5608250614667514,13.409160010985211,2.503985187579099e-4,0.0231359953695325,t1-15HF.t0-UF
cyp2n13,73.1196670062588,1.4455318031729116,0.3825463137785223,14.030622769475627,1.7985757571191386e-4,0.018033350919721074,t1-15HF.t0-UF
armc2,90.52939830570449,-1.4871330162591534,0.4003638537572045,13.497905474362106,2.388298854175212e-4,0.022802711836166344,t1-15HF.t0-UF
cx28.9,65.17900789329111,1.730130981827863,0.3982418796330694,18.553224816858055,1.652254639797426e-5,0.004015697146290265,t1-15HF.t0-UF
cx32.3,50.47884302622706,1.4865851829971626,0.4372705031787947,11.418507071702528,7.271610311426648e-4,0.046722185794109146,t1-15HF.t0-UF
si:dkey-7c18.24,351.9661996743713,1.6525032163162052,0.4544800814632511,12.61803124005975,3.8204349871327975e-4,0.030508902254389056,t1-15HF.t0-UF
adgrg11,64.20506431634537,-4.953305286019685,0.7288541210320338,40.292293337588646,2.18669868004846e-10,3.492470177563112e-7,t1-15HF.t0-UF
fosab,58.450324902000105,2.462493337414027,0.5248228608875354,20.843397322437006,4.984074335820431e-6,0.0016224988134216508,t1-15HF.t0-UF
slc25a25a,144.32311771692252,3.3446333482074637,0.4878673559080217,41.6075992079117,1.1155879941663039e-10,2.4944547549558553e-7,t1-15HF.t0-UF
ampd1,72.53211836132907,-1.5428037038004812,0.39947166584172655,14.637929570447987,1.3026623101618503e-4,0.015863893934644085,t1-15HF.t0-UF
ela2l,972.7212841497969,-1.6316215094164137,0.46260644519091065,11.852136020072379,5.759524440292213e-4,0.03950397744936622,t1-15HF.t0-UF
slc26a6.1,58.773482502809266,2.242685137735359,0.4547746743122935,23.44273868192341,1.2868753578592717e-6,6.255333261246373e-4,t1-15HF.t0-UF
slc52a3,34.192580283631635,2.6548254140549177,0.6680730271519693,14.912992323571139,1.1258493899910841e-4,0.014636042069884093,t1-15HF.t0-UF
sorbs3,272.08126782668467,1.2815430195541961,0.34134358600439973,13.728393901925514,2.1123672261710714e-4,0.020716022446133842,t1-15HF.t0-UF
CT027598.2,63.69338897382259,-3.2040275014394552,0.6709927701530649,20.457382478952525,6.097390790342073e-6,0.0017939165535795889,t1-15HF.t0-UF
pla2g1b,199.02119474552762,-2.6297261825690197,0.6340212380407841,15.47230665210185,8.372295932415695e-5,0.012000290836462497,t1-15HF.t0-UF
sult1st1,28.800679090315384,1.9895171304338262,0.5248229831301702,14.251747526879548,1.5991225753561185e-4,0.017190567685078276,t1-15HF.t0-UF
si:dkey-32e23.4,90.5877269134298,1.8262039608234089,0.42124643697205066,18.08503097674822,2.1125573533456847e-5,0.004456300228378255,t1-15HF.t0-UF
actc1b,3411.149209695576,-1.6457394640658867,0.4159895665524128,14.880551766513278,1.1453777061996396e-4,0.014668072421812908,t1-15HF.t0-UF
adgrf3a,48.336831918635546,-2.4171229609632756,0.4905691327119954,22.940071637613947,1.6713118712080056e-6,7.785527800043959e-4,t1-15HF.t0-UF
nfkbiab,121.0560004016151,1.3499809897143138,0.3528613890821175,14.30923679281193,1.5510194787222897e-4,0.016891370706149145,t1-15HF.t0-UF
sdsl,44.225512069767326,1.9929832514703019,0.4886666982824907,16.21747342305416,5.647083810224549e-5,0.008770507676742315,t1-15HF.t0-UF
gch1,121.6427614711984,1.8632910275220043,0.48397664329826756,14.121914885424566,1.7133599318209527e-4,0.017807640470760618,t1-15HF.t0-UF
papss2a,322.3448072230577,1.6301342269180483,0.4509994857053926,12.471519632684249,4.1320380478062003e-4,0.0316412228592283,t1-15HF.t0-UF
pabpc4,85.38386885702425,-1.5442138659987457,0.43468390813633756,12.288731603426662,4.557013342317927e-4,0.03308273322539897,t1-15HF.t0-UF
si:dkey-221l4.10,35.80012754874099,1.9844821445435412,0.5092482034140301,14.865501294084567,1.154553106546991e-4,0.014668072421812908,t1-15HF.t0-UF
apoba,109.86424299271434,1.353248485947088,0.3749085679041576,12.738255659330505,3.5825166183107987e-4,0.030004904415540084,t1-15HF.t0-UF
fosl2,142.89170333537632,1.5621155237271582,0.35260246534798956,18.983313606477992,1.3186662486303146e-5,0.003428532246438818,t1-15HF.t0-UF
atp6v1c2,17.95773597604286,-1.995263363461626,0.5631247266215849,12.56341622054805,3.933719824275868e-4,0.031190771372627095,t1-15HF.t0-UF
odc1,27.515615845232766,2.6432909413416166,0.5628348407438165,22.33862267663452,2.2856313893046956e-6,9.464207012009814e-4,t1-15HF.t0-UF
dhrs13l1,110.98062951358736,1.5041195023534213,0.4015081666661802,13.676540377437071,2.1715029833389583e-4,0.02111078552498222,t1-15HF.t0-UF
gpr174,17.55319265442968,-2.1126531898834373,0.6132959737475577,11.714174671377116,6.202581436103022e-4,0.041523868536306456,t1-15HF.t0-UF
stard14,91.84479855381774,1.8602639462865518,0.47805991032818024,14.533303507329535,1.3770358022769015e-4,0.016205537125742905,t1-15HF.t0-UF
nocta,201.58496761811045,3.210321631939073,0.5155812368456185,33.82544179134776,6.0285299976622185e-9,8.42487067173295e-6,t1-15HF.t0-UF
abcc2,188.9988774294599,1.5130931563839474,0.328355868516484,20.589282654291196,5.691383915293577e-6,0.0017551207989676926,t1-15HF.t0-UF
pla2g12b,92.3124381452156,1.6076805220303765,0.39135207709046704,16.416694998787982,5.083551391338468e-5,0.008482702172412548,t1-15HF.t0-UF
alox5a,43.660643189827645,-2.035615184229216,0.5040641343073189,15.58867920759156,7.872452210701855e-5,0.011687863269570962,t1-15HF.t0-UF
esr2b,199.04886737619347,1.695560685532597,0.40061211534956953,17.09679421899719,3.552221452746034e-5,0.006618972640283444,t1-15HF.t0-UF
zgc:92040,60.79949873455677,-1.9030525256329125,0.5410614413827484,11.912446477989178,5.576012043092823e-4,0.03862091836899475,t1-15HF.t0-UF
si:ch211-131k2.2,31.493656792947245,-2.593773470162729,0.723395973865352,12.147070778853895,4.916502220112586e-4,0.03457012252884196,t1-15HF.t0-UF
g6pca.2,684.5183914195568,1.7502722601914167,0.4027447004213554,17.898404176915207,2.3301641510187642e-5,0.0046520062872124615,t1-15HF.t0-UF
asah2,114.19153450972878,1.4301475765880687,0.4172931635012426,11.43321718291211,7.214266273806783e-4,0.04671735774626448,t1-15HF.t0-UF
atp2a1l,357.0937334820061,-1.7689007960667074,0.45142628083854947,14.571592527655568,1.3493345122928842e-4,0.016048467922802602,t1-15HF.t0-UF
glud1b,803.698697540364,1.1965426208261989,0.3487846555831283,11.467444080392696,7.082602218272964e-4,0.04630613614052148,t1-15HF.t0-UF
CABZ01048956.1,45.883106639331956,2.2930552280120358,0.5501971520005324,16.690108338288823,4.400987484629675e-5,0.007687975012212463,t1-15HF.t0-UF
slc6a19a.1,120.75939768316816,2.8906029124275947,0.43392578677722266,40.76861275937178,1.7136346287474162e-10,3.193072524899352e-7,t1-15HF.t0-UF
slc6a19a.2,44.48535028747291,2.097371801054317,0.44616768657334016,21.742789895443345,3.117593354632117e-6,0.0011254920141316738,t1-15HF.t0-UF
apoea,277.81234097004665,1.6690864361497038,0.48360632366274975,11.37831490922295,7.430649643909116e-4,0.04747123601080224,t1-15HF.t0-UF
dtnbp1b,56.847338416983405,1.6209433682405558,0.4738639624283471,11.475579959970375,7.051663848976537e-4,0.04630613614052148,t1-15HF.t0-UF
tinagl1,216.8719832127244,1.476822549783034,0.4044177810471631,12.86356218274399,3.3504221884992665e-4,0.029036992300326976,t1-15HF.t0-UF
zgc:123103,156.11859546173878,1.9474246064209069,0.44180143434532,18.378255428662627,1.8111308837205006e-5,0.004218425683332332,t1-15HF.t0-UF
nme2b.2,538.0746982250417,-1.7775634149317008,0.4107792371807173,17.74158820624885,2.530338453796261e-5,0.004963014721656526,t1-15HF.t0-UF
apoa1b,2354.7937548621862,1.6846859876463807,0.47048384579779906,12.163107093919322,4.8744108630497144e-4,0.03449108446132646,t1-15HF.t0-UF
porb,395.03947874476364,1.1799047181374125,0.32746182097617943,12.669649553290895,3.716391835005446e-4,0.0303279275294605,t1-15HF.t0-UF
si:ch211-235m3.5,27.394294723136476,2.14578750581571,0.5326636979675011,16.24928684635725,5.553049254305534e-5,0.008770507676742315,t1-15HF.t0-UF
foxo1a,1525.5583970855248,1.1941906739686075,0.35071687032417964,11.284537318423943,7.815530818721746e-4,0.04919584610200698,t1-15HF.t0-UF
si:dkey-202l22.6,17.76144662040096,3.4711382184403115,0.7128451942674144,26.81048745594319,2.2441613975634136e-7,1.5681077765474354e-4,t1-15HF.t0-UF
gdpd1,32.93248099607585,1.9366271946611178,0.47709237394719456,16.357270957414933,5.24545357659813e-5,0.008596865710904006,t1-15HF.t0-UF
a2ml,74.00903723381148,1.9029127750687116,0.45951770549400456,16.525474941092753,4.8000809684938015e-5,0.008256139265809339,t1-15HF.t0-UF
ctrl,897.8171416463114,-2.0875316977135503,0.570948194725799,12.37509120293413,4.3509955037193633e-4,0.0325502516398137,t1-15HF.t0-UF
osbpl2b,172.7143920447204,1.3293729586831784,0.34170562454661096,14.728869370027446,1.241309551186685e-4,0.015419823091407932,t1-15HF.t0-UF
pard6b,125.11619701755575,1.2183383666321603,0.3410587670462159,12.537586647441913,3.988471013055102e-4,0.03128719085083339,t1-15HF.t0-UF
lmbr1l,91.29187234288311,1.6980312858587137,0.3868763183017099,18.640730842852584,1.578126503615017e-5,0.003920767624536864,t1-15HF.t0-UF
klf4,77.22870692549495,2.3371928895236294,0.5599278355265245,16.217075626991104,5.6482697023743e-5,0.008770507676742315,t1-15HF.t0-UF
cel.1,279.4171532637736,-2.10109244745494,0.5549188614420344,13.337308635120635,2.6017749139772037e-4,0.023672890262091448,t1-15HF.t0-UF
slc7a3a,188.98004172054996,1.35295067890024,0.38003589246533,12.33916800305699,4.435526614896046e-4,0.0325502516398137,t1-15HF.t0-UF
si:dkey-22f5.9,27.82132835889875,3.6821549028345997,0.6678698313760626,31.93464995062797,1.594473912270755e-8,1.4599446475739572e-5,t1-15HF.t0-UF
mpp1,232.54988985044494,1.6263163467998791,0.3818607642830752,17.36825728067953,3.0792594046148555e-5,0.005935537955792084,t1-15HF.t0-UF
slc13a2,563.0009089024992,2.732097033809054,0.4561825317967175,31.812905540009908,1.697610055318555e-8,1.4599446475739572e-5,t1-15HF.t0-UF
faxdc2,126.3018398544273,1.3282518995492405,0.36898125144889565,12.703370779404977,3.6499704834646256e-4,0.030004904415540084,t1-15HF.t0-UF
C11H3orf14,35.21575051056513,-1.9273103064848158,0.48151676518318365,15.783011379640506,7.103751160412403e-5,0.010879443558001462,t1-15HF.t0-UF
chia.1,257.1663232837568,1.9491932243707275,0.4083084735360307,21.48144269665208,3.572693907561773e-6,0.0012103853905012312,t1-15HF.t0-UF
slc41a1,201.12944152943027,1.5994865528608222,0.41130395348583126,14.498492928770787,1.4027171858440313e-4,0.016283304455556945,t1-15HF.t0-UF
errfi1a,115.06154149452925,1.7813181124241886,0.4586121888503394,14.46571730141649,1.4273379576427376e-4,0.016283304455556945,t1-15HF.t0-UF
ets2,67.50295990350092,2.028810066185742,0.43703913415497714,20.807119547409812,5.079379111785132e-6,0.0016224988134216508,t1-15HF.t0-UF
hmgcs1,72.75600248180749,1.8812586793791684,0.43525333357924256,18.094849930854913,2.101691181795797e-5,0.004456300228378255,t1-15HF.t0-UF
plac8.1,111.09532487699104,1.4908755051086122,0.41325592338594536,12.705785727617119,3.6452599111290327e-4,0.030004904415540084,t1-15HF.t0-UF
myl10,93.56747597608063,-1.5907902578996087,0.43232043456893815,13.15588369549095,2.866178301171367e-4,0.025431645561187207,t1-15HF.t0-UF
CU467905.1,73.76500922590034,2.8825655567288355,0.5523792868845154,25.114753497303177,5.401799215406953e-7,3.1785323804341966e-4,t1-15HF.t0-UF
arrdc3b,45.68069527009177,1.3605920097370097,0.4056397185659141,11.233110365224775,8.035087262767919e-4,0.04990681977652519,t1-15HF.t0-UF
elovl2,35.42314313672307,2.1190549215772316,0.5542017449664651,14.214226589097919,1.6313250473301376e-4,0.017326754898560254,t1-15HF.t0-UF
pck2,218.93907494684134,1.8954080796538892,0.3277454720605495,31.865324200066766,1.652408561496361e-8,1.4599446475739572e-5,t1-15HF.t0-UF
csrnp1b,37.416409242663825,2.118513134887732,0.5091012631241348,16.91324284479355,3.9127653959275404e-5,0.0071712651026999835,t1-15HF.t0-UF
CABZ01075509.1,37.3767837559762,1.6015460947703455,0.43018062227629567,13.782806370432269,2.0520566246938897e-4,0.020302648729272288,t1-15HF.t0-UF
myhz1.1.1,205.69323777846685,-1.3587558411368301,0.39865889810756,11.289269133193088,7.795636428701259e-4,0.04919584610200698,t1-15HF.t0-UF
btg2,67.02070154981982,2.1219305800597463,0.48561865088398476,18.264876383744024,1.9221886921231978e-5,0.004312829159671798,t1-15HF.t0-UF
si:zfos-943e10.1,145.29240162857292,1.1975253191414246,0.3397808188967677,12.169026073672335,4.858967061173094e-4,0.03449108446132646,t1-15HF.t0-UF
BX511034.8,49.10871140369498,-3.0842580370567205,0.6391453489975417,21.485659267258534,3.5648465638274243e-6,0.0012103853905012312,t1-15HF.t0-UF
cela1.6,1439.1147510344847,-1.5255521839827282,0.4105954600571112,13.22503202489142,2.762350041441453e-4,0.024706458770652355,t1-15HF.t0-UF
midn,281.2350604807189,1.6700236109337285,0.40201140907062105,16.458416817242266,4.9728906232611626e-5,0.008423775328493909,t1-15HF.t0-UF
creb3l3a,72.3226044919473,2.1287204018577843,0.5806622784860782,12.65537421499279,3.7448763026651146e-4,0.030338925408547813,t1-15HF.t0-UF
ca5a,82.19162426865505,1.7355631247894274,0.4470799893945851,14.613545247119603,1.3196262396439175e-4,0.015863893934644085,t1-15HF.t0-UF
actc1c,59.04760173258439,-2.061953033627363,0.47721373663029226,18.037409859688857,2.166063466719769e-5,0.0044845536218383365,t1-15HF.t0-UF
cpa4,384.29668924672455,-3.513618089440773,0.6293182747979484,25.979885555484742,3.44993156414466e-7,2.1427908270631833e-4,t1-15HF.t0-UF
cpa1,144.96360379242688,-2.2142896454359655,0.5412617351162536,15.571278463415467,7.945238000781692e-5,0.011687863269570962,t1-15HF.t0-UF
cpa5,504.414954931508,-2.0135677550220468,0.5529722803071383,12.36171621487,4.382276664353101e-4,0.0325502516398137,t1-15HF.t0-UF
acsbg1,61.825591285937065,1.7050716200369473,0.43644336490614244,14.785703311352393,1.204451924265005e-4,0.015130081475598602,t1-15HF.t0-UF
slc13a1,21.6281724708644,1.887264540097974,0.5361935226486985,12.5028737967884,4.0632650829346465e-4,0.03132917491531679,t1-15HF.t0-UF
ces2b.1,142.0686534904175,2.1627960775528052,0.41995214295977906,24.97294563203438,5.814044479676843e-7,3.2500508641393553e-4,t1-15HF.t0-UF
tnni2a.1,32.482921431686286,-1.8213685378674118,0.49462324027475535,13.335387750030797,2.604441415239041e-4,0.023672890262091448,t1-15HF.t0-UF
acot19,101.2819934221914,2.2044082445608724,0.5635533490537192,14.329249792155998,1.5346181085360613e-4,0.016891370706149145,t1-15HF.t0-UF
muc5.3,104.40249521726324,1.7261865784926302,0.4245560396065527,16.958987614005473,3.8196064435999876e-5,0.02889259445551705,t2-30HF.t0-UF
CR388047.3,211.39223204548978,1.9670800653297564,0.4446590238817639,19.88405562143796,8.228373366409225e-6,0.016024715278932105,t2-30HF.t0-UF
hsp70.2,41.26754670889356,3.014998364210784,0.6563139194629659,21.44028225588597,3.6502128519506504e-6,0.009663938525539347,t2-30HF.t0-UF
scpep1,69.78083635953088,-2.0133497289830404,0.48169204551776185,15.838955263372426,6.896790428065527e-5,0.03995435494058282,t2-30HF.t0-UF
slc34a2a,65.52296038988095,2.5993371249915174,0.6011183481146531,18.944356655396106,1.3458678900180255e-5,0.01655437966997222,t2-30HF.t0-UF
fabp2,818.217887932341,1.4875079412118062,0.35198004166813684,18.322731051387038,1.8646891494038e-5,0.01655437966997222,t2-30HF.t0-UF
zgc:154142,140.73735132156747,2.268305804439575,0.46988780588107554,23.61141637862883,1.178860348376609e-6,0.00416137702976943,t2-30HF.t0-UF
nr4a3,43.37531137264025,2.1233817310548617,0.5506103368794832,15.264367953928058,9.346305956769756e-5,0.04948869004109586,t2-30HF.t0-UF
slc25a25a,63.49518086172754,2.2648978462930005,0.5631502407878001,16.427086376050987,5.055760408941154e-5,0.03569366848712455,t2-30HF.t0-UF
slc26a6.1,48.28813989751844,2.2025306487758622,0.5274222742485934,17.855174600004013,2.3837019207860216e-5,0.01941800257009536,t2-30HF.t0-UF
ctsl.1,912.06161745586,-2.2211614800916135,0.45973018269843174,19.695991988070972,9.079158798261816e-6,0.016024715278932105,t2-30HF.t0-UF
odc1,27.84246028450791,2.987193273833029,0.6992947616830073,18.756165873796093,1.4854231001367734e-5,0.01655437966997222,t2-30HF.t0-UF
mtnr1ab,46.09362937270287,3.261341479720989,0.6126143153120585,28.976471636231388,7.326275863729645e-8,3.8792630698448473e-4,t2-30HF.t0-UF
nocta,87.14023906726737,2.072144328010711,0.47882509200812945,19.096788908349588,1.2425376895731005e-5,0.01655437966997222,t2-30HF.t0-UF
lgmn,530.9709867797225,-2.347466874301686,0.4984476815549252,18.55045294999745,1.6546590488852473e-5,0.01655437966997222,t2-30HF.t0-UF
si:ch211-131k2.2,33.280942608886214,-3.5973459100826655,0.8479685890594891,15.76587373747406,7.168392293400128e-5,0.03995435494058282,t2-30HF.t0-UF
si:dkeyp-92c9.4,37.64961761703022,3.044285412760757,0.5708101273959176,29.46948687381054,5.6804005478336785e-8,3.8792630698448473e-4,t2-30HF.t0-UF
plin2,55.70505598832258,2.2188297938203627,0.5258357793983414,18.31136196699265,1.875850387532263e-5,0.01655437966997222,t2-30HF.t0-UF
bicdl2l,20.73866463445771,2.7231100850398557,0.696587789060455,15.773239154111263,7.140538634582804e-5,0.03995435494058282,t2-30HF.t0-UF
b3gnt7,110.83573483553357,2.4095703564737327,0.5995955461932716,16.17766440688665,5.7670109093267353e-5,0.03817040345610633,t2-30HF.t0-UF
lta4h,51.36881395884804,2.246221517794743,0.47926796171391334,21.0742056185495,4.418358993548461e-6,0.0016215377506322852,t3-60HF.t0-UF
bcat1,34.26826771838637,-2.147135276516211,0.5553520118694558,14.479499919139556,1.416931993403178e-4,0.016595008237103675,t3-60HF.t0-UF
slc26a3.2,230.2950148829121,2.7115592444005236,0.5567344052731561,21.13728396145055,4.2752866873211695e-6,0.0016215377506322852,t3-60HF.t0-UF
abcd2,38.765145248698175,2.089877651840253,0.6061698010972039,11.332327121058022,7.616938864842971e-4,0.049306159576273545,t3-60HF.t0-UF
TESK1,102.14080299468841,1.7335979380399686,0.4189338835926475,16.4765719099816,4.925496390397088e-5,0.008090241294956304,t3-60HF.t0-UF
sb:cb1058,118.02801172169646,2.2438624807661363,0.5150326226975881,17.66134834249703,2.6393577320289366e-5,0.005631652835201277,t3-60HF.t0-UF
zgc:172079.2,71.22342904410561,1.6053065088946947,0.44883494778645133,12.434813795008594,4.214043306566575e-4,0.032499412495587986,t3-60HF.t0-UF
bbox1,322.7479226058066,3.507386636098863,0.5781520400016555,30.740403189712566,2.949590090357282e-8,2.460226279911642e-5,t3-60HF.t0-UF
hsd17b12b,66.46166400296731,1.9225896195068157,0.4689617827058964,16.12842400418245,5.9189004755343694e-5,0.009527352958425937,t3-60HF.t0-UF
sdr16c5b,296.29941107405403,1.4298445780684734,0.39925452633704384,12.380718298779655,4.3379023847556523e-4,0.032781630080151676,t3-60HF.t0-UF
arntl1b,78.16716718579944,-2.344551746494149,0.5682632308283078,15.80594625087825,7.018159995990074e-5,0.010556002944788348,t3-60HF.t0-UF
aifm3,118.3800596537925,2.5260489427109394,0.5794096773069843,17.21777246955616,3.333036384665722e-5,0.006506512516874042,t3-60HF.t0-UF
aacs,71.25314072944576,1.8766739162815675,0.5203210214442979,12.418680620326064,4.250604359095977e-4,0.032499412495587986,t3-60HF.t0-UF
coro1ca,351.48593924084463,1.2178173536308432,0.3576607667059441,11.300988951453348,7.746581801140781e-4,0.049357561128796294,t3-60HF.t0-UF
apoa1a,652.1448363632405,1.846218224441043,0.351072104820651,26.06075300981736,3.308411187728955e-7,2.1681909033866543e-4,t3-60HF.t0-UF
hmgcra,24.51113374338802,3.2646289826821575,0.7050378515587806,20.68195132050296,5.422472126456894e-6,0.0019135069907785384,t3-60HF.t0-UF
usp2b,83.40139581328553,2.311369378145437,0.5589716605300418,15.906988869292462,6.653258354490105e-5,0.010173940900407784,t3-60HF.t0-UF
stip1,117.62199981931184,2.028147080188539,0.5362609487259843,13.439677325439384,2.463579912267584e-4,0.02437848605188317,t3-60HF.t0-UF
zgc:175280,67.64472942427322,2.5515905828464382,0.601402527885428,16.60276104359682,4.608388357198526e-5,0.00782999318098083,t3-60HF.t0-UF
mat2ab,118.56940509715865,-2.265200948132922,0.622027754349974,12.22176887732273,4.7235126084291197e-4,0.03404626955541647,t3-60HF.t0-UF
CR388047.3,289.42293311970275,2.514315395626238,0.6745625977114345,12.486721832586511,4.0985477423817604e-4,0.032499412495587986,t3-60HF.t0-UF
tlcd4b,162.21491671298853,1.699289376036334,0.4266459360414968,15.199939312715095,9.670652844037693e-5,0.01239363950928298,t3-60HF.t0-UF
tmem86b,55.560705969730506,2.642038973858878,0.56887760126993,20.009373667366702,7.706346752939754e-6,0.0025252046949365086,t3-60HF.t0-UF
si:ch73-141c7.1,141.73011861822468,2.9520752055218957,0.5787323567018132,22.98233166871878,1.6349714620391577e-6,9.625328618497493e-4,t3-60HF.t0-UF
zgc:153968,152.49464166341627,2.1412690482136063,0.4911404329472659,17.699507083276465,2.5869362836723133e-5,0.005631652835201277,t3-60HF.t0-UF
hsp70.2,43.61814175257433,3.0350124917198396,0.6949780608614315,17.48342141079962,2.8982400610053497e-5,0.005909189457716463,t3-60HF.t0-UF
hsp70.3,32.57774837607242,3.1066617015891507,0.6959992673830873,18.645789859790845,1.5739445149762764e-5,0.004128447984445601,t3-60HF.t0-UF
si:ch211-198m17.1,398.1613084988655,2.194740827676783,0.6193959054880618,11.543843750145967,6.797396095521281e-4,0.045857433217946886,t3-60HF.t0-UF
pdpk1a,64.67585236255135,-2.148971009499594,0.5969109835590203,12.211422939802517,4.7497792949245866e-4,0.03404626955541647,t3-60HF.t0-UF
pde4a,373.0460188252017,2.151503941706426,0.5160687328936366,16.05381920686672,6.156732099963082e-5,0.009574240172400217,t3-60HF.t0-UF
slc16a5b,23.271489215745035,2.0467004870259036,0.5805893353836469,12.248385870461497,4.6566079747784945e-4,0.033908236641740225,t3-60HF.t0-UF
meltf,83.91360718905138,2.614303370647868,0.6311723723537911,15.628467800396052,7.708530478438662e-5,0.011142113020841728,t3-60HF.t0-UF
CABZ01117503.1,28.66506164101034,6.504969264668589,1.1679147485665318,52.45943714116249,4.392272607921985e-13,1.3433033725894738e-9,t3-60HF.t0-UF
penka,36.76459930599128,-2.5479430731278434,0.6839218813249345,13.136205647783385,2.896438323344215e-4,0.02674261638128867,t3-60HF.t0-UF
abhd3,84.08254225235733,2.403881494525732,0.5505028698645493,17.707569173321808,2.5759953711566794e-5,0.005631652835201277,t3-60HF.t0-UF
rorcb,42.04851958613244,-3.4986660407752153,0.7636802727577132,18.799057207630717,1.4523890225333428e-5,0.004038081600528309,t3-60HF.t0-UF
calr3b,64.85702421679943,1.9101590756421047,0.5525744522621608,11.328893685065736,7.63103505158675e-4,0.049306159576273545,t3-60HF.t0-UF
zgc:85843,40.89008505854131,2.9609990207957435,0.6758299854806114,17.66310074419315,2.6369271083930888e-5,0.005631652835201277,t3-60HF.t0-UF
mttp,121.82861825834938,2.4853224921420742,0.5333692391015289,19.85794135068187,8.341547986718804e-6,0.00263909319924638,t3-60HF.t0-UF
fabp2,865.9340171632267,1.6437751633634474,0.3554353186315619,20.37910930294028,6.351944058535095e-6,0.0021584846939651666,t3-60HF.t0-UF
ankrd10a,38.17524048729836,1.7775165825567276,0.5125437453987407,11.71202057689517,6.209765532076422e-4,0.042838044178046,t3-60HF.t0-UF
glra3,70.95463091103659,-1.7883191538671799,0.44351510713234105,15.749372688807988,7.231191369356957e-5,0.010700996905459689,t3-60HF.t0-UF
lrrc58a,23.68454477870587,-2.3919701302771923,0.6582505857062073,12.924176945276955,3.243652460559842e-4,0.028615876274650526,t3-60HF.t0-UF
zgc:154142,281.9881607512574,3.3863806371107277,0.5445675780131697,32.801039991902115,1.0209021032918209e-8,1.1708470997128071e-5,t3-60HF.t0-UF
dbi,141.900416665237,2.177297546639736,0.5060294471281603,17.227835370695104,3.315428892391616e-5,0.006506512516874042,t3-60HF.t0-UF
gpr155a,46.57581410657571,-1.6831808681445994,0.4710789243758999,12.47483053991381,4.1247207105644875e-4,0.032499412495587986,t3-60HF.t0-UF
ugt1a1,177.94840117853408,1.6900548008106338,0.4365144036284293,14.33035799135073,1.5337150198519285e-4,0.01716077476480664,t3-60HF.t0-UF
mao,221.33331667719372,2.3785833508404317,0.4873834249884129,21.803707154269787,3.020160282638721e-6,0.0013854985296605131,t3-60HF.t0-UF
stat1b,26.54410051946993,-3.2689751275883596,0.8772726294289719,12.81269347983072,3.4427557498950263e-4,0.03008312762408273,t3-60HF.t0-UF
vil1,495.4747496541381,1.8441518603473017,0.5003750573740127,12.789478719141542,3.4857423605126327e-4,0.030171402035569252,t3-60HF.t0-UF
cdc42ep5,29.681667962652572,1.813217088281398,0.5106964737696249,12.42029435390836,4.246932951199711e-4,0.032499412495587986,t3-60HF.t0-UF
apoa4b.2,203.50613304674476,4.854102628168452,0.5285697405684131,67.98810023300852,1.6448520886803618e-16,1.5091517913642319e-12,t3-60HF.t0-UF
apoa4b.2.1,396.6844646566863,2.161423095512815,0.35279693414195146,34.85150986958848,3.5583350527449406e-9,5.441287351489139e-6,t3-60HF.t0-UF
apoeb,324.45041012976066,1.4662851702538073,0.3874239349644661,13.80445714312934,2.0285441936222448e-4,0.02091223929942033,t3-60HF.t0-UF
apoc2,767.631712897051,2.2123694444228024,0.5153625927109748,16.90566038995607,3.928426221959337e-5,0.007067315801269984,t3-60HF.t0-UF
BX324007.2,54.57783051630496,-1.968152977197215,0.5674540016300706,11.524490636902712,6.86852681902359e-4,0.045999075594555794,t3-60HF.t0-UF
tp53inp1,102.12540956989898,-1.8534018106116692,0.49324173780101727,13.493944426220928,2.3933456539485697e-4,0.024130710302173765,t3-60HF.t0-UF
clocka,132.96919393817444,-1.8255584181796458,0.5277153831685593,11.351260948376755,7.539676096832616e-4,0.049306159576273545,t3-60HF.t0-UF
sh3rf1,338.92940933453997,1.7451045395094356,0.4554888541447633,13.925643414525084,1.9018600069351703e-4,0.019829051776852485,t3-60HF.t0-UF
pdia6,128.52585834513633,1.9548419425253372,0.48847899964005986,15.104008942055344,1.0174698494707381e-4,0.0127880628341014,t3-60HF.t0-UF
ivns1abpa,164.9448764420205,1.880985604124571,0.447425587716611,16.740962608690474,4.2845860956118404e-5,0.007417184420233705,t3-60HF.t0-UF
flvcr1,51.043648909870335,2.018860080896089,0.528835242206815,13.96530125668476,1.8621582308982396e-4,0.019656448597079428,t3-60HF.t0-UF
hadhaa,39.01212289725319,1.7445223130625989,0.494758316700621,12.063932136505372,5.140674771678609e-4,0.03656255118616375,t3-60HF.t0-UF
fabp1b.1,291.65430374069985,1.6495203916799677,0.39059783586923974,17.040908735986463,3.658310084989842e-5,0.006760523573589224,t3-60HF.t0-UF
slc25a25a,71.6372321492835,2.4489184787136207,0.6429511977980283,13.362627079423618,2.566884857790672e-4,0.025054434649180227,t3-60HF.t0-UF
slc6a8,367.0082626156773,2.869835151534558,0.5827557685164685,21.26425990421717,4.001225934372673e-6,0.001596141215124751,t3-60HF.t0-UF
cpox,26.58848807768087,2.7951048947215784,0.6692120573822142,16.78932452233707,4.176761660586872e-5,0.0073695746607470285,t3-60HF.t0-UF
rorca,39.642132743439916,-2.0541587246430515,0.5675253228147291,12.58609140275491,3.8862802536040813e-4,0.03192520628278119,t3-60HF.t0-UF
zgc:77486.1,64.49741136060003,1.834864115212747,0.510858375728313,12.366307491371415,4.3715131806082674e-4,0.032781630080151676,t3-60HF.t0-UF
slc26a6.1,47.45016739454151,2.1485240973547035,0.573743359706596,13.327571657796199,2.615319860996163e-4,0.02525848392067347,t3-60HF.t0-UF
rfk,38.849178682573644,2.0595530011008756,0.5698971183639348,12.54281400769949,3.9773288244911604e-4,0.032293798198855216,t3-60HF.t0-UF
sult1st1,48.02737617047368,3.113999910858442,0.7002435970883465,17.859065690667272,2.378832790319132e-5,0.005596356628507188,t3-60HF.t0-UF
mfn2,116.56902184039568,1.6450453273392034,0.4726487856769056,11.638516859222918,6.460008974315826e-4,0.04390413506618348,t3-60HF.t0-UF
si:dkey-32e23.4,101.06248657958112,2.3094711287256424,0.5233396349759688,18.096816059384473,2.0995221171630592e-5,0.005069240901308176,t3-60HF.t0-UF
egln3,139.68129727564443,4.3457321520831105,0.5962656520542304,43.981272897944585,3.3153273608445164e-11,6.083625707149688e-8,t3-60HF.t0-UF
sdsl,40.434129256570316,2.1162667424950428,0.611738454101834,11.405102064206858,7.324267669042134e-4,0.04834543587299395,t3-60HF.t0-UF
p4ha1b,54.54079159755837,3.7389178074661364,0.5485245891482533,44.08320660321296,3.147093920681904e-11,6.083625707149688e-8,t3-60HF.t0-UF
apoba,207.34527089330558,2.7743930416648617,0.6694328089006213,15.18920172569814,9.725798851971385e-5,0.01239363950928298,t3-60HF.t0-UF
ldah,130.22055090261296,2.0957492439334,0.5693643257617863,12.635794366097208,3.784303713074625e-4,0.03156453324314517,t3-60HF.t0-UF
abca1b,762.5511203819792,3.18152974046809,0.6210654506691774,22.297703932956978,2.3348561763123385e-6,0.0012004814823546525,t3-60HF.t0-UF
si:ch211-274f20.2,55.000415050271464,1.7052600283449741,0.4775781077297119,12.340431003384786,4.432526719787053e-4,0.032781630080151676,t3-60HF.t0-UF
ergic1,95.33475310378799,1.8710783838359468,0.4637934219247764,15.504903661036721,8.229149913298144e-5,0.011439765220380373,t3-60HF.t0-UF
slc25a48,110.12868378607747,-2.0452038193618027,0.4735370666237947,17.5525622353367,2.7947393875448287e-5,0.005827666791073592,t3-60HF.t0-UF
elovl5,29.439322149941518,2.5444847818803735,0.731409810039875,11.309802635204228,7.709896713502922e-4,0.049357561128796294,t3-60HF.t0-UF
pla2g12b,93.76646346659939,1.9241890539870263,0.4539274610426648,17.102749408022703,3.541100490405857e-5,0.006760523573589224,t3-60HF.t0-UF
lgmn,403.7153596457893,-2.5985521584762843,0.6297576147423651,15.2201939227498,9.56748448637093e-5,0.01239363950928298,t3-60HF.t0-UF
sgpp1,57.461100625088484,1.7180780636729496,0.4638635623050556,13.268353761134478,2.699241333364523e-4,0.025797436701686976,t3-60HF.t0-UF
ifi45,38.975136444340244,-2.9578938828554064,0.8391960986348915,11.258683960172199,7.925137876810445e-4,0.0498035205614629,t3-60HF.t0-UF
herc4,99.04919186412778,1.9428075482078393,0.5626274433617267,11.27236081011462,7.866961805030891e-4,0.04977887900769546,t3-60HF.t0-UF
gatm,76.87519139081944,2.3042946374190936,0.42619865916644706,27.870455670048372,1.2971539422880397e-7,9.917822850410637e-5,t3-60HF.t0-UF
zfpm1,486.2992197093273,1.578300067414483,0.4211464042632554,13.433988525119872,2.4710618014442886e-4,0.02437848605188317,t3-60HF.t0-UF
nucb2b,82.31536965436958,1.5398998803310426,0.4380037140777599,11.993709248579123,5.338043562676635e-4,0.03767426899042933,t3-60HF.t0-UF
a1cf,176.64926645964363,1.6691579750232028,0.46447509868419673,12.354493259188388,4.3992638335290106e-4,0.032781630080151676,t3-60HF.t0-UF
slc9a3r1a,322.43070269226644,1.5650362885234996,0.43410454513031543,12.460964864527881,4.15545236342282e-4,0.032499412495587986,t3-60HF.t0-UF
cyp51,22.7119694036721,2.886311260473311,0.7542734439340141,14.00685563550094,1.8214530599728332e-4,0.019656448597079428,t3-60HF.t0-UF
apoa4a,189.36095455448853,5.407270757104922,0.6135706779475729,61.77433464504407,3.851620127849279e-15,1.7669307336508566e-11,t3-60HF.t0-UF
apoea,381.182310284231,2.509855780888309,0.4164218659393352,32.90872015805897,9.658904025491612e-9,1.1708470997128071e-5,t3-60HF.t0-UF
mbpa,75.53360733734162,-1.7776814454145267,0.4966205072630229,12.326319118848915,4.4661621362604464e-4,0.032781630080151676,t3-60HF.t0-UF
tinagl1,285.05849967839106,2.2710531757561436,0.5515802761620108,15.550701465947157,8.032184000762358e-5,0.011337736647229944,t3-60HF.t0-UF
ptdss1b,33.60865192645429,2.0077886491597052,0.5486333823633875,13.025624612620845,3.072575799205687e-4,0.027638120546776647,t3-60HF.t0-UF
si:ch211-235m3.5,38.0402039708736,2.975503223014685,0.6229922801024972,21.503524451041187,3.531789580214715e-6,0.0014729167908395459,t3-60HF.t0-UF
abcg1,25.089094598769545,-2.8520443619174345,0.6471143091037048,19.10625585318129,1.2363895532362198e-5,0.0036593142422394567,t3-60HF.t0-UF
egln2,127.86052245226115,2.175839830316361,0.5172925025009213,16.47179863229099,4.937912942970605e-5,0.008090241294956304,t3-60HF.t0-UF
TMEM120A,58.87880165399852,2.7770810334339364,0.5136915507303064,27.33372031774683,1.7119971542998508e-7,1.2082749146693177e-4,t3-60HF.t0-UF
gdpd1,33.56627039290622,2.2445005751481153,0.5849895770331484,14.113029748460988,1.7214718949964985e-4,0.01902952365854563,t3-60HF.t0-UF
plin2,372.1821274938675,5.188651540659689,1.2380954844287755,12.480635894390971,4.1119220123329983e-4,0.032499412495587986,t3-60HF.t0-UF
agfg1a,161.05259592107194,1.6411366886098677,0.44379078143108497,13.105771685493089,2.943873846877554e-4,0.02674261638128867,t3-60HF.t0-UF
chordc1a,49.62428555574887,1.8621693052504007,0.5113848185607457,12.7629505007341,3.535527650291954e-4,0.03031632354339129,t3-60HF.t0-UF
gata5,150.7684393992182,1.6999416143406747,0.4340337331458312,14.702283623138456,1.258938529045815e-4,0.015609136491885613,t3-60HF.t0-UF
osbpl2b,213.51149488735885,2.029554354132065,0.48954821096805673,16.05421985727706,6.155429540022955e-5,0.009574240172400217,t3-60HF.t0-UF
lmbr1l,110.51338395338759,2.320976692916364,0.4737781733295292,22.28107110068276,2.3551680307775197e-6,0.0012004814823546525,t3-60HF.t0-UF
calcoco1a,64.47225857775578,-1.5534184242649542,0.43302164837269025,12.580877597665058,3.8971368977345973e-4,0.03192520628278119,t3-60HF.t0-UF
si:dkey-11o18.5,25.927993861158313,2.425169589545463,0.6439166647961154,13.61633251748426,2.2422627954806948e-4,0.02285862349837264,t3-60HF.t0-UF
atp2a2b,202.66899605733212,1.4700783480687067,0.42568194620677813,11.502163732327205,6.951522142957302e-4,0.04621754758089366,t3-60HF.t0-UF
mpp1,263.7691668519301,2.150579173371892,0.5235209293618092,15.61292406732943,7.772155131704312e-5,0.011142113020841728,t3-60HF.t0-UF
p4ha2,103.91992354691732,2.5073684505318465,0.6387334037724444,13.963562558075367,1.8638812293688396e-4,0.019656448597079428,t3-60HF.t0-UF
hspa4a,122.9887702770648,2.4028837246495924,0.6029642314712569,14.56572328323486,1.35354409260663e-4,0.016128268895669907,t3-60HF.t0-UF
CR848705.2,62.85842589230531,3.038706524068396,0.6053097611199677,22.93178589308107,1.6785314212093722e-6,9.625328618497493e-4,t3-60HF.t0-UF
tmcc1b,139.52757564243328,1.694297544091297,0.422231981832749,15.435557609167994,8.536681941339316e-5,0.01169015773310272,t3-60HF.t0-UF
tdo2b,116.31901953719968,-2.3902410123836213,0.6052003353444982,14.362669401499595,1.5076179124338355e-4,0.017077030057506718,t3-60HF.t0-UF
si:dkeyp-61b2.1,29.535182851903095,-2.414598078021674,0.6583106729060478,12.94166583530275,3.21348926020445e-4,0.028615876274650526,t3-60HF.t0-UF
abhd6a,72.70520271808533,2.202087306642601,0.5697302690521995,14.030087873568135,1.7990874295998154e-4,0.019650746626878938,t3-60HF.t0-UF
hmgcs1,71.10783565505044,2.1221841464072195,0.5777766171280766,12.709936712222017,3.637177367711937e-4,0.03061569022821745,t3-60HF.t0-UF
si:ch211-127i16.2,92.45702839105742,1.672321075721513,0.4786688757386681,11.675459414925157,6.332990063839873e-4,0.04336207748935138,t3-60HF.t0-UF
hyou1,142.1493328058032,1.9606820359598311,0.48707784894148237,15.284401082347749,9.247703303262689e-5,0.012296764899628285,t3-60HF.t0-UF
elovl2,75.102389327583,3.6240072401016987,0.7814965350128293,18.361996511014418,1.8266520658984216e-5,0.004529603433680546,t3-60HF.t0-UF
pck2,284.6875214087269,2.6264447976722893,0.5313866210590746,21.880354592264055,2.90189599046314e-6,0.0013854985296605131,t3-60HF.t0-UF
pdia4,63.04980706204685,2.101999560439372,0.5639411482310073,13.109977607640566,2.937271984982936e-4,0.02674261638128867,t3-60HF.t0-UF
vav3a,97.24405725263505,-2.110489478033528,0.5952018191559939,11.815097054591241,5.875236966326757e-4,0.040837347853066655,t3-60HF.t0-UF
cers1,132.55442228186524,2.2098372969868305,0.4838138485193132,19.444748375675857,1.0355217414693775e-5,0.0031669706593271795,t3-60HF.t0-UF
ftcd,43.58786019041606,-1.9483572600176338,0.5027992884098331,14.594197407530942,1.333244452819959e-4,0.01609541822976727,t3-60HF.t0-UF
hsd11b1la,24.334324494179338,2.229727830984018,0.6074403718259462,13.157945009168444,2.8630270029929007e-4,0.02674261638128867,t3-60HF.t0-UF
creb3l3a,84.48327085558341,2.6565464778190213,0.613316963747443,17.027513078488738,3.6842090319287325e-5,0.006760523573589224,t3-60HF.t0-UF
hbp1,151.39625937103034,-1.9664633030032044,0.4443923028917012,18.506448474291687,1.6933042164166854e-5,0.004315573940450858,t3-60HF.t0-UF
fads2,106.37787216126124,3.6057274090658207,0.7670395375653175,18.644651219225906,1.5748847897067688e-5,0.004128447984445601,t3-60HF.t0-UF
slc25a22a,54.875739513492015,2.0477663020292316,0.5810121051356903,11.819912191836067,5.860062359524291e-4,0.040837347853066655,t3-60HF.t0-UF
pnpla2,35.19649058733849,-2.0987418343289455,0.5804593649242181,12.714736589744184,3.62785387100999e-4,0.03061569022821745,t3-60HF.t0-UF
nuak1b,52.42915871717694,2.14819964870974,0.5513421296704183,14.392415618799163,1.483988092514991e-4,0.0170194884360313,t3-60HF.t0-UF
cyb5r2,53.217075049056604,3.6292079679014058,0.6140566935421465,31.788472813553597,1.7190999702287432e-8,1.577274222684872e-5,t3-60HF.t0-UF
cpa1,115.76710314807528,-2.9186848020199916,0.7221261747920216,14.463671635863435,1.4288889926225508e-4,0.016595008237103675,t3-60HF.t0-UF
ckmt1,105.92042440822841,2.6889426094020537,0.454951195023317,32.16598108030301,1.4154758703082824e-8,1.4429990122309435e-5,t3-60HF.t0-UF
dusp8a,269.7434623338537,2.3451970072263744,0.48264084823951586,21.611070485203825,3.339189193012894e-6,0.0014589076593282528,t3-60HF.t0-UF
ugt5a2,48.83898518939397,2.0885935610606965,0.5320533610541636,14.672641099122814,1.2788918186590597e-4,0.015645109914929164,t3-60HF.t0-UF
hsd17b12a,130.88076403356396,2.0618447532802513,0.5479119483678556,13.240336439117932,2.7398872787248946e-4,0.025915944105464855,t3-60HF.t0-UF
ces2b.1,231.24599271828907,3.239661381952875,0.68615069706303,19.02939449184781,1.2872021838473514e-5,0.0036906500114998277,t3-60HF.t0-UF
CABZ01080568.1,87.45351923251229,2.8909422497622623,0.6944512172704782,15.370614604603972,8.835167084679337e-5,0.011920979117931312,t3-60HF.t0-UF
rpl18a,561.5781343926894,-1.3713217656352101,0.3907962985999831,11.257903658273761,7.928470061042853e-4,0.02748959139564778,t4-120HF.t0-UF
tnnt2e,62.74417929435343,-2.088252169723423,0.5398455550692827,13.42911383520348,2.4774911921790705e-4,0.01234189290448746,t4-120HF.t0-UF
lta4h,38.69128312408997,1.6757192493662674,0.5072350333541236,11.262988029481512,7.906783288873636e-4,0.02748959139564778,t4-120HF.t0-UF
AL590150.2,55.2364491691932,-2.327912543698404,0.6605646937782597,10.882939696968002,9.705408081297814e-4,0.03139047658533189,t4-120HF.t0-UF
atp2b1a,146.66854147045126,1.357876520059708,0.4057613963250853,11.515989280723929,6.900010070924034e-4,0.024612875429946307,t4-120HF.t0-UF
tcp11l2,48.70658775350233,-1.8306198977045545,0.48898751051909745,13.041615933183671,3.0464512661889856e-4,0.013825465746244046,t4-120HF.t0-UF
ldhba,100.73041609561884,-1.4885598274526088,0.4509570609173393,10.061614754855377,0.0015139047979328977,0.04237839621616039,t4-120HF.t0-UF
bcat1,45.10909974608476,-2.054275442144577,0.5836935561769446,11.24200156776704,7.996687300978261e-4,0.027615651603537676,t4-120HF.t0-UF
slc26a3.2,221.7289129060753,2.667745912917331,0.5558352789917383,22.85835588206386,1.7438953052912779e-6,3.779021126566199e-4,t4-120HF.t0-UF
rps16,447.9838989072897,-1.4183203304891716,0.39348299734076203,11.851653377477867,5.761017357032948e-4,0.022293079665518568,t4-120HF.t0-UF
abcd2,40.11189657237054,2.1382462040909607,0.5485055458236895,15.617262975082753,7.754341855177947e-5,0.005092017818233519,t4-120HF.t0-UF
rplp2l,596.0309263187529,-1.6325405710577203,0.33910675411950797,20.780102315409245,5.151542075392466e-6,8.701749530962131e-4,t4-120HF.t0-UF
rhcga,63.96486586519745,-2.1825481310093418,0.5895438917658191,12.145983635820883,4.919368943736189e-4,0.019833065118281527,t4-120HF.t0-UF
TESK1,86.84949586499785,1.3002207850390155,0.4184436671786292,9.918416846256363,0.0016363307262290399,0.04423052013168753,t4-120HF.t0-UF
sb:cb1058,124.35760049031907,2.323545869829787,0.4061798626258272,33.284586180068814,7.961116061712693e-9,4.600463601528375e-6,t4-120HF.t0-UF
cyp26b1,139.9836898239802,2.1038739189169653,0.5173451991758353,16.726528463584415,4.317306521198662e-5,0.003311717958030974,t4-120HF.t0-UF
zgc:172079.2,89.89780857748741,1.9931566612847913,0.4068349316166019,24.607175635338564,7.028951136793602e-7,2.2708784266593614e-4,t4-120HF.t0-UF
rps13,580.2566699495258,-1.6880119748301228,0.3707742403984544,18.468037069057573,1.727777915304499e-5,0.0018957441733999237,t4-120HF.t0-UF
tpma,609.2246832017505,-1.6340189265059883,0.4955949739701646,9.693532581085918,0.0018491769517092692,0.04681854215884155,t4-120HF.t0-UF
bbox1,315.24267727148174,3.5339799768455986,0.49710329109678564,48.09170814496635,4.067429230416198e-12,3.917386285471956e-9,t4-120HF.t0-UF
zgc:112160,526.60904218931,-1.655928022099255,0.40622218253761766,14.832094750751317,1.1751843893186648e-4,0.007073957143482073,t4-120HF.t0-UF
zgc:136461,434.05307866980866,-2.0595396705069144,0.4281290733993477,19.955053583022064,7.928412170420677e-6,0.0010257235327344244,t4-120HF.t0-UF
ctrb1,1486.3642556678367,-2.185927380605726,0.4128193814229186,23.704896097532895,1.1229648609575721e-6,3.0418310671188236e-4,t4-120HF.t0-UF
c6ast4,574.2899831772705,-1.5967148405201006,0.3976027045340385,14.471192881396107,1.4231946787760555e-4,0.008279363406463658,t4-120HF.t0-UF
tnni2b.2,61.66542708514853,-1.6705913355558946,0.5204640618502828,9.451344526923243,0.0021099437554975924,0.049429709385549005,t4-120HF.t0-UF
tnni2b.1,63.48062634423445,-2.1810914778596566,0.5990750395356165,11.67261032200679,6.342695649955828e-4,0.02322328249333684,t4-120HF.t0-UF
tnnt3b,767.9133864249357,-1.6334511314046647,0.4953522197791656,9.690085868994501,0.0018526488186989677,0.04681854215884155,t4-120HF.t0-UF
si:ch211-260e23.9,78.11019746144933,-1.936654777319491,0.46248569746154045,15.892697912618097,6.703686021022037e-5,0.004504461273660389,t4-120HF.t0-UF
mtss1lb,286.82344355213263,1.5410569129909124,0.49448901879735685,9.933300798493278,0.0016231520234355596,0.04412077287976006,t4-120HF.t0-UF
rps17,235.05850596254763,-1.536545651074435,0.3860678289434788,14.42484388378005,1.4586523446703394e-4,0.008347015058379264,t4-120HF.t0-UF
rpl13,743.1552281608325,-1.246590038340207,0.3832626768066983,9.762940953500333,0.001780648321307624,0.04580017700028037,t4-120HF.t0-UF
gabarapb,103.80422267440366,-1.8927815778615673,0.5015697204187525,12.735429666974781,3.5879338817577895e-4,0.015554930509872004,t4-120HF.t0-UF
muc5.3,101.6529721608041,1.6183397868226388,0.46382963726233745,12.49915440144342,4.0713625490547997e-4,0.017131344939420878,t4-120HF.t0-UF
pbx3a,71.39290118591632,1.7589301306315897,0.5041041572317508,12.390128613809502,4.316095243327789e-4,0.017900437114433145,t4-120HF.t0-UF
aifm3,105.73359970556324,2.3215373068674503,0.6209559269721137,14.016950759346265,1.8117002993017997e-4,0.0098148863714675,t4-120HF.t0-UF
SUSD2,59.523353902165155,1.7233931412238501,0.525028697691597,11.067470296389054,8.78554626011114e-4,0.029516711233582696,t4-120HF.t0-UF
aacs,90.54515218189205,2.2973910426509794,0.44538788787421546,27.152298371978937,1.8804151338227409e-7,7.4088356272616e-5,t4-120HF.t0-UF
rpl36a,707.76049051982,-1.971188746831529,0.3517592697983998,27.294807294980586,1.7467988687499396e-7,7.210120283011656e-5,t4-120HF.t0-UF
klf9,38.77030522487146,-2.6038150361351864,0.5696733130850298,19.36948633564804,1.0771446109123989e-5,0.0012789985599162565,t4-120HF.t0-UF
si:dkey-201c13.2,37.34953875275996,-2.4265248709417286,0.5401604382691225,19.021262009583836,1.2926997429451258e-5,0.001455210567772513,t4-120HF.t0-UF
ela3l,850.0209298317066,-1.9221631222989903,0.43764728094043703,16.75620685598693,4.250299906403044e-5,0.0032894285347054983,t4-120HF.t0-UF
atp5l,114.07074602109134,-1.4844463263790242,0.4107088879487891,12.08113619441977,5.093454786855769e-4,0.020252323895626513,t4-120HF.t0-UF
myhz2,1848.9953420058828,-2.131537256856698,0.517593763442328,14.38548923201327,1.4894567553523977e-4,0.008438307944702341,t4-120HF.t0-UF
myhz1.3,673.9557192164984,-2.0307353385430376,0.5359533625139321,12.33221982035191,4.4520667047052943e-4,0.018203072734144097,t4-120HF.t0-UF
myhz1.1,3878.355089513499,-1.6939333556569378,0.518491538139477,9.436868382847152,0.002126663207792772,0.049553539476203626,t4-120HF.t0-UF
rpl12,412.31322698912106,-1.456046294973,0.40029248849981114,12.034133831040165,5.223510183399578e-4,0.02048750509941518,t4-120HF.t0-UF
rpl7a,671.236296230619,-1.2970218005556808,0.39699622474165963,9.81022202334296,0.001735445537617663,0.04519662525912646,t4-120HF.t0-UF
efnb1,262.52665968481625,1.1958448609042194,0.3941838033008053,9.44251323169361,0.0021201276770238986,0.04953441160227265,t4-120HF.t0-UF
ckma,744.0490206508495,-1.8379532334311819,0.5012759325102714,11.759073012039835,6.054737284102693e-4,0.022818462077653104,t4-120HF.t0-UF
apoa1a,861.0162621066634,2.334681875024071,0.3271948485558947,51.163689976986035,8.49759862690881e-13,9.207148112255697e-10,t4-120HF.t0-UF
eef2l2,89.22614044508927,-2.1135996914286563,0.5475828485515954,13.111403934497496,2.935036529522351e-4,0.013499268115264286,t4-120HF.t0-UF
ctsla,213.95765406736822,-1.3487206793205304,0.3652728525897784,12.615038679202875,3.826556197427109e-4,0.016259112313381462,t4-120HF.t0-UF
cox7c,90.35532881645705,-1.7960596210772253,0.4133584761106839,17.34293744564077,3.120557910079931e-5,0.002653788752992809,t4-120HF.t0-UF
ckmt2b,73.1955537880771,-2.028111889746949,0.5659937827967333,11.398708533197222,7.349518174224137e-4,0.02610886210417001,t4-120HF.t0-UF
mcama,50.7623541260138,1.434952480050317,0.4713659635723473,9.481326738795737,0.0020757380003354558,0.04915982783308123,t4-120HF.t0-UF
zgc:175280,57.2005791166888,2.2588444999019774,0.5892904183736783,14.988146417069537,1.0818862945736777e-4,0.006746611799542905,t4-120HF.t0-UF
mat2ab,147.51902933598234,-3.0112507015515892,0.6530716384521903,17.02384991990084,3.691323359204505e-5,0.0029903169044471637,t4-120HF.t0-UF
ak1,242.55856927872463,-1.619845491197507,0.47112536812575095,10.622155704073393,0.0011174070752251518,0.03410452298609724,t4-120HF.t0-UF
zgc:77748,48.1491012467828,1.9068113451022464,0.5340302830379278,13.1340943188724,2.8997041030628983e-4,0.013499268115264286,t4-120HF.t0-UF
tlcd4b,151.22098906311734,1.4663469160212959,0.4079557236688051,13.273474861650556,2.6918778950254965e-4,0.013008386688615729,t4-120HF.t0-UF
rpl19,708.1842233875927,-1.423059094557164,0.41734150720584157,10.569063750467976,0.0011499595399003517,0.03485261990159527,t4-120HF.t0-UF
tmem86b,55.79678810429744,2.6748217371994394,0.4949918979873146,29.806858664566683,4.773004356710902e-8,2.2984667646650055e-5,t4-120HF.t0-UF
si:ch73-141c7.1,71.88512896914345,1.7183280052981584,0.5287047532413782,10.798730243542906,0.001015697379648688,0.03224932192965138,t4-120HF.t0-UF
rps2,935.7522752390078,-1.2923919855947983,0.39350069973753254,9.908198403947551,0.0016454411515842127,0.04429404938488185,t4-120HF.t0-UF
zgc:153968,148.4894229572516,2.0657645884750635,0.5198566835284428,16.01614446255453,6.280463912833133e-5,0.00431793130762771,t4-120HF.t0-UF
atp2a1,1027.6165039506957,-1.9094059472332736,0.49161425326299696,13.095260624918808,2.9604381072263823e-4,0.013505830270230675,t4-120HF.t0-UF
rps15a,617.1491159650647,-1.7642563875193185,0.3447953750103648,23.203289421824216,1.4574781345853823e-6,3.6088373801209165e-4,t4-120HF.t0-UF
rpl3,646.9020617030504,-1.465585003271778,0.3990798709698768,12.224963329421648,4.7154320594610375e-4,0.019172062495366276,t4-120HF.t0-UF
rpl27,451.37348214599734,-1.705490509887222,0.3577294814939933,20.285798814829974,6.669377644281641e-6,9.613479692539399e-4,t4-120HF.t0-UF
rpl23,765.8431724181162,-1.6590157730106583,0.3500903059555035,20.038971215598693,7.587988347677133e-6,0.001011723004353156,t4-120HF.t0-UF
slc16a6b,43.64034357611427,2.2606479573325027,0.6023482636601662,14.418321654983139,1.4637128390328197e-4,0.008347015058379264,t4-120HF.t0-UF
rps11,408.66920841115905,-1.394294059836571,0.3633066375657954,13.487813127959782,2.401178786625865e-4,0.012069290208793623,t4-120HF.t0-UF
si:ch211-198m17.1,481.00979907142624,2.531778525854599,0.49104192714537825,26.506286613623438,2.6268187535974e-7,9.89968041573142e-5,t4-120HF.t0-UF
cyp3c4,118.89195605483731,1.943223045826755,0.6376366085767813,9.461528519705034,0.0020982615221537717,0.049429709385549005,t4-120HF.t0-UF
pdpk1a,84.5263399994577,-2.141610928227316,0.5292492743507903,14.451885470598157,1.4378584425413896e-4,0.008308904653299178,t4-120HF.t0-UF
uqcrc2a,51.54833258682889,-1.523348895499208,0.477347269247447,9.57331942898007,0.0019742549289434334,0.04812087948982895,t4-120HF.t0-UF
pvalb4,228.85116527796967,-1.5286751570012909,0.4634523831972481,9.853955656118345,0.001694669742402086,0.04505950100350086,t4-120HF.t0-UF
rpsa,760.3346406759385,-1.4127311124006656,0.4305287456483967,9.791928819557441,0.0017527950932802328,0.04535388340811965,t4-120HF.t0-UF
atp5mc3b,312.59945453492804,-1.374970572250123,0.3857681532812809,11.66404060682111,6.371979481668582e-4,0.02322328249333684,t4-120HF.t0-UF
gpd2,152.07056575168187,1.3855812450210832,0.41916798959994284,11.199715909371783,8.180985598223014e-4,0.028028768049564067,t4-120HF.t0-UF
rpl5b,243.4633351867604,-1.4384883793239345,0.38190983765902486,13.00394638922647,3.1083518973307596e-4,0.013890495264748197,t4-120HF.t0-UF
krt4,837.7168260459141,-1.319478770982038,0.3816333356191928,10.96100219349583,9.304947802172321e-4,0.030548934458642162,t4-120HF.t0-UF
igfn1.3,39.82166485593778,-2.5770548042631223,0.6658197235988433,13.245251761366283,2.7327120429849637e-4,0.013014916477249268,t4-120HF.t0-UF
rplp2,457.08411127432566,-1.9108342444527522,0.4024383495268866,19.727790433680852,8.929337314635056e-6,0.0010901337442712207,t4-120HF.t0-UF
rps26l,474.08587777292206,-1.6924264835012202,0.36376349188822027,19.32859435305253,1.1004596527625851e-5,0.001289024901371093,t4-120HF.t0-UF
cox6c,76.39784633221325,-1.4798480424224927,0.43824339396600065,10.659012380795893,0.0010953586537442094,0.03378850110553312,t4-120HF.t0-UF
rps10,613.4955887647977,-1.3838856337132963,0.3623063775664438,13.332721162369793,2.6081476397204356e-4,0.012700799854548729,t4-120HF.t0-UF
CABZ01117503.1,57.860037341420814,7.628468381913601,1.1194164149490637,106.9100079969901,4.658501605023153e-25,1.3459963970780231e-21,t4-120HF.t0-UF
igfbp1b,103.26101142306537,-2.446181656801773,0.6011134642111352,14.070397566597023,1.7609356578915175e-4,0.009599868102266462,t4-120HF.t0-UF
abhd3,114.99268639603767,2.959617103065611,0.5099657203667769,33.60953628958222,6.736166733556918e-9,4.170649517605097e-6,t4-120HF.t0-UF
cpdp,151.0035665432186,-1.670429276872988,0.46498077022080503,11.664982785613077,6.368753264622545e-4,0.02322328249333684,t4-120HF.t0-UF
amy2a,865.4080975181593,-2.9872006486874145,0.6034719452006583,19.089969201314375,1.24698564103016e-5,0.0014222199390065036,t4-120HF.t0-UF
myh7,35.96561421522205,-2.100593327050345,0.640685533977325,9.791889718212815,0.0017528323652192066,0.04535388340811965,t4-120HF.t0-UF
rps28,493.6234830393772,-2.0521468648196652,0.3753485376135024,25.870173860278392,3.6516815822183864e-7,1.266111038186759e-4,t4-120HF.t0-UF
efna2a,309.14015096302074,1.4643757279034915,0.4457756619760761,11.050588652400286,8.865904443709912e-4,0.029557561430029813,t4-120HF.t0-UF
smarcd3a,35.50004304530447,1.6895697679481754,0.52256736145926,10.725844504021694,0.0010564944003946036,0.03317199153343127,t4-120HF.t0-UF
rnf220a,274.999975747569,1.5680467127205824,0.39533427911960156,16.11643753717955,5.956479489322622e-5,0.0041637713075361685,t4-120HF.t0-UF
copa,139.43333527497703,1.2586244597273384,0.38987435309439256,10.712225099598314,0.0010642995732654363,0.03318470755778706,t4-120HF.t0-UF
gtpbp4,114.6570481182725,-1.3128323048309307,0.4098502304384214,9.594532393970539,0.0019515761757353607,0.04812087948982895,t4-120HF.t0-UF
pax3a,95.94617950979972,1.928097572810126,0.6265109065432225,9.589422481221177,0.001957014914348395,0.04812087948982895,t4-120HF.t0-UF
acss2l,71.90652307479516,-1.4406703796985754,0.4219394376126019,10.954136737817265,9.33948734603158e-4,0.030548934458642162,t4-120HF.t0-UF
uba52,464.17854296131685,-1.6642318757346075,0.37280242066905844,17.832324927350328,2.412497684812762e-5,0.0022485516055867766,t4-120HF.t0-UF
zgc:85843,59.815998606741886,3.6382382154924864,0.5367615109723088,47.06569241203769,6.864683172657473e-12,5.950307374059498e-9,t4-120HF.t0-UF
eef2b,656.5383130176284,-1.0978148961932974,0.3384491643825454,9.838322311324738,0.0017091330772668468,0.04519662525912646,t4-120HF.t0-UF
epb41l3b,285.9567943511814,1.6873826159505867,0.4795323649244377,12.676244505310201,3.703306415639585e-4,0.01589121782711085,t4-120HF.t0-UF
rpl24,516.80930534769,-1.5036685212826797,0.42929444839408865,11.090469425189703,8.677251633973634e-4,0.029380631704407602,t4-120HF.t0-UF
atp5pf,71.83232688805306,-1.6754505806052267,0.4319297807260826,13.975484119685845,1.8520994817852133e-4,0.009909875498835943,t4-120HF.t0-UF
cpo,38.71422493136561,2.5499504260321464,0.5486655283557816,22.194101695668657,2.4642969139044923e-6,4.85466492039185e-4,t4-120HF.t0-UF
mylz3,879.9600773473293,-1.6082476288075087,0.42162009659213096,13.00364294114297,3.1088556545467815e-4,0.013890495264748197,t4-120HF.t0-UF
SLC5A10,81.43467744549446,-1.864599568491992,0.4433379373537883,16.135451559500332,5.896979214041041e-5,0.004155692343683556,t4-120HF.t0-UF
mttp,103.68874124660162,2.1950328530199523,0.4611850920557603,23.022316483917123,1.6013175160052828e-6,3.6088373801209165e-4,t4-120HF.t0-UF
rpl9,465.08635015484583,-1.3557007863313908,0.42174894366817167,9.460460284561378,0.0020994838274963983,0.049429709385549005,t4-120HF.t0-UF
fabp2,990.3298222659038,1.8431328083428016,0.34410708283250363,29.255012520063048,6.34518710990345e-8,2.894741150981216e-5,t4-120HF.t0-UF
ankrd10a,36.1988763981068,1.6037388466092803,0.4991861041587017,10.638236603013226,0.0011077324666096224,0.03392871032004314,t4-120HF.t0-UF
si:dkey-1h24.2,166.32495221772217,2.0313304844889513,0.5896160018317497,12.060383976588668,5.150468238794519e-4,0.020292844860850402,t4-120HF.t0-UF
glra3,92.75453731970714,-1.6744655518821583,0.4924419131342496,10.507057797404215,0.001189194520798158,0.03554461415958081,t4-120HF.t0-UF
nfixa,363.18816003171156,1.9055639159812372,0.5250928862955646,13.380622566717776,2.542373246717442e-4,0.012450447063585755,t4-120HF.t0-UF
abca1a,372.9759737173244,-1.4285037944367245,0.3619180913952981,14.235887754137146,1.6126554306068822e-4,0.00896057517467978,t4-120HF.t0-UF
xpo1a,47.698104054153895,1.596027387758382,0.523856095587243,9.518703822958024,0.002033881868924756,0.04852276799322724,t4-120HF.t0-UF
dbi,112.83709665217872,1.7008593213476353,0.4944862712853784,12.122559261352706,4.981548925584498e-4,0.01999077133655853,t4-120HF.t0-UF
gpr155a,58.35797886230348,-1.8892072117693872,0.5076254583359968,12.656265283966313,3.7430918710416405e-4,0.015982817900585686,t4-120HF.t0-UF
st6gal2a,309.00993375789704,1.2412268616204298,0.4010425917620596,9.821494439343795,0.0017248413570994789,0.04519662525912646,t4-120HF.t0-UF
desma,57.43189163454061,-1.947635884480083,0.5512072710001635,11.287288388837553,7.803958013886368e-4,0.02738652148354941,t4-120HF.t0-UF
cbsb,99.45158592185082,-1.651428782479413,0.5090928203573376,9.57822690703059,0.0019689847068345995,0.04812087948982895,t4-120HF.t0-UF
lrrc58b,107.96025899796335,1.7495255559340048,0.4401158823721455,16.160901307260325,5.818274060052637e-5,0.004133836028896414,t4-120HF.t0-UF
si:ch211-141e20.2,102.16390649103899,-2.1410196308250944,0.5883195325174312,11.543076764547926,6.800200875031977e-4,0.024458149869202146,t4-120HF.t0-UF
crygm2d13,179.05835632629845,-1.493186918100974,0.4340252371717033,10.799267987484242,0.0010154023803540192,0.03224932192965138,t4-120HF.t0-UF
crygm2d11,74.77340785057004,-1.9073997692057894,0.4495405014821197,16.464628138258405,4.956624462839394e-5,0.003580335070324322,t4-120HF.t0-UF
crygm2d17,57.13055035940164,-1.5996512924321151,0.47116817745855666,10.750112110641808,0.0010427300215334443,0.03298680228705071,t4-120HF.t0-UF
crygm2d8,161.28359347245026,-1.5622395365022617,0.4562391857149363,10.643748694553487,0.0011044358124603975,0.03392871032004314,t4-120HF.t0-UF
crygm2d16,70.08853233212405,-1.6030326409880604,0.48696323285289284,9.979065243865016,0.0015833004177212096,0.04343549955210721,t4-120HF.t0-UF
crygm2d17.1,165.4255560461615,-1.4186776705187183,0.4214620031265689,10.418339885045164,0.0012477000240633071,0.03691148057536091,t4-120HF.t0-UF
crygm2d20,103.45760673041657,-1.8969867322475156,0.4254998664143873,17.979052908178637,2.233492453195214e-5,0.002151463734462521,t4-120HF.t0-UF
crygm2d5,68.89230278444057,-1.7871960178356123,0.44742445518576057,14.729294431382783,1.2410297211338936e-4,0.007367976453964788,t4-120HF.t0-UF
crygm2d9,28.79679148705559,-1.8707716646692554,0.5832660324267577,9.741978245392893,0.0018010696096190017,0.04605212795332598,t4-120HF.t0-UF
crygm2d4,78.59392682121569,-2.177717176572034,0.4828781664542633,18.15490784938533,2.0364392146275854e-5,0.002101411322903799,t4-120HF.t0-UF
crygm2d21,101.60551272283837,-1.6344383928148303,0.41357767055466504,14.356314759425409,1.5127148315827337e-4,0.008514423480622816,t4-120HF.t0-UF
crygm2d10,132.67666057586752,-1.70278310781665,0.40608534958748094,16.002330230811502,6.326456807437924e-5,0.00431793130762771,t4-120HF.t0-UF
crygm2d2,263.23508209136537,-1.5090749680114883,0.4003722863783064,12.917811615190445,3.254701511736147e-4,0.014393751379453531,t4-120HF.t0-UF
crygm2d1,131.7596829048083,-1.621196268991316,0.43332778867731314,12.73484942841872,3.5890471873262583e-4,0.015554930509872004,t4-120HF.t0-UF
neb,293.3628630927906,-1.738668840458948,0.5241467443922296,9.75655430686637,0.0017868450376650727,0.04582358812568298,t4-120HF.t0-UF
rpl8,668.2909170976617,-1.2729110625018014,0.3897111638331715,9.826749361972567,0.0017199204098538503,0.04519662525912646,t4-120HF.t0-UF
mao,162.1270786929673,1.7692832624226258,0.46244731270941,14.991071510038147,1.0802105709085124e-4,0.006746611799542905,t4-120HF.t0-UF
tfcp2l1,46.1641462060936,1.8622230282952554,0.5677645373727174,11.075224345591955,8.748883413311683e-4,0.02950790716987769,t4-120HF.t0-UF
stat1b,35.80389190723865,-3.273313484603956,0.9116697635350126,10.688635323178026,0.0010779569543463245,0.0333897678298428,t4-120HF.t0-UF
vil1,468.28791884343156,1.6714554470542218,0.4662405370375321,13.15654249942316,2.8651707539128937e-4,0.01349744570375922,t4-120HF.t0-UF
stk39,73.96014632666996,1.4028565571320886,0.4625074049247472,9.453812091038245,0.0021071071293339476,0.049429709385549005,t4-120HF.t0-UF
xirp2b,35.366487801639266,-1.9795515173420077,0.60442712308364,9.86714161565449,0.001682567069255971,0.04501386221083567,t4-120HF.t0-UF
GALNT3,53.6101177378698,1.9859924309110848,0.5230920561319956,14.695893128452518,1.263213499037135e-4,0.007448662999764548,t4-120HF.t0-UF
rpl31,560.9912230186239,-1.7766797382605046,0.3430986192887204,23.76513845772265,1.0883596388552483e-6,3.0418310671188236e-4,t4-120HF.t0-UF
COLEC10,47.598465463111125,-2.284681572253915,0.6299339580616891,11.719330930944523,6.185418926089368e-4,0.02311000484971665,t4-120HF.t0-UF
rpl18,581.0520129311503,-1.298240216187819,0.373831308890485,11.097171090340026,8.645950504290317e-4,0.029380631704407602,t4-120HF.t0-UF
gapdh,438.5784746632582,-1.5635342803511125,0.3582170743806967,17.208420089237407,3.3494849038813676e-5,0.0027650795377946375,t4-120HF.t0-UF
icn,1152.9532269830313,-2.4910509938494827,0.5315159260752459,17.999847373812287,2.2092268208459532e-5,0.002151463734462521,t4-120HF.t0-UF
icn2,58.797686424194296,-1.8295397155223807,0.5456827511142983,10.220394580820212,0.0013889613240465437,0.0401317225227848,t4-120HF.t0-UF
nbn,131.80345753242992,1.4684797179111648,0.43340467860335324,11.78593906843841,5.967977949625564e-4,0.022788736945971097,t4-120HF.t0-UF
apoa4b.2,245.8508354755352,5.23671156038508,0.5314464792045656,87.61840489818067,7.93825244032475e-21,1.7202193038183732e-17,t4-120HF.t0-UF
apoa4b.2.1,420.0274158962383,2.2492188426440123,0.35862848089912686,39.74685871219099,2.8910522705174523e-10,2.0883034234037733e-7,t4-120HF.t0-UF
apoeb,335.96397476562663,1.43745520777488,0.3997773151403363,13.266906299502963,2.701326262056796e-4,0.013008386688615729,t4-120HF.t0-UF
apoc2,751.5939953014073,2.1581717708103967,0.5145658997686392,17.764811768299438,2.499637991249065e-5,0.0022807223271733576,t4-120HF.t0-UF
rps19,667.0963865081923,-1.575151130204324,0.34132812967104253,19.16446194081709,1.1992542620541301e-5,0.0013860181257980267,t4-120HF.t0-UF
prss1,1330.7865891577926,-2.0588147408852326,0.4247323483843168,20.11361391180425,7.2975379397402124e-06,0.001011723004353156,t4-120HF.t0-UF
fbxo32,47.957966250568724,-2.901272972510796,0.5839199685601268,22.092421560778,2.5983350861061317e-6,5.004970783637322e-4,t4-120HF.t0-UF
prss59.1,657.0769986920876,-1.8748086857560367,0.4276737927672807,16.789709240265864,4.1759149477869973e-5,0.0032609757448124046,t4-120HF.t0-UF
prss59.2,1262.2055444593734,-1.7915782677762855,0.43576658375987637,14.838563587483748,1.1711605828715759e-4,0.007073957143482073,t4-120HF.t0-UF
bcan,43.71413021734934,2.60178399856475,0.5802685315802362,20.40393813069609,6.2700633841959954e-6,9.613479692539399e-4,t4-120HF.t0-UF
me1,80.17422426802858,2.8085084451035423,0.4577424240848809,38.054237580718386,6.880511317316784e-10,4.5877132383462985e-7,t4-120HF.t0-UF
tp53inp1,133.81753503734043,-1.733575387353279,0.4271443339466615,14.906170748405756,1.1299277706150195e-4,0.0069462510040361625,t4-120HF.t0-UF
rpl28,504.9182990465662,-1.5601996051287652,0.36365831429270173,16.602344202076637,4.6094013237621634e-5,0.0034379454309916586,t4-120HF.t0-UF
fabp10a,305.6098214419092,-1.873083552151292,0.4653643054522218,14.25749598720327,1.594245806831072e-4,0.008915433970072086,t4-120HF.t0-UF
dab1a,936.97207497257,1.3706852915797354,0.439506364471597,9.978854637238058,0.0015834815249729903,0.04343549955210721,t4-120HF.t0-UF
lpgat1,234.1456484910041,1.1418892349808123,0.3745850917104519,9.541392891617996,0.002008892322665151,0.048369662924615364,t4-120HF.t0-UF
sh3rf1,340.16363924975406,1.6832745899858914,0.3639465147224235,21.902357986443974,2.8688119765119452e-6,5.40583961139251e-4,t4-120HF.t0-UF
chac1,142.77900250738614,-1.8992033207719923,0.47056345786039205,14.519003720034512,1.3875276315219762e-4,0.008126411831103034,t4-120HF.t0-UF
pdia6,111.11150195670474,1.6056744289050413,0.47400477016797427,11.745260903110278,6.099835720305045e-4,0.022888907369525598,t4-120HF.t0-UF
armc2,95.99483225464533,-1.7049593553354667,0.5054592109152168,10.293637622626676,0.0013348967401123487,0.03884931746952524,t4-120HF.t0-UF
txlnba,27.29093357270762,-2.0071901001348396,0.599093761207174,10.59698926603798,0.0011327196056292294,0.03445057383015495,t4-120HF.t0-UF
atf3,92.24393946130778,2.153619941488132,0.5522653667233378,15.447501761999554,8.482900129734112e-5,0.005446650246261873,t4-120HF.t0-UF
flvcr1,51.7461932908695,2.007387758450974,0.4995221730939843,16.591370067650736,4.636150246408038e-5,0.0034379454309916586,t4-120HF.t0-UF
msra,213.41525440699826,-1.9151797101578212,0.5253434897999166,11.662724270746395,6.376489655530882e-4,0.02322328249333684,t4-120HF.t0-UF
hadhaa,41.50209969906121,1.7996641187571498,0.5321887106441855,11.680279231609262,6.31660523901372e-4,0.02322328249333684,t4-120HF.t0-UF
slc25a47a,36.33841559136364,-2.017503295102245,0.5904121351701745,10.821914111655829,0.001003057354038676,0.03208303005463928,t4-120HF.t0-UF
rps29,704.4378108111939,-1.8753012417827313,0.35932386151000606,23.864264408836412,1.0337302211746766e-6,2.987499267824099e-4,t4-120HF.t0-UF
faua,547.9026740173529,-1.4565319356020476,0.3685116375136711,14.200127293680083,1.643593939404905e-4,0.009074313545708099,t4-120HF.t0-UF
rpl6,326.2860169855417,-1.7508110635391423,0.39479805527422834,17.522007124800588,2.840012933749735e-5,0.0024865891019942125,t4-120HF.t0-UF
slc25a25a,63.56588994970902,2.232306814932886,0.5414987562999204,17.33610973901225,3.1317893869571716e-5,0.002653788752992809,t4-120HF.t0-UF
slc6a8,291.21984322774875,2.4901457973686205,0.5280390768036319,22.263745676344172,2.3765141933470406e-6,4.790610471612128e-4,t4-120HF.t0-UF
zgc:77486.1,76.76359292676914,2.130862492267836,0.5070108126124039,18.02589709481837,2.179202057729279e-5,0.002151463734462521,t4-120HF.t0-UF
ela2l,1032.8218225727576,-1.880086977350146,0.5018200259196051,12.217908437188143,4.7332964628615397e-4,0.019172062495366276,t4-120HF.t0-UF
ela2,400.05964030175903,-1.7745534220867771,0.4851862555147415,11.812121366157939,5.884634494241444e-4,0.022569916723931344,t4-120HF.t0-UF
xpc,43.73291326403683,-1.9704132442331665,0.5905636606614555,10.1720695403897,0.0014258413924572895,0.0407894164680521,t4-120HF.t0-UF
rfk,32.273692886615635,1.6556248178962754,0.5385148555549897,9.763718419005407,0.0017798954649588428,0.04580017700028037,t4-120HF.t0-UF
ulk1a,66.017706276893,-1.7041696158419062,0.5032235708267649,10.519994700650443,0.0011808982312994515,0.03554175648924877,t4-120HF.t0-UF
sult1st1,36.958774240808495,2.7145587126085515,0.6529607707850272,17.61077630179716,2.7104807949496206e-5,0.002422107992847764,t4-120HF.t0-UF
plod1a,40.13110615646338,1.5868906308516826,0.5213300971060479,9.51531362969979,0.002037642772212127,0.04852276799322724,t4-120HF.t0-UF
si:ch211-263k4.2,515.4269455079918,1.3649691637930557,0.37614375219738516,13.505202490345631,2.379029732791917e-4,0.012059315627976805,t4-120HF.t0-UF
si:dkey-32e23.4,84.60670268377186,1.9595162848383016,0.44598960967429363,19.793470598893478,8.627690219168191e-6,0.0010901337442712207,t4-120HF.t0-UF
si:dkey-248g15.3,77.56339857769049,-2.2665313482919007,0.448660384327559,23.097522721699818,1.5398897011171138e-6,3.6088373801209165e-4,t4-120HF.t0-UF
egln3,134.84939444996795,4.373177788409409,0.578051266591971,54.2383904680549,1.7758324260735264e-13,2.1989879241721895e-10,t4-120HF.t0-UF
p4ha1b,109.18381758315564,4.888554463565769,0.5643666344551012,74.39022241867147,6.410572617556204e-18,1.1113368689795435e-14,t4-120HF.t0-UF
si:ch211-149k12.3,47.98532188599786,1.750773706769481,0.5644414272457583,9.88096265745385,0.0016699754661641361,0.044815316844305675,t4-120HF.t0-UF
atp5if1b,45.4660736627214,-1.6896089746087108,0.5242400830608489,9.673186134417215,0.001869767749204868,0.04697723724668926,t4-120HF.t0-UF
rpl13a,468.44720306555365,-1.3517777801339461,0.3765820733256814,11.8184893147303,5.864542344729801e-4,0.022569916723931344,t4-120HF.t0-UF
pabpc4,84.4991726952369,-2.527306665082817,0.5253974373097475,20.086317582875807,7.402436197692742e-6,0.001011723004353156,t4-120HF.t0-UF
pgrmc2,49.784415646115455,1.4467600557493383,0.47167253534241804,9.680769751397683,0.0018620660271436345,0.046919733497909955,t4-120HF.t0-UF
lpin1,673.8483647749583,-2.2372038325203367,0.45550561185225524,20.35842646661949,6.420970927246383e-6,9.613479692539399e-4,t4-120HF.t0-UF
apoba,178.66696866717757,2.535655068161844,0.5472468149679071,21.473186812693044,3.588108936771737e-6,6.479526721653629e-4,t4-120HF.t0-UF
ldah,126.91191040423762,2.0220800238440035,0.5630139361348678,13.115409857868471,2.92876728956908e-4,0.013499268115264286,t4-120HF.t0-UF
tpp1,45.56167319748583,-1.841581674873033,0.5550111933941533,10.13485919481056,0.001454913569257868,0.04134816661746623,t4-120HF.t0-UF
fosl2,115.91094606045604,1.351709734056234,0.43692280146316936,9.813947033977477,0.001731934059741888,0.04519662525912646,t4-120HF.t0-UF
zgc:92137,133.8284668726787,-1.7879155418045793,0.5328680463139724,10.053608109199061,0.001520498525983604,0.04237839621616039,t4-120HF.t0-UF
gnmt,100.87711913127427,-1.7512066442865875,0.516963364998056,10.337632410841927,0.0013034509630241524,0.03842963587582773,t4-120HF.t0-UF
pmt,44.921109252827655,2.4296522546626784,0.5913001241307019,17.304656397714766,3.184056648722337e-5,0.002653788752992809,t4-120HF.t0-UF
abca1b,444.1010241881195,2.276145684461601,0.5377598541504152,18.02939911346239,2.175197034871345e-5,0.002151463734462521,t4-120HF.t0-UF
rack1,552.6856058244895,-1.3783867749112262,0.3807454239977349,11.980197130226315,5.376889559492755e-4,0.0209940895052627,t4-120HF.t0-UF
eif4ebp3l,363.5917104598142,-1.2608166797763314,0.37762869098100166,10.326453066133737,0.0013113697640936112,0.03853204445818109,t4-120HF.t0-UF
psd2,93.66380407389663,1.636865878004242,0.4078602822485691,16.498347708949453,4.869248879241238e-5,0.003546777250862441,t4-120HF.t0-UF
nlgn3a,302.9335472907181,1.4187809366052315,0.4516427653980425,10.105944711615095,0.0014779181275162508,0.041864687350689087,t4-120HF.t0-UF
ergic1,84.77539441145936,1.5650104152229187,0.5116571981229409,9.584793645169974,0.001961954882044552,0.04812087948982895,t4-120HF.t0-UF
ran,84.34481849766257,-1.3522489931746955,0.4227736170398095,9.607032431627545,0.0019383362503142725,0.04812087948982895,t4-120HF.t0-UF
arr3b,50.1934108833699,-3.4963985110155953,0.8464922839803742,13.805207139879712,2.0277345895686156e-4,0.010588194832759494,t4-120HF.t0-UF
slc25a5,1126.2353663059207,-1.5279331397117353,0.41887692072497446,11.969490567851935,5.407872419249047e-4,0.021020375843072082,t4-120HF.t0-UF
slc25a43,33.115437380264915,-2.4472997626683055,0.597679283014588,15.543188209168214,8.064168524153069e-5,0.005255655095290136,t4-120HF.t0-UF
rpl39,812.6618977455589,-2.0495752057234524,0.3461601431634123,30.223716213544293,3.849730737487834e-8,1.9629097666202672e-5,t4-120HF.t0-UF
lonrf1,150.28795635423367,-2.6498514427049757,0.6788031662406603,12.524833551835947,4.0157867136553e-4,0.016979921577543484,t4-120HF.t0-UF
crybb1l1,129.95142587458815,-1.4819310353222757,0.4526461418586352,9.823327330818444,0.0017231233365114663,0.04519662525912646,t4-120HF.t0-UF
atp6v0e1,48.09522635689537,-1.633277952395895,0.48761891897487686,10.554009348540525,0.0011593633260542997,0.0350151962029222,t4-120HF.t0-UF
ddx21,134.18856694953115,-1.594901516490464,0.4622012282043725,10.833099822109872,9.970158256018859e-4,0.032007900653026465,t4-120HF.t0-UF
elovl5,27.434831857506072,2.4476925667723948,0.6893059324949177,12.898113556144338,3.2891347802245887e-4,0.01447219303298819,t4-120HF.t0-UF
prph2b,46.993014798853345,-2.459794730944384,0.6774654973967944,11.531968911800377,6.840952347775264e-4,0.02450304750021322,t4-120HF.t0-UF
pla2g12b,84.64044200284495,1.6660810224034706,0.414154611471854,16.589969384676394,4.63957555583736e-5,0.0034379454309916586,t4-120HF.t0-UF
vdac2,241.42718571855661,-1.3333771310995577,0.3882154609376621,10.89150209734845,9.660645254800725e-4,0.03138988452203927,t4-120HF.t0-UF
rps24,650.1385638889546,-1.4796943232330049,0.37492555277787837,14.11513190793815,1.7195491763484063e-4,0.009433577380118978,t4-120HF.t0-UF
arg2,95.984942840228,-2.4787783952399223,0.6486028688526532,12.371807770157027,4.358653804878458e-4,0.017990862466993558,t4-120HF.t0-UF
sgpp1,52.450998827223415,1.4483725827883267,0.46338505997696383,10.019643966883983,0.0015487940413012897,0.04302867548076788,t4-120HF.t0-UF
si:ch211-62a1.3,27.25641694570239,-2.0885279738976754,0.6479242914175779,9.614337219572903,0.001930641277014193,0.04812087948982895,t4-120HF.t0-UF
gatm,64.72086526173456,1.974132991657853,0.5613297940558015,12.687824395257834,3.680442429057152e-4,0.01587167909207333,t4-120HF.t0-UF
rps3,466.84384874975785,-1.3218771465538932,0.40650030542352833,9.711572836493225,0.001831112324066052,0.04668259301471923,t4-120HF.t0-UF
zfpm1,430.2994902643156,1.2035521135021854,0.3626472848534017,11.316053581215115,7.68398492522145e-4,0.027075114362528265,t4-120HF.t0-UF
rpl4,329.05582299933224,-1.5474484874997079,0.38194452613453383,14.865034879551565,1.1548386313345615e-4,0.007049395250991535,t4-120HF.t0-UF
ddb2,36.45557068622218,-2.6153203189087364,0.5941744312817926,17.845042829085756,2.3964273856904482e-5,0.0022485516055867766,t4-120HF.t0-UF
tmod2,251.18985881710032,1.1270544751700864,0.3717490654730169,9.429824317586274,0.002134847397608911,0.04961087732566767,t4-120HF.t0-UF
rpl35a,488.3998417089309,-1.729028044708701,0.367046984364713,19.749022139155528,8.830686494388523e-6,0.0010901337442712207,t4-120HF.t0-UF
rbp4,1025.3581746480024,-1.3530851395650554,0.4074211245575916,10.078576778323125,0.0015000315223936526,0.04235268155084098,t4-120HF.t0-UF
si:ch211-131k2.2,36.025924133048115,-2.57510807579446,0.7715593929191233,9.698334837365081,0.0018443506390185306,0.04681854215884155,t4-120HF.t0-UF
ppp1r9bb,93.0713458045399,1.2410329217938565,0.4057587657451258,9.592245282514618,0.001954008567268546,0.04812087948982895,t4-120HF.t0-UF
si:ch73-103l1.2,118.87916716634697,2.154167401028586,0.5984578711885372,13.14529629708106,2.8824193084704344e-4,0.013499268115264286,t4-120HF.t0-UF
atp2a1l,374.7178850870423,-2.253591766295552,0.577223038819064,12.855893710899764,3.364179984701922e-4,0.01472763237747286,t4-120HF.t0-UF
slc16a12b,74.28960259709798,-1.7605505122334493,0.5072808869481356,11.003890509785343,9.09208408732746e-4,0.030195473129867596,t4-120HF.t0-UF
pvalb2,2305.6519398149044,-1.495779490789661,0.4589527123386829,9.567789021873494,0.001980211267171724,0.04812087948982895,t4-120HF.t0-UF
tefa,85.6140579206905,-1.5967246516572244,0.4777885641575358,10.283884686625825,0.001341971119164664,0.03890369786260638,t4-120HF.t0-UF
mkxa,83.4711310497202,2.105414249537655,0.6705162493193996,9.932640906898996,0.0016237340273008143,0.04412077287976006,t4-120HF.t0-UF
ldb3b,47.57098609925607,-2.2403185989440364,0.5877423385688929,13.017431919426869,3.086047337746271e-4,0.013890495264748197,t4-120HF.t0-UF
crygmxl2,88.20447283553479,-1.561541472774044,0.46190960458749913,10.507835607702049,0.0011886940576551403,0.03554461415958081,t4-120HF.t0-UF
slc9a3r1a,279.9684838640671,1.1425536817101114,0.3672021359388431,9.944586142332987,0.0016132313464759659,0.044111953663260796,t4-120HF.t0-UF
rpl38,503.1178519375311,-1.7093173469896255,0.36544773976596423,19.502570239378947,1.0046441244888689e-5,0.0012094798987596549,t4-120HF.t0-UF
rplp1,1048.7612587154845,-1.6896861753357906,0.3536719365999,20.276230343707,6.702815766144622e-6,9.613479692539399e-4,t4-120HF.t0-UF
cyt1,452.5011440583832,-1.757852791851838,0.500585690791261,10.889898726761999,9.669011499059167e-4,0.03138988452203927,t4-120HF.t0-UF
rps27.1,511.12148445910896,-1.2834137931691643,0.3679881370841031,11.217691764579698,8.102120549723199e-4,0.02786872258928599,t4-120HF.t0-UF
rcvrn3,46.85186299985507,-2.560617710242046,0.6650151591352911,12.956531011359218,3.1880736504447474e-4,0.014171396103617985,t4-120HF.t0-UF
apoa4a,219.48913734203,5.719017021351358,0.5069312461664929,123.10276875265882,1.324099405946111e-28,5.738646825370445e-25,t4-120HF.t0-UF
apoea,310.90255474369076,2.1326150376032156,0.40651242609200533,27.930482761547054,1.2575298584676814e-7,5.450134406598931e-5,t4-120HF.t0-UF
rpl15,532.207455731956,-1.3524083502457847,0.39274283872187643,10.860630946854954,9.823022185876137e-4,0.031652771861403105,t4-120HF.t0-UF
rps18,370.6413420957166,-1.4331546513489224,0.36611110077747533,14.003740314803004,1.8244733933817317e-4,0.009822692778778168,t4-120HF.t0-UF
mbpa,92.35465733299183,-2.318367023716001,0.5134035964725678,17.8099726143925,2.44100484371077e-5,0.0022509180835409526,t4-120HF.t0-UF
si:dkeyp-92c9.4,34.079252876004716,2.8307871077145803,0.5992892132914002,23.047097740341606,1.5808095787653533e-6,3.6088373801209165e-4,t4-120HF.t0-UF
rpl30,431.5403777074869,-1.712085636472507,0.4069252486565383,15.757522368253944,7.200106756471342e-5,0.004764162241610198,t4-120HF.t0-UF
tinagl1,210.27979273621665,1.65275717025846,0.5291502759152812,9.991808821354184,0.0015723807683407204,0.04340572133750753,t4-120HF.t0-UF
eef1a1l1,1537.4014619455886,-1.5809456682068268,0.40189275521348233,13.848538300652095,1.981508090868802e-4,0.010432210806502997,t4-120HF.t0-UF
rpl11,643.1017384236794,-1.4829078061718004,0.38291150409220015,13.581952225687154,2.2837060486673137e-4,0.011714648071222024,t4-120HF.t0-UF
nme2b.2,598.5616098017554,-1.6761185891466583,0.44741565973354486,12.480414362025613,4.1124096746794007e-4,0.017220467178802438,t4-120HF.t0-UF
rpl14,544.3610712133002,-1.663306255013118,0.370827602634641,17.978732300685607,2.233868667531459e-5,0.002151463734462521,t4-120HF.t0-UF
si:ch211-235m3.5,32.78180817962842,2.759231014916387,0.6121526861452437,21.06721249392315,4.434513573344512e-6,7.844564010969434e-4,t4-120HF.t0-UF
guca1c,37.775225578726086,-3.210544120628148,0.857341169200714,11.769908846714252,6.019592591186172e-4,0.022818462077653104,t4-120HF.t0-UF
foxo1a,699.6518749836221,-1.3038140330802783,0.38234931053143717,10.687565684316937,0.0010785804098241791,0.0333897678298428,t4-120HF.t0-UF
abcg1,33.40691590899695,-2.978524373750984,0.6658433472778879,18.265539299576943,1.9215198607103482e-5,0.002006714958149072,t4-120HF.t0-UF
egln2,149.96149559703184,2.45531384108595,0.5040517673654246,23.86380810146146,1.0339752888177545e-6,2.987499267824099e-4,t4-120HF.t0-UF
zgc:92630,101.45592111472705,1.7441327029599276,0.5021975760722968,12.361945257171854,4.3817390796134574e-4,0.018000433337483152,t4-120HF.t0-UF
TMEM120A,45.19041270177438,2.3302587694828687,0.5176147327519857,20.82948498974649,5.020409197048145e-6,8.701749530962131e-4,t4-120HF.t0-UF
hip1,215.58451499222224,1.7149920672963064,0.3851445976519534,20.277165636242366,6.699539871711848e-6,9.613479692539399e-4,t4-120HF.t0-UF
plin2,530.700812065384,5.779284911824153,0.41898742984681436,169.06736304581648,1.1826790565392292e-38,1.025146206208204e-34,t4-120HF.t0-UF
vmp1,108.33919269378531,1.3393955670171154,0.41460688347743546,10.71960186239206,0.0010600647963498455,0.03317199153343127,t4-120HF.t0-UF
ulk2,366.5459128535559,-1.7264401147063706,0.3406571948400707,22.995598804665704,1.6237270168979667e-6,3.6088373801209165e-4,t4-120HF.t0-UF
zgc:162608,75.5709462273268,2.1477411772124437,0.6503856238263933,11.054700784022813,8.846262124954773e-4,0.029557561430029813,t4-120HF.t0-UF
ckmb,420.22700995501316,-1.939752883025355,0.496846349646601,13.251372959504629,2.723802981720551e-4,0.013014916477249268,t4-120HF.t0-UF
agfg1a,180.66557956041575,1.8031058855915032,0.4077085927925401,20.010086467637898,7.703474652435197e-6,0.001011723004353156,t4-120HF.t0-UF
ctrl,1057.6333443155072,-1.575809199527468,0.41091495425761837,13.18018918722936,2.8292419227855467e-4,0.013401021304210448,t4-120HF.t0-UF
slc36a4,101.2151283854032,1.4215609835463137,0.4390972633983844,10.720593587468024,0.0010594967780208403,0.03317199153343127,t4-120HF.t0-UF
rps21,497.2860435315013,-1.7355982162336916,0.36369877909114023,20.2584581702693,6.765369880536494e-6,9.613479692539399e-4,t4-120HF.t0-UF
osbpl2b,184.9978917734565,1.7037063762620148,0.43085736449180806,15.984191281707652,6.38736320654342e-5,0.004325442521431123,t4-120HF.t0-UF
si:dkey-151g10.6,1398.831259780462,-1.818252417954668,0.34531060601317404,24.32363212296005,8.14338378711991e-7,2.52095895238412e-4,t4-120HF.t0-UF
rps26,247.04037489558732,-1.8389365414729042,0.3615568903026742,23.095620716676798,1.541413722843488e-6,3.6088373801209165e-4,t4-120HF.t0-UF
lmbr1l,85.25740273719052,1.8066099511290845,0.4634885810999821,15.520557083855678,8.161287402267152e-5,0.005279256656929229,t4-120HF.t0-UF
slc25a33,108.7151580567385,-2.140545901431772,0.5423742063942646,13.618214443769567,2.2400162550071507e-4,0.011626623292456277,t4-120HF.t0-UF
rps12,770.7234132786872,-1.5463699248826894,0.3526667371191618,17.321610106438605,3.155776004843678e-5,0.002653788752992809,t4-120HF.t0-UF
fbxo25,33.374995186808626,-1.887232520089322,0.571993622534026,10.20277028121425,0.0014022983863303028,0.0403768226646382,t4-120HF.t0-UF
eno3,306.3362308747601,-1.26866148021073,0.36397896643232697,11.263028839932034,7.906609459548582e-4,0.02748959139564778,t4-120HF.t0-UF
st8sia7.1,42.815206186146476,2.4050499281827866,0.6594151894722068,13.48183164630268,2.4088454154606563e-4,0.012069290208793623,t4-120HF.t0-UF
rpl37.1,724.245618716418,-1.8450119168482677,0.35640933467125896,23.54205741391364,1.2221287824544018e-6,3.2101249352468956e-4,t4-120HF.t0-UF
shroom3,280.53520903813853,1.2356164933239429,0.38703127420501576,10.466653567785606,0.0012154869957065266,0.03620564013327894,t4-120HF.t0-UF
rpl35,511.78115663211753,-1.5338008292965586,0.3550688951073482,16.876860013517245,3.9884869913401526e-5,0.0032011301149015223,t4-120HF.t0-UF
cel.1,311.018794655352,-2.1318526461807124,0.6209815670695016,10.055053231021851,0.0015193062747238418,0.04237839621616039,t4-120HF.t0-UF
rpl17,738.8367750652383,-1.3108732999189798,0.3724846539022834,11.37247058241065,7.454066381815787e-4,0.026372182611256834,t4-120HF.t0-UF
rpl23a,347.62325878316943,-1.7346361608645728,0.38163400094821326,18.424980022259092,1.7672598249640076e-5,0.001914826020348502,t4-120HF.t0-UF
si:dkey-22f5.9,49.79278328428229,4.881424983572884,0.6254276048040682,71.56801968314387,2.6786312559890213e-17,3.8697292878188065e-14,t4-120HF.t0-UF
mapk9,71.62035371261955,1.3415092587724984,0.4398228934632832,9.530913579783146,0.002020395226052025,0.048511872075952776,t4-120HF.t0-UF
gfpt2,196.45731058200496,1.3113359211478206,0.37693347224892987,12.411150097513577,4.267779448199174e-4,0.017785150123553094,t4-120HF.t0-UF
rps14,650.1066160953119,-1.5695786301657013,0.36551858775438306,16.589586467139846,4.640512406853069e-5,0.0034379454309916586,t4-120HF.t0-UF
cox7b,73.63029161467554,-1.5938087191426393,0.4480840969540299,11.761769657441,6.045971728252417e-4,0.022818462077653104,t4-120HF.t0-UF
mpp1,196.62009832429294,1.5254405291381308,0.4016601173284784,14.786700913517912,1.2038148997554009e-4,0.007196322449020562,t4-120HF.t0-UF
rpl29,495.0649081815716,-1.9148727181025598,0.35016401129528923,26.228500645193087,3.0331282747319196e-7,1.095464828557345e-4,t4-120HF.t0-UF
rps15,459.55761434983134,-1.3576256766475703,0.35925387169806944,13.106056687059919,2.943426019595005e-4,0.013499268115264286,t4-120HF.t0-UF
krt15,93.88266032976314,-1.8487827978461675,0.5666549003347267,9.492030091677513,0.0020636635485528233,0.04900776887357773,t4-120HF.t0-UF
CR848705.2,40.53814682813746,2.307946462711098,0.6352393828928392,13.55186565465894,2.320606376586701e-4,0.01183236239544325,t4-120HF.t0-UF
atp5f1b,265.03081195971987,-1.4413720273663255,0.4450370452643621,9.569179160720466,0.001978712352997977,0.04812087948982895,t4-120HF.t0-UF
suclg2,704.121665819529,1.20470612937849,0.3877030573017856,9.916564493951924,0.001637978422043343,0.04423052013168753,t4-120HF.t0-UF
tmcc1b,138.3592344401409,1.5996468194225195,0.413039619724287,15.389601961924292,8.746828857949673e-5,0.005574817098581454,t4-120HF.t0-UF
golt1a,27.33500466419574,2.0177510813454544,0.5614527697684972,13.401047341782878,2.514838387778845e-4,0.012428262569244064,t4-120HF.t0-UF
rpl22,408.5921962225622,-1.5539148548503854,0.3820846892023819,14.945108730470679,1.1068463034726153e-4,0.006852959827500449,t4-120HF.t0-UF
tdo2b,159.35893506603884,-1.9557282100793596,0.5769264203348162,10.0591389375642,0.0015159406137863942,0.04237839621616039,t4-120HF.t0-UF
arf4a.1,57.51156907151651,1.8337677626522397,0.4531228944193646,16.816895808106594,4.1165158126737164e-5,0.0032465762165409633,t4-120HF.t0-UF
rps23,546.2989621562284,-1.5868378909174188,0.3484369010352239,18.667596633726134,1.5560451720593358e-5,0.001729205070693631,t4-120HF.t0-UF
zgc:171772,684.5529844331452,-1.844092205194117,0.36525625096069697,22.398092862065155,2.215939432290042e-6,4.573276904545258e-4,t4-120HF.t0-UF
mat2al,53.14193067523936,1.780550682029949,0.5406870714350486,11.125476231937796,8.515001081921993e-4,0.02905827928271647,t4-120HF.t0-UF
mat2aa,148.28148268603417,1.8099170725695481,0.47084313871313316,15.122464357399153,1.0075715800054663e-4,0.006374912741231666,t4-120HF.t0-UF
zfand5b,80.88433213836124,-1.4693804710336793,0.4480753575478837,10.005807184630122,0.0015604738128327802,0.04321465498285795,t4-120HF.t0-UF
slc27a6,30.82881985263474,-2.5326817427929456,0.6508141543158417,13.84444706528948,1.9858269301718904e-4,0.010432210806502997,t4-120HF.t0-UF
phf24,118.15700704503554,1.6000148861179928,0.46476176386090723,12.09291108485985,5.061388832930037e-4,0.02021756608471777,t4-120HF.t0-UF
si:ch211-127i16.2,104.93020088502257,1.8676019504127448,0.45131046588842405,17.437650023219945,2.9688683787338516e-5,0.002573415110686503,t4-120HF.t0-UF
kcnip3b,47.62671556862599,-1.8485514638029483,0.5130776251739556,12.060908479275575,5.149019345365454e-4,0.020292844860850402,t4-120HF.t0-UF
arr3a,151.40197475398912,-3.0060173649899973,0.6298625822216292,18.267557761262132,1.919484826409201e-5,0.002006714958149072,t4-120HF.t0-UF
rab6a,105.16304662139578,1.3249926950092379,0.40602472157314934,10.955802244741484,9.331096426860374e-4,0.030548934458642162,t4-120HF.t0-UF
rps25,639.5792753946133,-1.6882050500944017,0.3503978274550153,20.69225244649312,5.393378465691376e-6,8.701749530962131e-4,t4-120HF.t0-UF
cry5,43.089839735405064,-2.9756662320875447,0.6719843231170771,17.18580681375198,3.389593977251675e-5,0.002771792508945049,t4-120HF.t0-UF
tcf7l1a,328.60094337185075,1.2190384055906398,0.36185133463197877,11.640842441093454,6.451937611072218e-4,0.023399746950951456,t4-120HF.t0-UF
cyb5a,90.92906911968635,1.8039470988377997,0.4955778777228359,13.581706523150764,2.284004988505448e-4,0.011714648071222024,t4-120HF.t0-UF
cpb1,314.19710164356707,-2.103236241024186,0.5700210580092427,11.673441941929966,6.339861141168047e-4,0.02322328249333684,t4-120HF.t0-UF
pck2,172.0968450681813,1.6701071202199187,0.526746553277678,10.292647291651626,0.0013356133601659576,0.03884931746952524,t4-120HF.t0-UF
sec61g,139.79854939144445,-1.5633380934477654,0.4765178532705734,9.809288919076494,0.001736326281874609,0.04519662525912646,t4-120HF.t0-UF
cry-dash,30.461380321295024,-2.9769247207818386,0.6465697574397545,20.056102894970373,7.520315632479328e-6,0.001011723004353156,t4-120HF.t0-UF
rpl21,608.155012530613,-1.5483337132604547,0.3675132501958171,16.003242233852923,6.323409981270038e-5,0.00431793130762771,t4-120HF.t0-UF
spata13,92.1084579267458,1.3200351410874342,0.43392067845650123,9.516868094452974,0.0020359174556431915,0.04852276799322724,t4-120HF.t0-UF
cnksr2a,134.62929789333737,1.949930704137747,0.4944434016323388,15.778922555789066,7.119120255986657e-5,0.0047468103368378724,t4-120HF.t0-UF
klhl24b,142.2591846348719,-2.29234718037398,0.5227350189233388,16.508663987193046,4.8428275421836086e-5,0.003546777250862441,t4-120HF.t0-UF
myhz1.1.1,212.10741188432087,-1.6939331431805216,0.3920572638471978,16.815280785147856,4.1200205793667045e-5,0.0032465762165409633,t4-120HF.t0-UF
rpl36,473.5381097026956,-1.8259503357041678,0.36918002104557074,21.6072297237922,3.345882508581981e-6,6.170661613699704e-4,t4-120HF.t0-UF
cers1,103.63320316997465,1.7001841471481012,0.41152934108599604,17.539475155636417,2.8140410555116272e-5,0.0024865891019942125,t4-120HF.t0-UF
cela1.6,1502.6703322895396,-1.862975449525148,0.40597531049593383,18.364371464256322,1.8243765680605048e-5,0.0019523081594998092,t4-120HF.t0-UF
cela1.2,51.078224469162485,-2.867198348067145,0.7111566967166961,13.852316928901885,1.97752765552027e-4,0.010432210806502997,t4-120HF.t0-UF
creb3l3a,98.92781510418195,2.957439288113841,0.6167072544726062,22.722429734255087,1.8717031903358163e-6,3.957054452153867e-4,t4-120HF.t0-UF
rpl32,653.4469356872567,-1.6178805564416112,0.36253117891975106,17.84603539391857,2.3951777180128235e-5,0.0022485516055867766,t4-120HF.t0-UF
RPS17,541.887367452567,-1.6126401329915183,0.3437637485033681,19.77615975795061,8.706185890360626e-6,0.0010901337442712207,t4-120HF.t0-UF
rsl24d1,170.33732349103624,-1.7478726555490658,0.48474304524149636,11.621100374761795,6.520781188977485e-4,0.023550888060857016,t4-120HF.t0-UF
hbp1,197.20773457609852,-1.9336031108251517,0.40034999406289207,20.682462276122195,5.421025319242675e-6,8.701749530962131e-4,t4-120HF.t0-UF
fads2,36.5264976224329,1.761642153588006,0.5798100963413438,9.5418387037315,0.0020084044399585506,0.048369662924615364,t4-120HF.t0-UF
crabp1a,40.810857308657425,1.8114140357473656,0.5017966563787072,13.394594358869988,2.5235050902018406e-4,0.012428262569244064,t4-120HF.t0-UF
agbl1,82.32581819628516,1.654874399275398,0.532162905649184,9.856830135416992,0.0016920239184108152,0.04505950100350086,t4-120HF.t0-UF
sept15,86.03791646298326,1.253343721625454,0.4090022376321611,9.621679646698084,0.0019229378594113557,0.04812087948982895,t4-120HF.t0-UF
cyb5r2,35.14709395643448,3.0119867565448586,0.6670633097622712,20.691155726794264,5.396468484575432e-6,8.701749530962131e-4,t4-120HF.t0-UF
cpa4,492.8667440547351,-1.9620206047629145,0.590269769367248,9.560029991961713,0.0019885985934683845,0.04814852683850267,t4-120HF.t0-UF
cpa1,159.10087430727356,-2.4902099887927123,0.5653915145114804,16.280923389191557,5.461098968557386e-5,0.003912132715657473,t4-120HF.t0-UF
cpa5,569.1661052028217,-1.8660450695806188,0.41181853508488087,17.987667497617736,2.223407530962102e-5,0.002151463734462521,t4-120HF.t0-UF
ckmt1,97.0914360365545,2.5552859054494816,0.46070053534100563,31.182758630509554,2.348426344885738e-8,1.2722599723418487e-5,t4-120HF.t0-UF
dusp8a,289.3446344001108,2.4689051102714368,0.3881147626449919,40.6442111685124,1.8262747517647665e-10,1.439104504390636e-7,t4-120HF.t0-UF
acsbg1,50.01394814878022,1.5154594556181573,0.4813589318882743,10.13576266922469,0.001454200629909083,0.04134816661746623,t4-120HF.t0-UF
ces2b.1,144.91204762898195,2.4771260080907713,0.5012691225511166,24.594981375974072,7.073571472058463e-7,2.2708784266593614e-4,t4-120HF.t0-UF
tnni2a.4,596.9556132518641,-1.7397462264123114,0.5056254303796411,10.455704362793412,0.001222712810870209,0.03629614604322935,t4-120HF.t0-UF
tnnt3a,45.573381866822814,-2.0045727927778905,0.5766211637986988,10.980025334907431,9.209917086602387e-4,0.030470061567431105,t4-120HF.t0-UF
acot19,80.60746193004161,2.035704964760475,0.45577679436140983,20.454505288718387,6.106563911876087e-6,9.613479692539399e-4,t4-120HF.t0-UF
mt-co1,5055.582932614726,-1.5452376569240596,0.45814662937800676,10.196911608616077,0.0014067605496909017,0.0403768226646382,t4-120HF.t0-UF
mt-nd3,557.2842586881766,-1.6890409644114552,0.37886756829536594,17.714693515253693,2.5663657628679812e-5,0.002317214420056215,t4-120HF.t0-UF
mt-nd4l,56.95078989916524,-1.7772619830616783,0.5306019957799868,10.303984386803492,0.0013274328838080492,0.03884931746952524,t4-120HF.t0-UF
dusp27,38.725736052574575,-2.3736559715826684,0.7195831118231527,9.566219331840124,0.0019819051658824336,0.04812087948982895,t4-120HF.t0-UF
apoa1a,449.65848809787974,1.5449153100634143,0.3472290880323049,20.272235337535356,6.716826525104121e-6,0.03355726531942019,t5-240HF.t0-UF
apoa4b.2,128.99128031111178,4.643922567146697,0.5357838971579741,70.22621497120446,5.2879028777107046e-17,1.320918138852134e-12,t5-240HF.t0-UF
apoa4b.2.1,293.33625532569994,2.05268728881113,0.3732963511517107,30.706782992622756,3.0011409971765985e-8,2.4989500703157143e-4,t5-240HF.t0-UF
apoa4a,40.381199844738994,3.5200176986601415,0.5859016098358807,36.93586258503225,1.2207967597506878e-9,1.524775152928609e-5,t5-240HF.t0-UF
apoea,213.03171051465972,1.8981694682120127,0.40523622803580517,22.401483589074516,2.2120307643084665e-6,0.013814132123106374,t5-240HF.t0-UF
