gene_cluster,response_groups
rbfox3a_AdenohypAP-184,1
igsf9bb_AdenohypAP-184,1
shisa8b_Amacrine-150,2
agrn_Amacrine-150,2
apoa1a_Amacrine-170,3
pde6ha_Amacrine-170,4
ttn.1_Amacrine-170,3
ttn.2_Amacrine-170,3
afp4.1_Amacrine-170,3
rgs6_Amacrine-170,5
svila_Amacrine-170,4
CR847968.1_Amacrine-170,1
nme2b.2_Amacrine-170,3
cdh4_Amacrine-170,5
ntm_Amacrine-170,5
nfia_Amacrine-170,2
pnp5a_BasalorEpi-73,6
rhcga_BasalorEpi-73,6
si:dkey-85k7.7_BasalorEpi-73,6
sox6_BasalorEpi-73,5
tpma_BasalorEpi-73,3
zgc:112160_BasalorEpi-73,3
ctrb1_BasalorEpi-73,4
c6ast4_BasalorEpi-73,3
tnnt3b_BasalorEpi-73,3
myhz1.3_BasalorEpi-73,3
myhz1.2_BasalorEpi-73,3
ckma_BasalorEpi-73,4
sun1_BasalorEpi-73,5
atp2a1_BasalorEpi-73,3
sept12_BasalorEpi-73,5
actb2_BasalorEpi-73,4
pvalb4_BasalorEpi-73,3
pvalb1_BasalorEpi-73,3
rplp2_BasalorEpi-73,6
prelid3b_BasalorEpi-73,6
xpr1b_BasalorEpi-73,4
apoda.2_BasalorEpi-73,4
mylz3_BasalorEpi-73,3
pcdh7a_BasalorEpi-73,5
itga6b_BasalorEpi-73,1
bzw1b_BasalorEpi-73,6
ttn.2_BasalorEpi-73,3
si:ch73-22o12.1_BasalorEpi-73,4
tuft1a_BasalorEpi-73,6
prss1_BasalorEpi-73,4
igfbp1a_BasalorEpi-73,6
flrt2_BasalorEpi-73,5
apobb.1_BasalorEpi-73,3
sesn1_BasalorEpi-73,4
si:dkey-7c18.24_BasalorEpi-73,1
ela2l_BasalorEpi-73,4
actc1b_BasalorEpi-73,3
lpin1_BasalorEpi-73,4
fosl2_BasalorEpi-73,1
fosl1a_BasalorEpi-73,4
fam107b_BasalorEpi-73,1
mtss1la_BasalorEpi-73,6
itga3b_BasalorEpi-73,5
atp2a1l_BasalorEpi-73,3
mylpfb_BasalorEpi-73,3
pvalb2_BasalorEpi-73,3
cyt1l_BasalorEpi-73,1
krt91_BasalorEpi-73,5
si:ch211-250g4.3_BasalorEpi-73,5
nme2b.2_BasalorEpi-73,3
porb_BasalorEpi-73,6
foxo1a_BasalorEpi-73,6
zgc:162730_BasalorEpi-73,4
ulk2_BasalorEpi-73,4
ctrl_BasalorEpi-73,4
krt5_BasalorEpi-73,1
znf385a_BasalorEpi-73,5
pfn1_BasalorEpi-73,1
ccng2_BasalorEpi-73,6
prodha_BasalorEpi-73,1
MDFI_BasalorEpi-73,5
slc20a1b_BasalorEpi-73,6
ucp3_BasalorEpi-73,4
ucp2_BasalorEpi-73,4
mmp30_BasalorEpi-73,6
ptgdsb.1_BasalorEpi-73,5
midn_BasalorEpi-73,1
cpa5_BasalorEpi-73,3
pkp3a_BasalorEpi-73,6
CR381618.1_BasalorEpi-73,5
tnni2a.4_BasalorEpi-73,3
mt-nd1_BasalorEpi-73,3
mt-nd2_BasalorEpi-73,3
hsp90b1_BrancPorEp-120,5
tcp11l2_BrancPorEp-120,4
si:dkeyp-82b4.2_BrancPorEp-120,4
si:dkeyp-4c4.1_BrancPorEp-120,4
si:dkey-27n6.4_BrancPorEp-120,4
CR926130.2_BrancPorEp-120,1
CR926130.1_BrancPorEp-120,5
kdm6ba_BrancPorEp-120,6
si:dkey-85k7.7_BrancPorEp-120,6
ponzr3_BrancPorEp-120,6
ponzr4_BrancPorEp-120,5
eif4a1a_BrancPorEp-120,6
dok4_BrancPorEp-120,3
tpma_BrancPorEp-120,3
zgc:136461_BrancPorEp-120,3
ctrb1_BrancPorEp-120,4
cebpa_BrancPorEp-120,6
tnnt3b_BrancPorEp-120,3
nqo1_BrancPorEp-120,3
myo9aa_BrancPorEp-120,3
camk2d1_BrancPorEp-120,3
SEMA4F_BrancPorEp-120,3
stim2b_BrancPorEp-120,5
swap70a_BrancPorEp-120,5
ppargc1a_BrancPorEp-120,6
hk2_BrancPorEp-120,5
arap1a_BrancPorEp-120,3
zfand5a_BrancPorEp-120,6
noxa1_BrancPorEp-120,5
camkk1a_BrancPorEp-120,4
myhz2_BrancPorEp-120,3
myhz1.2_BrancPorEp-120,3
myhz1.1_BrancPorEp-120,3
ckma_BrancPorEp-120,3
hsd20b2_BrancPorEp-120,3
ctsla_BrancPorEp-120,4
si:ch211-284f22.3_BrancPorEp-120,5
rasa4_BrancPorEp-120,1
ABR_BrancPorEp-120,5
ak5l_BrancPorEp-120,3
stip1_BrancPorEp-120,2
vasnb_BrancPorEp-120,4
abca3b_BrancPorEp-120,3
sun1_BrancPorEp-120,3
hspbp1_BrancPorEp-120,2
arl5c_BrancPorEp-120,6
mgat3a_BrancPorEp-120,4
atp2a1_BrancPorEp-120,3
hsp70.1_BrancPorEp-120,2
hsp70.2_BrancPorEp-120,2
hsp70.3_BrancPorEp-120,2
fthl27_BrancPorEp-120,2
dnajb1a_BrancPorEp-120,2
CR394535.1_BrancPorEp-120,5
s1pr2_BrancPorEp-120,5
pvalb1_BrancPorEp-120,3
noxo1a_BrancPorEp-120,5
sec23b_BrancPorEp-120,6
agap1_BrancPorEp-120,5
stx8_BrancPorEp-120,3
atp1b1a_BrancPorEp-120,6
vdrb_BrancPorEp-120,6
prss60.2_BrancPorEp-120,5
krt4_BrancPorEp-120,6
srsf3a.1_BrancPorEp-120,4
ip6k2a_BrancPorEp-120,5
ENSDARG00000091625_BrancPorEp-120,4
slc2a1b_BrancPorEp-120,6
sdc4_BrancPorEp-120,6
rps10_BrancPorEp-120,6
ddit3_BrancPorEp-120,6
prelid3b_BrancPorEp-120,6
foxq1a_BrancPorEp-120,6
egfra_BrancPorEp-120,1
f3b_BrancPorEp-120,6
arhgap29b_BrancPorEp-120,5
elovl1a_BrancPorEp-120,1
rreb1b_BrancPorEp-120,5
csrnp1a_BrancPorEp-120,6
tesk2_BrancPorEp-120,3
zswim5_BrancPorEp-120,5
plk3_BrancPorEp-120,1
crema_BrancPorEp-120,6
per2_BrancPorEp-120,4
jund_BrancPorEp-120,6
mylz3_BrancPorEp-120,3
klf3_BrancPorEp-120,6
BX323590.3_BrancPorEp-120,3
arfip1_BrancPorEp-120,5
sugt1_BrancPorEp-120,1
prkx_BrancPorEp-120,5
nr3c2_BrancPorEp-120,3
hpgd_BrancPorEp-120,4
FO834828.2_BrancPorEp-120,4
abca1a_BrancPorEp-120,4
ucp1_BrancPorEp-120,6
dnajb1b_BrancPorEp-120,2
bzw1b_BrancPorEp-120,6
irs2b_BrancPorEp-120,6
crfb4_BrancPorEp-120,5
scel_BrancPorEp-120,6
tsc22d1_BrancPorEp-120,5
neb_BrancPorEp-120,3
nabp1a_BrancPorEp-120,1
hspd1_BrancPorEp-120,5
rcan1a_BrancPorEp-120,2
nab1b_BrancPorEp-120,5
ttn.1_BrancPorEp-120,3
ttn.2_BrancPorEp-120,3
itprid2_BrancPorEp-120,3
fign_BrancPorEp-120,4
grb10b_BrancPorEp-120,4
sntb1_BrancPorEp-120,5
nbeal2_BrancPorEp-120,5
myh14_BrancPorEp-120,5
rapgef5b_BrancPorEp-120,5
hdac9b_BrancPorEp-120,5
osbpl3b_BrancPorEp-120,5
tuft1a_BrancPorEp-120,1
si:ch211-105c13.3_BrancPorEp-120,5
cadm4_BrancPorEp-120,3
si:dkey-79d12.5_BrancPorEp-120,6
prss1_BrancPorEp-120,4
prss59.2_BrancPorEp-120,4
trim35-28_BrancPorEp-120,5
nr4a3_BrancPorEp-120,6
rhbg_BrancPorEp-120,3
hivep3b_BrancPorEp-120,5
ptprub_BrancPorEp-120,6
stt3b_BrancPorEp-120,5
gapdhs_BrancPorEp-120,2
paqr6_BrancPorEp-120,4
nr2f5_BrancPorEp-120,5
eif3ha_BrancPorEp-120,5
nkd2a_BrancPorEp-120,3
sptlc2b_BrancPorEp-120,1
dsc2l_BrancPorEp-120,4
flrt2_BrancPorEp-120,5
nfkbiaa_BrancPorEp-120,6
sox7_BrancPorEp-120,6
prkchb_BrancPorEp-120,4
akap12b_BrancPorEp-120,5
gmds_BrancPorEp-120,5
pdia6_BrancPorEp-120,5
apobb.1_BrancPorEp-120,3
sesn1_BrancPorEp-120,4
ptgs2b_BrancPorEp-120,6
ncoa1_BrancPorEp-120,3
hivep2a_BrancPorEp-120,5
fosab_BrancPorEp-120,6
hsp90ab1_BrancPorEp-120,6
hsp90aa1.2_BrancPorEp-120,5
hsp70l_BrancPorEp-120,2
mknk2b_BrancPorEp-120,4
slc38a5a_BrancPorEp-120,6
rhocb_BrancPorEp-120,5
cebpb_BrancPorEp-120,6
dock8_BrancPorEp-120,3
RALGDS_BrancPorEp-120,6
adrb3a_BrancPorEp-120,5
chmp4bb_BrancPorEp-120,6
entpd4_BrancPorEp-120,5
egr3_BrancPorEp-120,1
actc1b_BrancPorEp-120,3
nfkbiab_BrancPorEp-120,6
zgc:162183_BrancPorEp-120,6
abhd12_BrancPorEp-120,3
si:ch211-125o16.4_BrancPorEp-120,3
abch1_BrancPorEp-120,4
lpin1_BrancPorEp-120,6
ldah_BrancPorEp-120,5
kidins220a_BrancPorEp-120,4
mboat2a_BrancPorEp-120,5
zgc:174356_BrancPorEp-120,4
fosl2_BrancPorEp-120,1
ahsa1b_BrancPorEp-120,2
tlx2_BrancPorEp-120,5
si:ch211-39i2.2_BrancPorEp-120,2
zgc:92242_BrancPorEp-120,6
hspa9_BrancPorEp-120,2
znf185_BrancPorEp-120,3
dusp1_BrancPorEp-120,6
canx_BrancPorEp-120,5
sqstm1_BrancPorEp-120,1
selenot2_BrancPorEp-120,6
ids_BrancPorEp-120,3
egr1_BrancPorEp-120,6
nr3c1_BrancPorEp-120,3
arhgef37_BrancPorEp-120,2
TSC22D3_BrancPorEp-120,6
fosl1a_BrancPorEp-120,1
arhgef6_BrancPorEp-120,5
stard14_BrancPorEp-120,6
nocta_BrancPorEp-120,6
mcu_BrancPorEp-120,5
epcam_BrancPorEp-120,6
anxa11a_BrancPorEp-120,1
march8_BrancPorEp-120,3
usp54a_BrancPorEp-120,5
smap1_BrancPorEp-120,5
lgmn_BrancPorEp-120,4
si:dkey-221j11.3_BrancPorEp-120,6
rsrp1_BrancPorEp-120,2
herc4_BrancPorEp-120,1
mctp2a_BrancPorEp-120,3
slco3a1_BrancPorEp-120,5
itpkcb_BrancPorEp-120,6
fosb_BrancPorEp-120,6
bcl2l10_BrancPorEp-120,6
barx2_BrancPorEp-120,5
sult2st1_BrancPorEp-120,3
tob1b_BrancPorEp-120,6
SLC39A11_BrancPorEp-120,5
ca15c_BrancPorEp-120,1
rbp4_BrancPorEp-120,6
cyth3a_BrancPorEp-120,5
AL732488.2_BrancPorEp-120,5
fasn_BrancPorEp-120,1
bahcc1b_BrancPorEp-120,5
si:dkey-239b22.1_BrancPorEp-120,5
si:ch73-329n5.1_BrancPorEp-120,5
FO904966.1_BrancPorEp-120,5
zgc:153932.1_BrancPorEp-120,5
mcl1a_BrancPorEp-120,6
rplp1_BrancPorEp-120,4
si:ch211-149a19.3_BrancPorEp-120,5
ZC3H12A_BrancPorEp-120,6
pdk2b_BrancPorEp-120,6
pvrl2l_BrancPorEp-120,5
spag1a_BrancPorEp-120,2
osbpl3a_BrancPorEp-120,1
pard6gb_BrancPorEp-120,5
si:ch211-152p11.4_BrancPorEp-120,6
mfsd2ab_BrancPorEp-120,6
elmo1_BrancPorEp-120,3
si:ch211-250g4.3_BrancPorEp-120,6
nme2b.2_BrancPorEp-120,3
ftr86_BrancPorEp-120,2
si:dkey-202l22.6_BrancPorEp-120,6
zgc:162730_BrancPorEp-120,6
zbtb16b_BrancPorEp-120,4
ulk2_BrancPorEp-120,6
myo1cb_BrancPorEp-120,5
stard13b_BrancPorEp-120,3
stim1a_BrancPorEp-120,1
nlrc8_BrancPorEp-120,4
krt8_BrancPorEp-120,6
chl1a_BrancPorEp-120,4
g6pd_BrancPorEp-120,1
tnnc2_BrancPorEp-120,3
zgc:154075_BrancPorEp-120,6
rap1gap_BrancPorEp-120,3
ctdsp2_BrancPorEp-120,4
si:dkey-151g10.6_BrancPorEp-120,4
tnfrsf9a_BrancPorEp-120,3
sgk1_BrancPorEp-120,6
nr4a1_BrancPorEp-120,6
rapgef3_BrancPorEp-120,5
nfatc2a_BrancPorEp-120,5
klf4_BrancPorEp-120,6
shroom3_BrancPorEp-120,3
ccng2_BrancPorEp-120,6
prodha_BrancPorEp-120,6
si:dkey-11o15.5_BrancPorEp-120,3
cldnb_BrancPorEp-120,6
hbegfb_BrancPorEp-120,5
hspa4a_BrancPorEp-120,2
b3gnt5a_BrancPorEp-120,5
arrdc2_BrancPorEp-120,3
rpn2_BrancPorEp-120,5
prkcdb_BrancPorEp-120,6
chia.2_BrancPorEp-120,6
cyldb_BrancPorEp-120,6
ace2_BrancPorEp-120,6
ier2b_BrancPorEp-120,6
gnai2a_BrancPorEp-120,5
sult6b1_BrancPorEp-120,2
ets2_BrancPorEp-120,6
pptc7b_BrancPorEp-120,6
rabgap1_BrancPorEp-120,4
strbp_BrancPorEp-120,5
ptbp3_BrancPorEp-120,3
zfand5b_BrancPorEp-120,6
rab38b_BrancPorEp-120,4
bach1b_BrancPorEp-120,5
hyou1_BrancPorEp-120,5
opcml_BrancPorEp-120,6
si:dkey-259j3.5_BrancPorEp-120,6
ucp2_BrancPorEp-120,6
dhrs13a.2_BrancPorEp-120,6
zgc:113625_BrancPorEp-120,5
CU467905.1_BrancPorEp-120,6
csrnp1b_BrancPorEp-120,6
pde7a_BrancPorEp-120,4
hhla2b.2_BrancPorEp-120,3
hhla2b.1_BrancPorEp-120,4
klhl24b_BrancPorEp-120,4
map3k15_BrancPorEp-120,6
vav3a_BrancPorEp-120,4
cnn3a_BrancPorEp-120,6
f3a_BrancPorEp-120,6
capn15_BrancPorEp-120,5
btg2_BrancPorEp-120,6
nuak2_BrancPorEp-120,6
dnase1l4.1_BrancPorEp-120,4
cela1.6_BrancPorEp-120,4
krt97_BrancPorEp-120,6
midn_BrancPorEp-120,6
si:ch211-129c21.1_BrancPorEp-120,6
rgs2_BrancPorEp-120,6
hmox2a_BrancPorEp-120,4
slc7a5_BrancPorEp-120,5
ccnd2a_BrancPorEp-120,4
pkp3a_BrancPorEp-120,6
hsd17b12a_BrancPorEp-120,2
CABZ01080568.1_BrancPorEp-120,2
CABZ01069162.1_BrancPorEp-120,4
trpm1a_CardiacMus-185,5
ctrb1_CardiacMus-185,4
cd59_CardiacMus-185,5
BX005003.1_CardiacMus-185,6
si:ch211-260e23.9_CardiacMus-185,3
myhz1.2_CardiacMus-185,3
mbpb_CardiacMus-185,5
hsp90aa1.2_CardiacMus-185,2
hsp90aa1.1_CardiacMus-185,2
unc45b_CardiacMus-185,1
marcksl1b_CardiacMus-185,5
serpinh1b_CardiacMus-185,5
si:dkey-200l5.4_CardiacMus-185,5
ctnnd2a_CardiacMus-185,5
tnnt3b_Cartilage-245,3
ttn.2_Cartilage-245,3
cela1.6_Cartilage-245,4
zgc:112160_Cartilage-78,4
ctrb1_Cartilage-78,4
BX511128.3_Cartilage-78,5
tcnba_Cartilage-78,1
myhz1.3_Cartilage-78,3
myhz1.2_Cartilage-78,3
myhz1.1_Cartilage-78,4
hsp70.2_Cartilage-78,1
ttn.2_Cartilage-78,3
prss1_Cartilage-78,4
lpin1_Cartilage-78,4
fosb_Cartilage-78,6
thrab_Cartilage-78,5
ulk2_Cartilage-78,1
pknox2_Cartilage-78,5
f13a1b_CartmbCran-247,5
myhz2_CartmbCran-247,4
fbxo32_CephCraMus-249,4
chrnb1l_CephCraMus-252,4
tnnt3b_CephCraMus-252,3
arhgef9a_CephCraMus-252,1
myhz1.2_CephCraMus-252,3
myhz1.1_CephCraMus-252,3
zmynd19_CephCraMus-252,5
mylpfa_CephCraMus-252,3
pvalb1_CephCraMus-252,3
myh7_CephCraMus-252,5
kcnab1b_CephCraMus-252,5
mylz3_CephCraMus-252,3
METTL21C.1_CephCraMus-252,5
si:dkey-7c18.24_CephCraMus-252,1
hsp90aa1.1_CephCraMus-252,2
unc45b_CephCraMus-252,5
vgll2b_CephCraMus-252,1
lpin1_CephCraMus-252,4
btbd11b_CephCraMus-252,1
pvalb2_CephCraMus-252,3
rbfox3a_CephCraMus-252,1
ccnd2a_CephCraMus-252,4
myhz1.3_Cholangio-52,3
myhz1.1_Cholangio-52,3
atp2a1_Cholangio-52,3
mylz3_Cholangio-52,3
ttn.1_Cholangio-52,3
ttn.2_Cholangio-52,3
prss1_Cholangio-52,4
nrxn3b_Cholangio-52,6
pbx3b_Cholangio-52,5
atp2a1l_Cholangio-52,3
smyhc1_Cholangio-52,2
ntrk3a_Cholangio-52,4
tnni2a.4_Cholangio-52,3
myhz2_CNSNeuron-171,3
irg1l_CNSNeuron-172,5
zgc:153932.1_CNSNeuron-172,3
myhz1.1_ConePhoImm-197,3
mcama_ConePhoImm-197,5
ank1a_ConePhoImm-197,5
hsp70.3_ConePhoImm-197,1
basp1_ConePhoImm-197,5
pax3a_ConePhoImm-197,5
tenm3_ConePhoImm-197,5
lef1_ConePhoImm-197,5
xpo1a_ConePhoImm-197,5
arhgap33_ConePhoImm-197,5
hsp70l_ConePhoImm-197,1
si:ch211-158d24.2_ConePhoImm-197,5
ebf3a_ConePhoImm-197,5
tcf7l2_ConePhoImm-197,5
rbfox3a_ConePhoImm-197,5
ebf3a.1_ConePhoImm-197,5
robo1_ConePhoImm-197,5
ebf1b_ConePhoImm-197,5
opn1sw1_ConePhoImm-199,3
pcxb_ConePhoImm-199,6
foxo1a_ConePhoImm-199,4
rhcga_ConePhoImm-200,6
myhz1.2_ConePhoImm-200,4
myhz1.1_ConePhoImm-200,3
mylpfa_ConePhoImm-200,3
hs3st4_ConePhoImm-200,4
sec23b_ConePhoImm-200,6
ttn.2_ConePhoImm-200,3
neurod1_ConePhoImm-200,4
hsp90aa1.2_ConePhoImm-200,2
actc1b_ConePhoImm-200,3
zgc:92242_ConePhoImm-200,6
si:dkey-202l22.6_ConePhoImm-200,1
klf4_ConePhoImm-200,6
midn_ConePhoImm-200,6
myhz2_ConePhoImm-209,3
myhz1.2_ConePhoImm-209,3
myhz1.1_ConePhoImm-209,3
mylpfa_ConePhoImm-209,3
ttn.1_ConePhoImm-209,3
ttn.2_ConePhoImm-209,3
foxo1a_ConePhoImm-209,6
ctrb1_ConePhoRed-203,4
myhz2_ConePhoRed-203,3
myhz1.3_ConePhoRed-203,4
myhz1.2_ConePhoRed-203,3
myhz1.1_ConePhoRed-203,3
ckma_ConePhoRed-203,4
mylz3_ConePhoRed-203,3
ttn.1_ConePhoRed-203,3
ttn.2_ConePhoRed-203,3
hsp90aa1.2_ConePhoRed-203,5
foxo1a_ConePhoRed-203,4
adamtsl3_ConePhoRed-206,6
myhz1.2_ConePhoRed-206,3
myhz1.1_ConePhoRed-206,3
gpr146_ConePhoRed-206,4
mylz3_ConePhoRed-206,3
neb_ConePhoRed-206,3
ttn.1_ConePhoRed-206,3
ttn.2_ConePhoRed-206,3
hsp90aa1.2_ConePhoRed-206,2
atp2a1l_ConePhoRed-206,4
foxo1a_ConePhoRed-206,6
abcg1_ConePhoRed-206,4
smyhc2_ConePhoRed-206,4
cela1.6_ConePhoRed-206,4
pkp3a_ConePhoRed-206,6
ano2b_ConePhoRed-207,5
tpma_ConePhoRed-207,3
serinc4_ConePhoRed-207,4
zgc:73226_ConePhoRed-207,6
ckma_ConePhoRed-207,3
mef2cb_ConePhoRed-207,5
hsp70.2_ConePhoRed-207,1
gpr146_ConePhoRed-207,4
ttyh2l_ConePhoRed-207,5
pvalb1_ConePhoRed-207,3
tgfbr3_ConePhoRed-207,5
rgs20_ConePhoRed-207,4
cacnb2b_ConePhoRed-207,5
pfkpb_ConePhoRed-207,5
per2_ConePhoRed-207,4
tcf3a_ConePhoRed-207,4
mylz3_ConePhoRed-207,3
ankrd10a_ConePhoRed-207,5
ucp1_ConePhoRed-207,4
neb_ConePhoRed-207,3
ttn.1_ConePhoRed-207,3
ttn.2_ConePhoRed-207,3
bach2b_ConePhoRed-207,5
hsp90aa1.2_ConePhoRed-207,5
ela2l_ConePhoRed-207,4
FP017274.1_ConePhoRed-207,5
lpin1_ConePhoRed-207,4
aipl2_ConePhoRed-207,1
hk1_ConePhoRed-207,5
unc5b_ConePhoRed-207,5
actn1_ConePhoRed-207,5
atp2a1l_ConePhoRed-207,3
slc16a3_ConePhoRed-207,5
mylipa_ConePhoRed-207,4
nme2b.2_ConePhoRed-207,3
foxo1a_ConePhoRed-207,4
abcg1_ConePhoRed-207,4
egln2_ConePhoRed-207,5
zbtb46_ConePhoRed-207,5
eno1a_ConePhoRed-207,5
plekhg5b_ConePhoRed-207,5
elovl4b_ConePhoRed-207,5
egln1b_ConePhoRed-207,5
ppm1e_ConePhoRed-207,1
adarb1a_ConePhoRed-207,4
hbp1_ConePhoRed-207,4
gngt2a_ConePhotBl-212,4
ankrd10a_ConePhotBl-212,5
neb_ConePhotBl-212,3
ttn.1_ConePhotBl-212,3
ttn.2_ConePhotBl-212,3
apoa4b.2_ConePhotBl-212,5
hsp90aa1.2_ConePhotBl-212,5
egln3_ConePhotBl-212,5
lpin1_ConePhotBl-212,6
hk1_ConePhotBl-212,5
mylipa_ConePhotBl-212,4
foxo1a_ConePhotBl-212,6
abcg1_ConePhotBl-212,4
anxa4_ConePhotBl-212,2
KCNB2_ConePhotBl-212,5
opn1mw1_ConePhotGr-193,3
myhz2_ConePhotGr-198,3
myhz1.3_ConePhotGr-198,3
myhz1.2_ConePhotGr-198,3
mylpfa_ConePhotGr-198,5
tnrc6c1_ConePhotGr-198,5
neb_ConePhotGr-198,3
ttn.1_ConePhotGr-198,3
ttn.2_ConePhotGr-198,3
actc1b_ConePhotGr-198,3
slco3a1_ConePhotGr-198,5
foxo1a_ConePhotGr-198,6
pnp5a_ConePhotGr-208,6
myhz1.3_ConePhotGr-208,3
hsp70.2_ConePhotGr-208,1
hsp70.3_ConePhotGr-208,1
baiap2a_ConePhotGr-208,5
agxtb_ConePhotGr-208,6
ttn.2_ConePhotGr-208,3
hsp90aa1.2_ConePhotGr-208,1
hsp70l_ConePhotGr-208,1
hpdb_ConePhotGr-208,6
lpin1_ConePhotGr-208,6
tat_ConePhotGr-208,6
mylipa_ConePhotGr-208,4
foxo1a_ConePhotGr-208,6
abcg1_ConePhotGr-208,4
lyz_ConePhotGr-208,6
smyhc1_ConePhotGr-208,4
gpc1a_ConePhotGr-208,5
ano2b_ConePhotGr-210,5
myhz2_ConePhotGr-210,3
myhz1.3_ConePhotGr-210,3
myhz1.2_ConePhotGr-210,3
myhz1.1_ConePhotGr-210,3
ttyh2l_ConePhotGr-210,5
baiap2a_ConePhotGr-210,5
slc44a5a_ConePhotGr-210,3
per2_ConePhotGr-210,4
ankrd10a_ConePhotGr-210,5
rnf24_ConePhotGr-210,5
neb_ConePhotGr-210,3
myl1_ConePhotGr-210,3
ttn.1_ConePhotGr-210,3
ttn.2_ConePhotGr-210,3
hsp90aa1.2_ConePhotGr-210,1
hsp70l_ConePhotGr-210,1
aipl2_ConePhotGr-210,1
slco3a1_ConePhotGr-210,5
atp2a1l_ConePhotGr-210,4
mylipa_ConePhotGr-210,4
foxo1a_ConePhotGr-210,6
abcg1_ConePhotGr-210,4
ppp2r2bb_ConePhotGr-210,5
smyhc1_ConePhotGr-210,3
cacna2d4b_ConePhotGr-210,5
myhz1.2_ConePhotGr-211,3
myhz1.1_ConePhotGr-211,3
camk1da_ConePhotUV-213,4
tpma_ConePhotUV-213,3
tnnt3b_ConePhotUV-213,3
drd4b_ConePhotUV-213,4
pcdh7b_ConePhotUV-213,6
taok3a_ConePhotUV-213,5
histh1l_ConePhotUV-213,4
myhz1.2_ConePhotUV-213,3
ak1_ConePhotUV-213,3
atp2a1_ConePhotUV-213,3
gpr146_ConePhotUV-213,4
pvalb1_ConePhotUV-213,3
rgs20_ConePhotUV-213,4
pfkpb_ConePhotUV-213,5
per2_ConePhotUV-213,4
mylz3_ConePhotUV-213,3
rnf24_ConePhotUV-213,5
neb_ConePhotUV-213,3
ttn.1_ConePhotUV-213,3
ttn.2_ConePhotUV-213,3
apoa4b.2.1_ConePhotUV-213,3
prss1_ConePhotUV-213,4
afp4.1_ConePhotUV-213,3
slc25a24_ConePhotUV-213,6
BX088686.1_ConePhotUV-213,4
esrrgb_ConePhotUV-213,4
hsp90aa1.2_ConePhotUV-213,1
plch2a_ConePhotUV-213,4
actc1b_ConePhotUV-213,3
cnksr1_ConePhotUV-213,6
lpin1_ConePhotUV-213,4
CR383676.3_ConePhotUV-213,5
ly6pge_ConePhotUV-213,5
herc4_ConePhotUV-213,2
eef2k_ConePhotUV-213,5
atp2a1l_ConePhotUV-213,4
hivep1_ConePhotUV-213,4
mylipa_ConePhotUV-213,4
trioa_ConePhotUV-213,5
nme2b.2_ConePhotUV-213,3
foxo1a_ConePhotUV-213,6
abcg1_ConePhotUV-213,4
egln2_ConePhotUV-213,5
auts2b_ConePhotUV-213,4
ckmb_ConePhotUV-213,3
ctrl_ConePhotUV-213,4
eno1a_ConePhotUV-213,5
actn3a_ConePhotUV-213,3
ppp2r2bb_ConePhotUV-213,1
ppm1e_ConePhotUV-213,1
smyhc1_ConePhotUV-213,3
myhz1.1.1_ConePhotUV-213,4
cela1.6_ConePhotUV-213,4
dgkzb_ConePhotUV-213,4
ccnd2a_ConePhotUV-213,4
cacna2d4b_ConePhotUV-213,5
ldha_ConePhotUV-213,5
tnni2a.4_ConePhotUV-213,3
mt-co1_ConePhotUV-213,4
zgc:136461_ConRetBPON-220,4
tnnt3b_ConRetBPON-220,3
ela3l_ConRetBPON-220,4
myhz2_ConRetBPON-220,3
myhz1.3_ConRetBPON-220,3
myhz1.2_ConRetBPON-220,3
myhz1.1_ConRetBPON-220,3
atp2a1_ConRetBPON-220,3
zgc:100868_ConRetBPON-220,5
mylz3_ConRetBPON-220,3
ucp1_ConRetBPON-220,4
neb_ConRetBPON-220,3
ttn.1_ConRetBPON-220,3
ttn.2_ConRetBPON-220,3
prss1_ConRetBPON-220,4
ela2l_ConRetBPON-220,4
ela2_ConRetBPON-220,4
lpin1_ConRetBPON-220,1
atp2a1l_ConRetBPON-220,4
ctrl_ConRetBPON-220,4
eno3_ConRetBPON-220,3
smyhc1_ConRetBPON-220,3
myhz1.1.1_ConRetBPON-220,4
cela1.6_ConRetBPON-220,4
cpa5_ConRetBPON-220,4
lpin1_Cornea-64,4
mbpa_Cornea-64,4
myhz1.3_Cornea-94,3
myhz1.1_Cornea-94,3
myhz2_Cornea-95,4
myhz1.3_Cornea-95,3
myhz1.2_Cornea-95,3
myhz1.1_Cornea-95,3
ttn.1_Cornea-95,3
sesn1_Cornea-95,4
csf1b_Cornea-95,4
lpin1_Cornea-95,4
kcnq5a_Cornea-95,6
kirrel3a_Cornea-95,5
muc5.1_Cornea-95,6
mt-co1_Cornea-95,4
rhcga_CraniaCart-240,6
c6ast4_CraniaCart-240,4
FP016234.1_CraniaCart-240,5
amy2a_CraniaCart-240,4
rorc_CraniaCart-240,2
apoa4b.2_CraniaCart-240,3
lpin1_CraniaCart-240,4
ulk2_CraniaCart-240,4
tnnc2_CraniaCart-240,3
cspg4_CraniaCart-240,5
CU929451.2_CraniaCart-240,5
cpa5_CraniaCart-240,4
myhz1.1_DorsalHabG-181,3
ndrg1a_EnBestOtop-17,5
tpma_EnMoNorGan-50,3
myhz2_EnMoNorGan-50,3
myhz1.3_EnMoNorGan-50,3
pvalb1_EnMoNorGan-50,3
brinp2_EnMoNorGan-50,6
ttn.1_EnMoNorGan-50,3
ttn.2_EnMoNorGan-50,3
arhgef1b_EnMoNorGan-50,5
gramd1a_EnMoNorGan-50,2
si:ch211-263k4.2_EnMoNorGan-50,1
actc1b_EnMoNorGan-50,3
lpin1_EnMoNorGan-50,4
megf11_EnMoNorGan-50,6
TCERG1L_EnMoNorGan-50,6
tnnc2_EnMoNorGan-50,3
MAGI3_EnMoNorGan-50,6
nlgn1_EnMoNorGan-50,6
ntm_EnMoNorGan-50,6
map1ab_EnMoNorGan-50,4
klf9_EntericGli-110,6
myhz2_EntericGli-110,3
myhz1.3_EntericGli-110,3
myhz1.1_EntericGli-110,3
BX465834.1_EntericGli-110,5
pfkfb4b_EntericGli-110,6
ttn.1_EntericGli-110,3
ttn.2_EntericGli-110,3
hsp90aa1.2_EntericGli-110,1
lpin1_EntericGli-110,6
stm_EntericGli-110,4
ulk2_EntericGli-110,4
BX322555.1_EntericGli-110,1
BX322555.3_EntericGli-110,1
prodha_EntericGli-110,4
robo4_EntericGli-110,4
hbp1_EntericGli-110,4
tpma_EntericGli-57,3
zgc:112160_EntericGli-57,4
tnnt3b_EntericGli-57,4
myhz1.3_EntericGli-57,3
ak1_EntericGli-57,3
atp2a1_EntericGli-57,4
rpl27_EntericGli-57,4
pfkfb4b_EntericGli-57,4
mybphb_EntericGli-57,3
glula_EntericGli-57,4
mylz3_EntericGli-57,3
abca1a_EntericGli-57,4
ucp1_EntericGli-57,4
ttn.1_EntericGli-57,3
ttn.2_EntericGli-57,3
mknk2b_EntericGli-57,4
actc1b_EntericGli-57,3
lpin1_EntericGli-57,4
rpl35a_EntericGli-57,4
atp2a1l_EntericGli-57,4
ulk2_EntericGli-57,1
BX322555.3_EntericGli-57,4
ctrl_EntericGli-57,4
CR384099.1_EntericGli-57,1
myhz1.1.1_EntericGli-57,3
hbp1_EntericGli-57,4
grm8a_EntericMoN-149,1
tnnt3b_EntericMoN-149,3
myhz1.1_EntericMoN-149,4
mylpfa_EntericMoN-149,4
neb_EntericMoN-149,3
ttn.1_EntericMoN-149,3
ttn.2_EntericMoN-149,3
GRIK3_EntericMoN-149,6
prss1_EntericMoN-149,4
hsp90aa1.2_EntericMoN-149,5
actc1b_EntericMoN-149,3
atp2a1l_EntericMoN-149,3
smyhc1_EntericMoN-149,3
ncanb_EntericMoN-149,3
dusp5_EntericMoN-149,6
myhz1.2_EntericMus-99,3
myhz1.1.1_EntericMus-99,2
snap91b_EnteroAnte-1,4
vegfab_EnteroAnte-1,5
slc26a3.2_EnteroAnte-1,3
cerk_EnteroAnte-1,5
nav2a_EnteroAnte-1,5
efnb3b_EnteroAnte-1,3
sb:cb1058_EnteroAnte-1,5
zanl_EnteroAnte-1,1
anxa2b_EnteroAnte-1,2
lgr4_EnteroAnte-1,6
bbox1_EnteroAnte-1,5
zgc:112160_EnteroAnte-1,4
abcc12_EnteroAnte-1,1
rhpn2_EnteroAnte-1,5
ttc17_EnteroAnte-1,5
leap2_EnteroAnte-1,3
gramd2aa_EnteroAnte-1,4
ypel1_EnteroAnte-1,4
SUSD2_EnteroAnte-1,2
zdhhc8b_EnteroAnte-1,4
aacs_EnteroAnte-1,5
coro1ca_EnteroAnte-1,5
wscd2_EnteroAnte-1,6
hs3st1l2_EnteroAnte-1,4
myhz2_EnteroAnte-1,5
apoa1a_EnteroAnte-1,5
rhobtb4_EnteroAnte-1,5
CU467961.1_EnteroAnte-1,4
tmem132e_EnteroAnte-1,4
adora2b_EnteroAnte-1,4
si:ch211-198m17.1_EnteroAnte-1,5
pde4a_EnteroAnte-1,2
bahcc1a_EnteroAnte-1,4
nptx1l_EnteroAnte-1,4
p4hb_EnteroAnte-1,5
MYO7B_EnteroAnte-1,5
meltf_EnteroAnte-1,5
pik3r3b_EnteroAnte-1,4
CABZ01117503.1_EnteroAnte-1,5
abhd3_EnteroAnte-1,5
lpin2_EnteroAnte-1,4
slc6a9_EnteroAnte-1,4
si:ch211-195h23.4_EnteroAnte-1,4
zgc:85843_EnteroAnte-1,5
mttp_EnteroAnte-1,5
gne_EnteroAnte-1,5
tyrp1b_EnteroAnte-1,3
spock3_EnteroAnte-1,4
fabp2_EnteroAnte-1,2
glra3_EnteroAnte-1,4
ucp1_EnteroAnte-1,4
myo3b_EnteroAnte-1,1
irs2b_EnteroAnte-1,4
lrrc58b_EnteroAnte-1,5
neb_EnteroAnte-1,5
mao_EnteroAnte-1,5
si:ch211-160b11.4_EnteroAnte-1,3
glsb_EnteroAnte-1,3
ttn.1_EnteroAnte-1,5
ttn.2_EnteroAnte-1,5
bmper_EnteroAnte-1,4
ankib1b_EnteroAnte-1,4
fhod3b_EnteroAnte-1,4
apoa4b.2_EnteroAnte-1,5
apoeb_EnteroAnte-1,5
apoc2_EnteroAnte-1,5
fhl3a_EnteroAnte-1,3
tp53inp1_EnteroAnte-1,4
afp4.1_EnteroAnte-1,5
thsd7ab_EnteroAnte-1,4
plcl2_EnteroAnte-1,5
pklr_EnteroAnte-1,4
lpgat1_EnteroAnte-1,5
rhag_EnteroAnte-1,3
ches1_EnteroAnte-1,5
si:ch211-207i1.2_EnteroAnte-1,4
sh3rf1_EnteroAnte-1,5
ryr3_EnteroAnte-1,5
pdcb_EnteroAnte-1,4
ivns1abpa_EnteroAnte-1,5
hsp90aa1.2_EnteroAnte-1,5
lonrf1l_EnteroAnte-1,4
pde4d_EnteroAnte-1,4
zgc:77486.1_EnteroAnte-1,5
rfx2_EnteroAnte-1,6
acsbg2_EnteroAnte-1,6
sult1st1_EnteroAnte-1,5
espn_EnteroAnte-1,4
gfpt1_EnteroAnte-1,5
egln3_EnteroAnte-1,5
si:ch211-266g18.10_EnteroAnte-1,3
p4ha1b_EnteroAnte-1,5
lpin1_EnteroAnte-1,4
apoba_EnteroAnte-1,5
ldah_EnteroAnte-1,5
yy1a_EnteroAnte-1,4
eif4ebp3l_EnteroAnte-1,4
pcdh11.1_EnteroAnte-1,4
sorbs2b_EnteroAnte-1,4
fat1b_EnteroAnte-1,4
arl13a_EnteroAnte-1,4
fstl5_EnteroAnte-1,4
gbf1_EnteroAnte-1,5
ckba_EnteroAnte-1,2
kcnma1a_EnteroAnte-1,4
gfra1a_EnteroAnte-1,4
arg2_EnteroAnte-1,4
psme4a_EnteroAnte-1,4
pcdh15a_EnteroAnte-1,4
pkma_EnteroAnte-1,5
chka_EnteroAnte-1,5
tmod2_EnteroAnte-1,5
gngt2b_EnteroAnte-1,4
ace_EnteroAnte-1,3
a1cf_EnteroAnte-1,5
fam53b_EnteroAnte-1,5
apoa4a_EnteroAnte-1,5
apoea_EnteroAnte-1,5
spag1a_EnteroAnte-1,5
eppk1_EnteroAnte-1,3
galnt12_EnteroAnte-1,4
SLC7A1_EnteroAnte-1,3
egln2_EnteroAnte-1,5
zgc:92630_EnteroAnte-1,5
plin2_EnteroAnte-1,5
zgc:162608_EnteroAnte-1,5
agfg1a_EnteroAnte-1,5
CABZ01067657.1_EnteroAnte-1,4
igsf11_EnteroAnte-1,4
lad1_EnteroAnte-1,3
dvl1a_EnteroAnte-1,5
klf15_EnteroAnte-1,4
camk1gb_EnteroAnte-1,4
si:ch73-184c24.1_EnteroAnte-1,4
kcnt1_EnteroAnte-1,3
zgc:113162_EnteroAnte-1,5
arhgap42a_EnteroAnte-1,5
pcnx3_EnteroAnte-1,3
mapk9_EnteroAnte-1,5
unc119b_EnteroAnte-1,4
nlgn1_EnteroAnte-1,3
jupa_EnteroAnte-1,5
suclg2_EnteroAnte-1,5
arf4b_EnteroAnte-1,5
dlg2_EnteroAnte-1,4
ntm_EnteroAnte-1,4
orai1b_EnteroAnte-1,3
cyb5a_EnteroAnte-1,5
klf6a_EnteroAnte-1,5
vav3a_EnteroAnte-1,4
smyhc1_EnteroAnte-1,3
fuk_EnteroAnte-1,3
slc25a18_EnteroAnte-1,4
bpgm_EnteroAnte-1,3
tnnt2d_EnteroAnte-1,3
ckmt1_EnteroAnte-1,5
ush1c_EnteroAnte-1,5
dusp8a_EnteroAnte-1,5
ces2b.1_EnteroAnte-1,5
acot19_EnteroAnte-1,1
zgc:101540_EnteroAnte-1,3
clcn2b_EnteroAnte-1,3
zgc:113263_EnteroAnte-2,5
vegfab_EnteroAnte-2,5
hsp90b1_EnteroAnte-2,1
atp2b1a_EnteroAnte-2,5
sox5_EnteroAnte-2,5
pparaa_EnteroAnte-2,5
slc26a3.2_EnteroAnte-2,5
slc26a3.1_EnteroAnte-2,5
rap1b_EnteroAnte-2,5
snd1_EnteroAnte-2,5
acot18_EnteroAnte-2,5
tmcc3_EnteroAnte-2,4
creld2_EnteroAnte-2,5
abcd2_EnteroAnte-2,5
si:dkey-125e8.3_EnteroAnte-2,4
cers3a_EnteroAnte-2,6
mthfs_EnteroAnte-2,3
nav2a_EnteroAnte-2,5
rtn3_EnteroAnte-2,5
mta2_EnteroAnte-2,1
tnfsf10l_EnteroAnte-2,4
sb:cb1058_EnteroAnte-2,5
eif4a1a_EnteroAnte-2,2
copb1_EnteroAnte-2,5
tpma_EnteroAnte-2,4
myo1ea_EnteroAnte-2,4
bbox1_EnteroAnte-2,5
zgc:136461_EnteroAnte-2,3
ctrb1_EnteroAnte-2,4
cebpa_EnteroAnte-2,5
rhpn2_EnteroAnte-2,5
c6ast4_EnteroAnte-2,4
tnnt3b_EnteroAnte-2,3
plxdc2_EnteroAnte-2,4
phkb_EnteroAnte-2,3
hsd17b12b_EnteroAnte-2,5
bco1l_EnteroAnte-2,5
arntl1b_EnteroAnte-2,4
sec24d_EnteroAnte-2,5
ppargc1a_EnteroAnte-2,5
hspa5_EnteroAnte-2,5
aifm3_EnteroAnte-2,5
coro1ca_EnteroAnte-2,5
abo_EnteroAnte-2,3
trpm6_EnteroAnte-2,5
tcima_EnteroAnte-2,5
fam102ab_EnteroAnte-2,1
myhz2_EnteroAnte-2,5
ckma_EnteroAnte-2,4
nccrp1_EnteroAnte-2,2
apoa1a_EnteroAnte-2,5
mtmr12_EnteroAnte-2,4
UBB_EnteroAnte-2,1
ubb_EnteroAnte-2,1
si:dkey-40c11.2_EnteroAnte-2,3
slc4a4a_EnteroAnte-2,6
CU467961.1_EnteroAnte-2,4
slc31a1_EnteroAnte-2,5
surf4l_EnteroAnte-2,5
gldc_EnteroAnte-2,4
stip1_EnteroAnte-2,2
zgc:175280_EnteroAnte-2,5
mat2ab_EnteroAnte-2,4
ak1_EnteroAnte-2,4
zgc:77748_EnteroAnte-2,5
tlcd4b_EnteroAnte-2,5
xpo6_EnteroAnte-2,5
nupr1b_EnteroAnte-2,3
tmem86b_EnteroAnte-2,5
si:ch73-141c7.1_EnteroAnte-2,6
ldlra_EnteroAnte-2,4
zgc:153968_EnteroAnte-2,2
copz2_EnteroAnte-2,5
atp2a1_EnteroAnte-2,3
hsp70.2_EnteroAnte-2,2
si:ch73-367p23.2_EnteroAnte-2,5
rarab_EnteroAnte-2,5
slc16a6b_EnteroAnte-2,5
si:ch211-198m17.1_EnteroAnte-2,5
cyp3c4_EnteroAnte-2,5
cyp3c3_EnteroAnte-2,6
BX571715.1_EnteroAnte-2,3
pdpk1a_EnteroAnte-2,4
pde4a_EnteroAnte-2,1
slc16a5b_EnteroAnte-2,1
dnajb1a_EnteroAnte-2,5
gcgra_EnteroAnte-2,4
rac1b_EnteroAnte-2,2
rnf213a_EnteroAnte-2,4
zgc:112148_EnteroAnte-2,4
cdr2a_EnteroAnte-2,2
pvalb1_EnteroAnte-2,3
txnrd3_EnteroAnte-2,5
trak2_EnteroAnte-2,5
sec23b_EnteroAnte-2,5
kalrnb_EnteroAnte-2,6
atp7b_EnteroAnte-2,5
gpd2_EnteroAnte-2,5
p4hb_EnteroAnte-2,5
srp68_EnteroAnte-2,1
MYO7B_EnteroAnte-2,5
atp1b1a_EnteroAnte-2,6
meltf_EnteroAnte-2,5
uap1_EnteroAnte-2,5
ergic3_EnteroAnte-2,1
cyp24a1_EnteroAnte-2,4
helz2_EnteroAnte-2,4
CABZ01117503.1_EnteroAnte-2,5
prelid3b_EnteroAnte-2,6
pls1_EnteroAnte-2,5
dipk2aa_EnteroAnte-2,5
abhd3_EnteroAnte-2,5
ptprfb_EnteroAnte-2,5
cnn2_EnteroAnte-2,5
lpin2_EnteroAnte-2,4
slc6a9_EnteroAnte-2,4
copa_EnteroAnte-2,5
insra_EnteroAnte-2,4
myo9b_EnteroAnte-2,5
hs6st1a_EnteroAnte-2,4
calr3b_EnteroAnte-2,5
nmrk2_EnteroAnte-2,6
zgc:85843_EnteroAnte-2,5
epb41l3b_EnteroAnte-2,5
mylz3_EnteroAnte-2,3
actb1_EnteroAnte-2,1
si:ch73-12o23.1_EnteroAnte-2,4
mttp_EnteroAnte-2,5
gne_EnteroAnte-2,5
slc34a2a_EnteroAnte-2,1
dlc1_EnteroAnte-2,5
fabp2_EnteroAnte-2,5
igf2bp2b_EnteroAnte-2,3
dachc_EnteroAnte-2,6
nt5c2b_EnteroAnte-2,5
dnaja1_EnteroAnte-2,5
zgc:154142_EnteroAnte-2,2
ucp1_EnteroAnte-2,4
dnajb1b_EnteroAnte-2,4
cyp3a65_EnteroAnte-2,6
dbi_EnteroAnte-2,5
gpr155a_EnteroAnte-2,4
irs2b_EnteroAnte-2,3
cbsb_EnteroAnte-2,4
lrrc58b_EnteroAnte-2,5
ugt1a1_EnteroAnte-2,5
akap11_EnteroAnte-2,4
crygm2d2_EnteroAnte-2,3
neb_EnteroAnte-2,3
hspd1_EnteroAnte-2,2
mao_EnteroAnte-2,5
slc15a2_EnteroAnte-2,5
cyp27a7_EnteroAnte-2,4
col18a1a_EnteroAnte-2,5
pcbp3_EnteroAnte-2,4
ttn.1_EnteroAnte-2,3
ttn.2_EnteroAnte-2,3
rpl31_EnteroAnte-2,4
vegfaa_EnteroAnte-2,5
aqp10a_EnteroAnte-2,6
efna1b_EnteroAnte-2,5
nbn_EnteroAnte-2,5
apoa4b.2_EnteroAnte-2,5
apoa4b.2.1_EnteroAnte-2,5
apoeb_EnteroAnte-2,5
apoc2_EnteroAnte-2,5
si:dkey-79d12.5_EnteroAnte-2,5
prss1_EnteroAnte-2,4
mylipb_EnteroAnte-2,5
prss59.2_EnteroAnte-2,4
sec61b_EnteroAnte-2,5
slc45a4b_EnteroAnte-2,5
dgat1b_EnteroAnte-2,5
me1_EnteroAnte-2,5
BX324007.2_EnteroAnte-2,4
tp53inp1_EnteroAnte-2,4
afp4_EnteroAnte-2,5
afp4.1_EnteroAnte-2,5
plcl2_EnteroAnte-2,5
prkg3_EnteroAnte-2,5
sptlc2b_EnteroAnte-2,5
suco_EnteroAnte-2,5
jun_EnteroAnte-2,5
ches1_EnteroAnte-2,5
clocka_EnteroAnte-2,4
palld_EnteroAnte-2,5
sh3rf1_EnteroAnte-2,5
si:dkey-183n20.15_EnteroAnte-2,5
gmds_EnteroAnte-2,1
sesn1_EnteroAnte-2,4
ivns1abpa_EnteroAnte-2,5
atf3_EnteroAnte-2,5
flvcr1_EnteroAnte-2,2
msra_EnteroAnte-2,4
nus1_EnteroAnte-2,5
GNPAT_EnteroAnte-2,1
hadhaa_EnteroAnte-2,5
hsp90aa1.2_EnteroAnte-2,5
fabp1b.1_EnteroAnte-2,5
slc25a25a_EnteroAnte-2,1
slc6a8_EnteroAnte-2,5
slc5a9_EnteroAnte-2,1
cpox_EnteroAnte-2,5
rorca_EnteroAnte-2,3
zgc:77486.1_EnteroAnte-2,5
acsbg2_EnteroAnte-2,3
ela2_EnteroAnte-2,4
slc26a6.1_EnteroAnte-2,1
kdm5bb_EnteroAnte-2,5
tuba8l_EnteroAnte-2,2
dock8_EnteroAnte-2,3
rfk_EnteroAnte-2,5
ulk1a_EnteroAnte-2,4
sult1st1_EnteroAnte-2,5
mthfr_EnteroAnte-2,5
mfn2_EnteroAnte-2,5
gfpt1_EnteroAnte-2,5
entpd4_EnteroAnte-2,5
si:dkey-32e23.4_EnteroAnte-2,5
actc1b_EnteroAnte-2,3
egln3_EnteroAnte-2,5
sec23a_EnteroAnte-2,5
kif13ba_EnteroAnte-2,5
p4ha1b_EnteroAnte-2,5
slc16a9a_EnteroAnte-2,6
si:ch211-149k12.3_EnteroAnte-2,5
papss2a_EnteroAnte-2,4
crybg1a_EnteroAnte-2,3
acss1_EnteroAnte-2,4
pgrmc2_EnteroAnte-2,5
sptbn5_EnteroAnte-2,5
lpin1_EnteroAnte-2,6
apoba_EnteroAnte-2,5
ldah_EnteroAnte-2,5
gnmt_EnteroAnte-2,4
pmt_EnteroAnte-2,5
abca1b_EnteroAnte-2,5
eif4ebp3l_EnteroAnte-2,4
si:ch211-39i2.2_EnteroAnte-2,5
uvssa_EnteroAnte-2,6
ergic1_EnteroAnte-2,5
canx_EnteroAnte-2,5
sh3rf2_EnteroAnte-2,5
hnrnpa0a_EnteroAnte-2,5
lonrf1_EnteroAnte-2,4
nocta_EnteroAnte-2,6
tapt1a_EnteroAnte-2,5
elovl5_EnteroAnte-2,5
qkib_EnteroAnte-2,3
gbf1_EnteroAnte-2,5
ckba_EnteroAnte-2,5
lrmda_EnteroAnte-2,4
acta1b_EnteroAnte-2,5
rab1ab_EnteroAnte-2,5
pdlim1_EnteroAnte-2,1
smap1_EnteroAnte-2,1
rrbp1a_EnteroAnte-2,5
FRMD1_EnteroAnte-2,4
got1_EnteroAnte-2,4
tmem63ba_EnteroAnte-2,5
gatm_EnteroAnte-2,5
pkma_EnteroAnte-2,5
pepd_EnteroAnte-2,5
btbd11b_EnteroAnte-2,5
nudt4a_EnteroAnte-2,4
chka_EnteroAnte-2,5
ssr3_EnteroAnte-2,5
tiparp_EnteroAnte-2,5
nucb2b_EnteroAnte-2,5
tmod2_EnteroAnte-2,5
si:ch211-132b12.7_EnteroAnte-2,6
arfgap2_EnteroAnte-2,5
rltgr_EnteroAnte-2,5
ndufa4_EnteroAnte-2,5
si:ch73-103l1.2_EnteroAnte-2,5
atp2a1l_EnteroAnte-2,3
pvalb2_EnteroAnte-2,3
baiap2l1a_EnteroAnte-2,5
thrab_EnteroAnte-2,1
si:dkey-219e21.2_EnteroAnte-2,5
lrrc59_EnteroAnte-2,1
fam53b_EnteroAnte-2,5
slc6a19a.1_EnteroAnte-2,6
CABZ01078989.1_EnteroAnte-2,2
pdk2b_EnteroAnte-2,6
si:dkey-211g8.5_EnteroAnte-2,4
apoa4a_EnteroAnte-2,5
apoea_EnteroAnte-2,5
spag1a_EnteroAnte-2,5
phactr4a_EnteroAnte-2,5
eppk1_EnteroAnte-2,4
ptp4a3a_EnteroAnte-2,5
abcf1_EnteroAnte-2,2
mtdha_EnteroAnte-2,5
ndrg1a_EnteroAnte-2,5
bet1_EnteroAnte-2,5
nme2b.2_EnteroAnte-2,3
porb_EnteroAnte-2,1
hephl1a_EnteroAnte-2,5
foxo1a_EnteroAnte-2,4
rbp2a_EnteroAnte-2,1
egln2_EnteroAnte-2,5
zgc:92630_EnteroAnte-2,5
TMEM120A_EnteroAnte-2,5
hip1_EnteroAnte-2,5
vmp1_EnteroAnte-2,5
zbtb16b_EnteroAnte-2,4
ulk2_EnteroAnte-2,6
tbcela_EnteroAnte-2,4
zgc:162608_EnteroAnte-2,5
ckmb_EnteroAnte-2,3
dgkb_EnteroAnte-2,6
agfg1a_EnteroAnte-2,5
ctrl_EnteroAnte-2,4
slc25a36b_EnteroAnte-2,5
actn4_EnteroAnte-2,5
slc34a2b_EnteroAnte-2,3
gata5_EnteroAnte-2,5
osbpl2b_EnteroAnte-2,5
foxp1a_EnteroAnte-2,4
slc17a9b_EnteroAnte-2,1
tnnc2_EnteroAnte-2,3
slc25a33_EnteroAnte-2,4
klf15_EnteroAnte-2,4
CU459147.1_EnteroAnte-2,4
g0s2_EnteroAnte-2,5
ppp1r14c_EnteroAnte-2,5
st8sia7.1_EnteroAnte-2,5
bhmt_EnteroAnte-2,3
rln1_EnteroAnte-2,5
lman1_EnteroAnte-2,1
cel.1_EnteroAnte-2,4
aqp7_EnteroAnte-2,4
atp2a2b_EnteroAnte-2,1
mfhas1_EnteroAnte-2,5
ghrb_EnteroAnte-2,6
esrra_EnteroAnte-2,2
epdl2_EnteroAnte-2,4
slc7a3a_EnteroAnte-2,6
si:dkey-22f5.9_EnteroAnte-2,5
mapk9_EnteroAnte-2,5
wwc1_EnteroAnte-2,5
pgk1_EnteroAnte-2,5
mpp1_EnteroAnte-2,5
p4ha2_EnteroAnte-2,1
hspa4a_EnteroAnte-2,2
camk1b_EnteroAnte-2,5
BX571768.1_EnteroAnte-2,5
tax1bp3_EnteroAnte-2,5
gadd45ba_EnteroAnte-2,6
CR848705.2_EnteroAnte-2,5
rpn2_EnteroAnte-2,5
tmcc1b_EnteroAnte-2,5
prkcdb_EnteroAnte-2,5
si:ch211-220m17.4_EnteroAnte-2,5
tdo2b_EnteroAnte-2,4
bhlhe40_EnteroAnte-2,4
prxl2b_EnteroAnte-2,4
arf4a.1_EnteroAnte-2,5
sec31a_EnteroAnte-2,5
mat2aa_EnteroAnte-2,5
plac8.1_EnteroAnte-2,5
bnip3lb_EnteroAnte-2,5
gigyf1b_EnteroAnte-2,3
bach1b_EnteroAnte-2,5
cltca_EnteroAnte-2,5
hyou1_EnteroAnte-2,1
dgat2_EnteroAnte-2,4
rab6a_EnteroAnte-2,5
ogdhb_EnteroAnte-2,6
rreb1a_EnteroAnte-2,5
cyb5a_EnteroAnte-2,5
klf6a_EnteroAnte-2,5
BX546453.1_EnteroAnte-2,5
gnal_EnteroAnte-2,5
tram1_EnteroAnte-2,5
pdia4_EnteroAnte-2,1
si:ch211-161h7.5_EnteroAnte-2,4
spata13_EnteroAnte-2,5
vipr2_EnteroAnte-2,2
vav3a_EnteroAnte-2,4
rb1cc1_EnteroAnte-2,4
pcmtd1_EnteroAnte-2,4
nuak2_EnteroAnte-2,4
cela1.6_EnteroAnte-2,4
insrb_EnteroAnte-2,3
hsd11b1la_EnteroAnte-2,5
creb3l3a_EnteroAnte-2,5
manf_EnteroAnte-2,1
hbp1_EnteroAnte-2,3
fads2_EnteroAnte-2,5
nuak1b_EnteroAnte-2,5
fa2h_EnteroAnte-2,5
cyb5r2_EnteroAnte-2,5
tead1a_EnteroAnte-2,4
cyp2x8_EnteroAnte-2,4
cpa5_EnteroAnte-2,4
prr5a_EnteroAnte-2,4
wnk1a_EnteroAnte-2,5
ckmt1_EnteroAnte-2,5
dusp8a_EnteroAnte-2,5
ugt5a2_EnteroAnte-2,5
hsd17b12a_EnteroAnte-2,5
pdia3_EnteroAnte-2,1
ces2b.1_EnteroAnte-2,5
kras_EnteroAnte-2,5
tnni2a.4_EnteroAnte-2,3
CABZ01080568.1_EnteroAnte-2,5
clcn2b_EnteroAnte-2,6
golim4a.1_EnteroAnte-2,5
CR786571.3_EnteroAnte-3,5
zanl_EnteroAnte-3,1
tpma_EnteroAnte-3,3
bbox1_EnteroAnte-3,5
zgc:112160_EnteroAnte-3,3
ctrb1_EnteroAnte-3,3
hsd11b2_EnteroAnte-3,4
c6ast4_EnteroAnte-3,4
aifm3_EnteroAnte-3,5
aacs_EnteroAnte-3,5
ela3l_EnteroAnte-3,4
myhz1.3_EnteroAnte-3,3
myhz1.1_EnteroAnte-3,3
ckma_EnteroAnte-3,4
si:ch73-141c7.1_EnteroAnte-3,1
hsp70.2_EnteroAnte-3,1
si:ch211-198m17.1_EnteroAnte-3,5
pdpk1a_EnteroAnte-3,4
pde6ha_EnteroAnte-3,4
gpd2_EnteroAnte-3,5
MYO7B_EnteroAnte-3,5
mybphb_EnteroAnte-3,3
cyp24a1_EnteroAnte-3,4
CABZ01117503.1_EnteroAnte-3,5
abhd3_EnteroAnte-3,5
amy2a_EnteroAnte-3,4
lpin2_EnteroAnte-3,4
slc6a9_EnteroAnte-3,4
apoda.2_EnteroAnte-3,4
mylz3_EnteroAnte-3,3
snapc3_EnteroAnte-3,5
ucp1_EnteroAnte-3,6
irs2b_EnteroAnte-3,4
lrrc58b_EnteroAnte-3,5
crygm2d2_EnteroAnte-3,2
neb_EnteroAnte-3,3
klf7b_EnteroAnte-3,5
mao_EnteroAnte-3,5
ttn.1_EnteroAnte-3,3
ttn.2_EnteroAnte-3,3
rcvrn2_EnteroAnte-3,4
apoa4b.2_EnteroAnte-3,5
prss59.1_EnteroAnte-3,3
me1_EnteroAnte-3,5
gramd1a_EnteroAnte-3,6
ches1_EnteroAnte-3,5
clocka_EnteroAnte-3,4
sh3rf1_EnteroAnte-3,5
vta1_EnteroAnte-3,5
tpd52l1_EnteroAnte-3,5
hsp90aa1.2_EnteroAnte-3,5
slc6a8_EnteroAnte-3,5
acsbg2_EnteroAnte-3,4
ela2l_EnteroAnte-3,4
gfpt1_EnteroAnte-3,5
actc1b_EnteroAnte-3,3
egln3_EnteroAnte-3,5
kif13ba_EnteroAnte-3,5
p4ha1b_EnteroAnte-3,5
slc8a1b_EnteroAnte-3,5
pabpc4_EnteroAnte-3,4
lpin1_EnteroAnte-3,6
apoba_EnteroAnte-3,5
pmt_EnteroAnte-3,5
abca1b_EnteroAnte-3,5
fosl1a_EnteroAnte-3,5
BX005454.1_EnteroAnte-3,5
abcg5_EnteroAnte-3,5
rhoua_EnteroAnte-3,5
gatm_EnteroAnte-3,5
pkma_EnteroAnte-3,5
chka_EnteroAnte-3,5
ccser2b_EnteroAnte-3,5
atp2a1l_EnteroAnte-3,3
apoa4a_EnteroAnte-3,5
ndrg1a_EnteroAnte-3,5
tagln_EnteroAnte-3,3
porb_EnteroAnte-3,5
foxo1a_EnteroAnte-3,4
egln2_EnteroAnte-3,5
hip1_EnteroAnte-3,5
plin2_EnteroAnte-3,5
zgc:162608_EnteroAnte-3,5
ksr1b_EnteroAnte-3,5
agfg1a_EnteroAnte-3,5
ctrl_EnteroAnte-3,3
slc25a33_EnteroAnte-3,4
abcg2a_EnteroAnte-3,4
ghrb_EnteroAnte-3,4
actn3a_EnteroAnte-3,3
si:dkey-22f5.9_EnteroAnte-3,5
ebf1b_EnteroAnte-3,5
slc13a2_EnteroAnte-3,6
tdo2b_EnteroAnte-3,4
arf4b_EnteroAnte-3,5
scarb1_EnteroAnte-3,1
klf6a_EnteroAnte-3,5
pck2_EnteroAnte-3,5
tram1_EnteroAnte-3,5
pdia4_EnteroAnte-3,1
smyhc2_EnteroAnte-3,2
cela1.6_EnteroAnte-3,4
creb3l3a_EnteroAnte-3,5
fads2_EnteroAnte-3,5
fa2h_EnteroAnte-3,5
ccnd2a_EnteroAnte-3,4
cpa5_EnteroAnte-3,3
dusp8a_EnteroAnte-3,5
ces2b.1_EnteroAnte-3,5
myhz1.3_EnteroEndo-51,4
myhz1.2_EnteroEndo-51,3
ak1_EnteroEndo-51,3
pvalb1_EnteroEndo-51,3
ttn.1_EnteroEndo-51,5
ttn.2_EnteroEndo-51,5
hsp90aa1.2_EnteroEndo-51,5
actc1b_EnteroEndo-51,3
mylpfb_EnteroEndo-51,3
pvalb2_EnteroEndo-51,3
mlnl_EnteroEndo-51,5
smyhc1_EnteroEndo-51,5
si:zfos-2372e4.1_EnteroEndo-51,1
tnni2a.4_EnteroEndo-51,3
mt-co1_EnteroEndo-51,6
nrip2_EnteroLyso-16,4
ctrb1_EnteroLyso-16,4
CR382383.2_EnteroLyso-16,3
myhz2_EnteroLyso-16,1
myhz1.3_EnteroLyso-16,4
rpl7a_EnteroLyso-16,2
ckma_EnteroLyso-16,3
actb2_EnteroLyso-16,2
atp5mc3b_EnteroLyso-16,2
serbp1a_EnteroLyso-16,2
rps26l_EnteroLyso-16,2
rps3a_EnteroLyso-16,2
ttn.1_EnteroLyso-16,3
ttn.2_EnteroLyso-16,3
rpl28_EnteroLyso-16,2
serpinb1_EnteroLyso-16,2
hsp90ab1_EnteroLyso-16,2
CT027638.1_EnteroLyso-16,2
rpl6_EnteroLyso-16,2
lonrf1_EnteroLyso-16,4
lgmn_EnteroLyso-16,3
rplp1_EnteroLyso-16,2
eef1a1l1_EnteroLyso-16,2
rpl11_EnteroLyso-16,2
nme2b.1_EnteroLyso-16,2
fabp6_EnteroLyso-16,2
zgc:171772_EnteroLyso-16,2
hspa8_EnteroLyso-16,2
myhz1.1.1_EnteroLyso-16,5
tnni2a.4_EnteroLyso-16,3
col7a1l_EpidermFin-72,5
etnk1_EpidermFin-72,4
si:cabz01007802.1_EpidermFin-72,4
pnp5a_EpidermFin-72,6
eif4a1a_EpidermFin-72,1
tpma_EpidermFin-72,3
zgc:136461_EpidermFin-72,4
ctrb1_EpidermFin-72,4
hsd11b2_EpidermFin-72,6
lsp1b_EpidermFin-72,5
tnnt3b_EpidermFin-72,3
camk2d1_EpidermFin-72,3
hk2_EpidermFin-72,1
znrf3_EpidermFin-72,5
zfand5a_EpidermFin-72,4
myhz1.3_EpidermFin-72,3
myhz1.2_EpidermFin-72,3
myhz1.1_EpidermFin-72,3
ak1_EpidermFin-72,3
myh9b_EpidermFin-72,5
atp2a1_EpidermFin-72,3
abat_EpidermFin-72,4
sept12_EpidermFin-72,5
si:ch73-367p23.2_EpidermFin-72,3
cyth1a.1_EpidermFin-72,4
pvalb1_EpidermFin-72,3
atp1b1a_EpidermFin-72,6
sgip1a_EpidermFin-72,3
krt4_EpidermFin-72,6
slc2a1b_EpidermFin-72,1
rplp2_EpidermFin-72,4
mybphb_EpidermFin-72,3
prelid3b_EpidermFin-72,1
CU693494.2_EpidermFin-72,4
amy2a_EpidermFin-72,4
lamc1_EpidermFin-72,5
apoda.2_EpidermFin-72,4
per2_EpidermFin-72,4
sh3gl1a_EpidermFin-72,3
jund_EpidermFin-72,1
nrp2a_EpidermFin-72,5
mylz3_EpidermFin-72,4
pcdh7a_EpidermFin-72,5
npnta_EpidermFin-72,5
abca1a_EpidermFin-72,4
ucp1_EpidermFin-72,4
bzw1b_EpidermFin-72,6
nfe2l2a_EpidermFin-72,1
nr1i2_EpidermFin-72,4
lmo7a_EpidermFin-72,6
neb_EpidermFin-72,3
caska_EpidermFin-72,5
ttn.1_EpidermFin-72,3
ttn.2_EpidermFin-72,3
rpl31_EpidermFin-72,6
tuft1a_EpidermFin-72,6
apoc1_EpidermFin-72,3
prss59.1_EpidermFin-72,4
rhbg_EpidermFin-72,5
pnrc2_EpidermFin-72,6
sptlc2b_EpidermFin-72,4
flrt2_EpidermFin-72,5
nfkbiaa_EpidermFin-72,6
tdh_EpidermFin-72,4
chac1_EpidermFin-72,6
apobb.1_EpidermFin-72,3
sesn1_EpidermFin-72,4
BX927123.1_EpidermFin-72,3
foxo3b_EpidermFin-72,3
atf3_EpidermFin-72,4
si:dkey-7c18.24_EpidermFin-72,1
rps29_EpidermFin-72,4
pptc7a_EpidermFin-72,6
skia_EpidermFin-72,5
mknk2b_EpidermFin-72,4
prex1_EpidermFin-72,4
tuba8l_EpidermFin-72,6
nfkbiab_EpidermFin-72,6
cyp26c1_EpidermFin-72,4
SGMS1_EpidermFin-72,4
rps6ka1_EpidermFin-72,5
ctsl.1_EpidermFin-72,4
lpin1_EpidermFin-72,4
crip1_EpidermFin-72,6
fosl2_EpidermFin-72,6
pxdn_EpidermFin-72,5
hspa9_EpidermFin-72,1
fgfrl1a_EpidermFin-72,5
slit3_EpidermFin-72,5
fosl1a_EpidermFin-72,4
slc25a5_EpidermFin-72,4
nocta_EpidermFin-72,6
fam107b_EpidermFin-72,1
barx2_EpidermFin-72,5
atp2a1l_EpidermFin-72,4
pdk2a_EpidermFin-72,4
rplp1_EpidermFin-72,6
abcf1_EpidermFin-72,5
nme2b.2_EpidermFin-72,3
porb_EpidermFin-72,6
foxo1a_EpidermFin-72,4
slc1a5_EpidermFin-72,4
ulk2_EpidermFin-72,4
sik2b_EpidermFin-72,1
frmd4bb_EpidermFin-72,6
plagl2_EpidermFin-72,5
chl1a_EpidermFin-72,3
lamb2l_EpidermFin-72,5
tnnc2_EpidermFin-72,3
zgc:154075_EpidermFin-72,6
ccng2_EpidermFin-72,6
rpl35_EpidermFin-72,4
prodha_EpidermFin-72,4
tnfrsfa_EpidermFin-72,1
ghrb_EpidermFin-72,4
actn3a_EpidermFin-72,5
klf5l_EpidermFin-72,6
hspa4a_EpidermFin-72,1
adgrl2a_EpidermFin-72,5
mapkapk2a_EpidermFin-72,1
slc20a1b_EpidermFin-72,6
ucp2_EpidermFin-72,4
mmp30_EpidermFin-72,6
klhl24b_EpidermFin-72,4
fndc3bb_EpidermFin-72,5
f3a_EpidermFin-72,6
cebpd_EpidermFin-72,6
btg2_EpidermFin-72,6
midn_EpidermFin-72,6
si:ch211-117l17.6_EpidermFin-72,4
rpl32_EpidermFin-72,4
SLC6A13_EpidermFin-72,3
hbp1_EpidermFin-72,4
ccnd2a_EpidermFin-72,4
mt-co1_EpidermFin-72,6
mt-atp6_EpidermFin-72,6
mt-nd4_EpidermFin-72,6
mt-cyb_EpidermFin-72,6
clcn2b_EpidermFin-72,1
thbs1a_EpidermFin-72,6
slc38a4_Epidermis-24,1
csrp2_Epidermis-24,6
si:dkey-27n6.4_Epidermis-24,5
pnp5a_Epidermis-24,6
CU467822.2_Epidermis-24,5
si:ch73-335l21.1_Epidermis-24,1
kdm6ba_Epidermis-24,6
ponzr3_Epidermis-24,6
tnfsf10l_Epidermis-24,5
alox12_Epidermis-24,4
rps13_Epidermis-24,6
rorab_Epidermis-24,4
si:ch211-260e23.9_Epidermis-24,3
myzap_Epidermis-24,6
enosf1_Epidermis-24,4
tead1b_Epidermis-24,4
rplp0_Epidermis-24,6
ypel1_Epidermis-24,5
limk2_Epidermis-24,6
npas2_Epidermis-24,4
acsl4b_Epidermis-24,6
histh1l_Epidermis-24,4
myhz2_Epidermis-24,3
myhz1.2_Epidermis-24,3
myhz1.1_Epidermis-24,3
tmprss13b_Epidermis-24,4
mtmr12_Epidermis-24,4
tmem132e_Epidermis-24,5
ank1a_Epidermis-24,5
atp2a1_Epidermis-24,4
hsp70.2_Epidermis-24,2
hsp70.3_Epidermis-24,5
zgc:100868_Epidermis-24,2
mafk_Epidermis-24,3
pvalb1_Epidermis-24,3
bcl11ab_Epidermis-24,1
lmo4b_Epidermis-24,5
rhcgl1_Epidermis-24,4
vdrb_Epidermis-24,4
krt4_Epidermis-24,1
ENSDARG00000091625_Epidermis-24,4
rplp2_Epidermis-24,6
osgn1_Epidermis-24,2
prelid3b_Epidermis-24,6
egfra_Epidermis-24,1
npc1_Epidermis-24,6
xpr1b_Epidermis-24,4
amy2a_Epidermis-24,4
ptgs2a_Epidermis-24,6
csrnp1a_Epidermis-24,6
crema_Epidermis-24,6
per2_Epidermis-24,4
rorcb_Epidermis-24,4
mylz3_Epidermis-24,3
wbp1lb_Epidermis-24,4
FO834828.2_Epidermis-24,6
irs2b_Epidermis-24,6
ttn.1_Epidermis-24,3
ttn.2_Epidermis-24,3
itprid2_Epidermis-24,5
tuft1a_Epidermis-24,6
apoa4b.2_Epidermis-24,5
si:dkey-79d12.5_Epidermis-24,6
prss1_Epidermis-24,4
prss59.1_Epidermis-24,4
nr4a3_Epidermis-24,6
vps72b_Epidermis-24,4
igfbp1a_Epidermis-24,6
dsc2l_Epidermis-24,4
ppp2r5a_Epidermis-24,5
gmds_Epidermis-24,6
mycn_Epidermis-24,5
itpkb_Epidermis-24,5
fosab_Epidermis-24,6
hsp90aa1.2_Epidermis-24,5
faua_Epidermis-24,6
skia_Epidermis-24,5
cebpb_Epidermis-24,6
RALGDS_Epidermis-24,6
rab11fip1a_Epidermis-24,6
ppiaa_Epidermis-24,6
actc1b_Epidermis-24,3
nfkbiab_Epidermis-24,6
abch1_Epidermis-24,4
lpin1_Epidermis-24,6
crim1_Epidermis-24,4
fosl2_Epidermis-24,6
zgc:92242_Epidermis-24,6
slc36a1_Epidermis-24,4
stard14_Epidermis-24,6
lonrf1_Epidermis-24,4
CR383676.3_Epidermis-24,5
nocta_Epidermis-24,6
tnfaip3_Epidermis-24,3
smap1_Epidermis-24,1
arg2_Epidermis-24,6
lgmn_Epidermis-24,4
itga9_Epidermis-24,6
admb_Epidermis-24,4
mctp2a_Epidermis-24,5
tiparp_Epidermis-24,6
ptenb_Epidermis-24,2
ppp2r2d_Epidermis-24,2
CABZ01048956.1_Epidermis-24,6
zgc:153932.1_Epidermis-24,3
krtt1c19e_Epidermis-24,6
cyt1l_Epidermis-24,1
cyt1_Epidermis-24,1
krt17_Epidermis-24,1
krt91_Epidermis-24,1
jarid2b_Epidermis-24,6
si:ch211-152p11.4_Epidermis-24,6
mfsd2ab_Epidermis-24,6
rpl30_Epidermis-24,6
si:ch211-250g4.3_Epidermis-24,6
rpl11_Epidermis-24,6
rpl14_Epidermis-24,6
foxo1a_Epidermis-24,6
gab2_Epidermis-24,6
si:dkey-202l22.6_Epidermis-24,6
BX663520.2_Epidermis-24,6
sik2b_Epidermis-24,1
tlcd2_Epidermis-24,4
ssh2a_Epidermis-24,6
ksr1b_Epidermis-24,5
krt5_Epidermis-24,1
dnmt3bb.1_Epidermis-24,5
sgk1_Epidermis-24,6
klf4_Epidermis-24,6
ccng2_Epidermis-24,6
prodha_Epidermis-24,4
bicdl2l_Epidermis-24,6
cldnb_Epidermis-24,6
fabp6_Epidermis-24,3
TENM2.1_Epidermis-24,5
gfpt2_Epidermis-24,5
klf5l_Epidermis-24,6
hspa4a_Epidermis-24,5
pparg_Epidermis-24,5
rpl29_Epidermis-24,6
pde4cb_Epidermis-24,5
adgrl2a_Epidermis-24,5
cyldb_Epidermis-24,6
rpl22_Epidermis-24,6
grk5_Epidermis-24,5
slc20a1b_Epidermis-24,6
hspa8_Epidermis-24,1
si:dkey-259j3.5_Epidermis-24,4
dhrs13a.2_Epidermis-24,6
rps25_Epidermis-24,6
zgc:113625_Epidermis-24,5
CU467905.1_Epidermis-24,6
ppiab_Epidermis-24,6
csrnp1b_Epidermis-24,6
rpl21_Epidermis-24,6
arhgap29a_Epidermis-24,4
si:ch73-78o10.1_Epidermis-24,5
myhz1.1.1_Epidermis-24,2
btg2_Epidermis-24,6
nuak2_Epidermis-24,6
cela1.6_Epidermis-24,4
midn_Epidermis-24,6
si:ch211-129c21.1_Epidermis-24,6
dusp5_Epidermis-24,6
hbp1_Epidermis-24,4
dgkzb_Epidermis-24,5
cpa5_Epidermis-24,4
pkp3a_Epidermis-24,6
phlda2_Epidermis-24,6
cpt1ab_Epidermis-24,5
CABZ01080568.1_Epidermis-24,2
mt-atp6_Epidermis-24,3
rbp4l_EpiphysisP-106,5
KCNB2_EpiphysisP-106,5
hsp90b1_ExPancreas-5,5
pnp5a_ExPancreas-5,4
clpxa_ExPancreas-5,4
sox6_ExPancreas-5,5
insig1_ExPancreas-5,4
znf536_ExPancreas-5,6
hspa5_ExPancreas-5,5
sema4c_ExPancreas-5,6
myhz2_ExPancreas-5,3
mat2ab_ExPancreas-5,4
atp2a1_ExPancreas-5,3
si:ch73-367p23.2_ExPancreas-5,3
BX537310.2_ExPancreas-5,5
cdc42ep4a_ExPancreas-5,5
abcc4_ExPancreas-5,2
fkbp11_ExPancreas-5,5
als2b_ExPancreas-5,6
hs2st1b_ExPancreas-5,3
tex264a_ExPancreas-5,3
slc2a1b_ExPancreas-5,4
prelid3b_ExPancreas-5,6
ebna1bp2_ExPancreas-5,4
cpdp_ExPancreas-5,6
plpp2a_ExPancreas-5,2
si:dkey-1h24.2_ExPancreas-5,5
nabp1a_ExPancreas-5,5
ddx18_ExPancreas-5,1
ttn.1_ExPancreas-5,3
ttn.2_ExPancreas-5,3
icn_ExPancreas-5,6
si:ch73-215d9.1_ExPancreas-5,3
tp53inp1_ExPancreas-5,4
pinx1_ExPancreas-5,4
itsn2a_ExPancreas-5,5
mthfd1a_ExPancreas-5,5
coq8aa_ExPancreas-5,6
msra_ExPancreas-5,4
gpcpd1_ExPancreas-5,6
si:dkey-7c18.24_ExPancreas-5,1
pde4d_ExPancreas-5,5
mknk2b_ExPancreas-5,6
nt5dc2_ExPancreas-5,1
ulk1a_ExPancreas-5,6
rasef_ExPancreas-5,6
actc1b_ExPancreas-5,3
lpin1_ExPancreas-5,4
ldah_ExPancreas-5,5
kidins220a_ExPancreas-5,3
si:ch211-221f10.2_ExPancreas-5,2
arg2_ExPancreas-5,4
rsrp1_ExPancreas-5,1
bcl2l11_ExPancreas-5,4
pdk2b_ExPancreas-5,4
ripor2_ExPancreas-5,5
nme2b.2_ExPancreas-5,3
porb_ExPancreas-5,1
foxo1a_ExPancreas-5,6
ulk2_ExPancreas-5,4
esyt1a_ExPancreas-5,5
slc25a33_ExPancreas-5,6
cast_ExPancreas-5,6
ulk1b_ExPancreas-5,6
rxraa_ExPancreas-5,5
sycn.3_ExPancreas-5,5
kaznb_ExPancreas-5,6
per3_ExPancreas-5,6
ero1b_ExPancreas-5,5
sardh_ExPancreas-5,3
zfand5b_ExPancreas-5,3
BX088524.2_ExPancreas-5,5
ucp2_ExPancreas-5,4
rreb1a_ExPancreas-5,5
CT573344.1_ExPancreas-5,5
klhl24b_ExPancreas-5,4
smyhc1_ExPancreas-5,5
myhz1.1.1_ExPancreas-5,5
cela1.5.1_ExPancreas-5,5
sh3bp4a_ExPancreas-5,5
nr5a2_ExPancreas-5,5
rrbp1b_ExPancreas-5,5
add3a_ExPancreas-5,2
hbp1_ExPancreas-5,6
ccnd2a_ExPancreas-5,4
immp2l_ExPancreas-5,5
tnni2a.4_ExPancreas-5,3
adipor2_FastMuscle-250,4
ehbp1l1a_FastMuscle-250,4
fxr2_FastMuscle-250,1
slc7a8a_FastMuscle-250,4
tnnt3b_FastMuscle-250,5
sorcs2_FastMuscle-250,5
FP016234.1_FastMuscle-250,5
aldoaa_FastMuscle-250,5
pvalb1_FastMuscle-250,5
xirp2a_FastMuscle-250,2
mylk4a_FastMuscle-250,1
greb1l_FastMuscle-250,5
retreg1_FastMuscle-250,4
casq1a_FastMuscle-250,5
GALNTL6_FastMuscle-250,5
xirp2b_FastMuscle-250,4
nr4a3_FastMuscle-250,1
sesn1_FastMuscle-250,4
pbx3b_FastMuscle-250,5
ulk1a_FastMuscle-250,4
actc1b_FastMuscle-250,5
fbxo30a_FastMuscle-250,4
lpin1_FastMuscle-250,4
fgf13a_FastMuscle-250,5
psme4a_FastMuscle-250,4
luzp2_FastMuscle-250,5
slc16a12b_FastMuscle-250,4
pvalb2_FastMuscle-250,5
pdk2b_FastMuscle-250,4
mylipa_FastMuscle-250,4
foxo1a_FastMuscle-250,6
dscaml1_FastMuscle-250,5
slc43a2a_FastMuscle-250,4
tnnc2_FastMuscle-250,5
ccng2_FastMuscle-250,4
cadm1a_FastMuscle-250,5
actn3a_FastMuscle-250,5
zfand5b_FastMuscle-250,4
pde7a_FastMuscle-250,1
pkmb_FastMuscle-250,5
tnni2a.4_FastMuscle-250,5
CABZ01080568.1_FastMuscle-250,2
zgc:112160_FastMuscle-255,4
zgc:136461_FastMuscle-255,3
ctrb1_FastMuscle-255,4
tnni2b.2_FastMuscle-255,3
tnni2b.1_FastMuscle-255,3
tnnt3b_FastMuscle-255,3
BX005003.1_FastMuscle-255,5
CT476811.1_FastMuscle-255,5
ela3l_FastMuscle-255,3
myhz1.2_FastMuscle-255,3
myhz1.1_FastMuscle-255,3
ckma_FastMuscle-255,3
ak1_FastMuscle-255,3
zgc:194659_FastMuscle-255,5
pvalb4_FastMuscle-255,3
amy2a_FastMuscle-255,4
myh7_FastMuscle-255,6
apoda.2_FastMuscle-255,4
ucp1_FastMuscle-255,4
cerkl_FastMuscle-255,5
apoa4b.2_FastMuscle-255,5
prss1_FastMuscle-255,4
prss59.2_FastMuscle-255,3
igfbp1a_FastMuscle-255,6
si:dkey-12h9.6_FastMuscle-255,5
ampd1_FastMuscle-255,3
ela2l_FastMuscle-255,3
pbx3b_FastMuscle-255,5
myl7_FastMuscle-255,5
actc1b_FastMuscle-255,3
lpin1_FastMuscle-255,4
zgc:92137_FastMuscle-255,4
ddx21_FastMuscle-255,2
acta1b_FastMuscle-255,3
smap1_FastMuscle-255,5
atp2a1l_FastMuscle-255,4
tshz1_FastMuscle-255,5
nme2b.2_FastMuscle-255,3
foxo1a_FastMuscle-255,6
ctrl_FastMuscle-255,4
rps12_FastMuscle-255,4
plxna1a_FastMuscle-255,5
cel.1_FastMuscle-255,4
tpm2_FastMuscle-255,3
mtus2a_FastMuscle-255,5
cpb1_FastMuscle-255,4
cela1.6_FastMuscle-255,4
r3hdm1_FastMuscle-255,5
pvalb7_FastMuscle-255,3
cpa5_FastMuscle-255,4
tnni2a.1_FastMuscle-255,3
znf536_FastMuscle-269,5
rtn4r_FastMuscle-269,5
adgrl1a_FastMuscle-269,5
pbx1a_FastMuscle-269,5
BX511178.2_FastMuscle-269,5
bcar3_FastMuscle-269,5
grid2_FastMuscle-269,5
nrxn3a_FastMuscle-269,5
sdk2b_FastMuscle-269,5
ncam1a_FastMuscle-269,5
cadm1a_FastMuscle-269,5
ebf1b_FastMuscle-269,5
pax7a_FastMuscle-269,5
opcml_FastMuscle-269,5
cux1a_FastMuscle-269,5
kirrel3a_FastMuscle-269,5
myhz1.1.1_FastMuscle-269,1
celf5a_FastMuscle-269,5
DOCK4_FastMuscle-269,5
tnni2a.1_FastMuscle-269,4
atp2b1a_FastMuscle-271,5
chsy1_FastMuscle-271,5
CT476811.1_FastMuscle-271,5
neo1a_FastMuscle-271,5
srrm4_FastMuscle-271,5
myhz2_FastMuscle-271,3
BX465834.1_FastMuscle-271,5
fam172a_FastMuscle-271,5
si:dkey-35m8.1_FastMuscle-271,5
brinp1_FastMuscle-271,5
rbfox1_FastMuscle-271,5
hs3st4_FastMuscle-271,5
FQ377603.1_FastMuscle-271,5
PDE1C_FastMuscle-271,5
tenm3_FastMuscle-271,5
lef1_FastMuscle-271,5
igsf3_FastMuscle-271,5
efna3b_FastMuscle-271,5
cadm4_FastMuscle-271,5
mindy3_FastMuscle-271,5
adgrb1a_FastMuscle-271,5
adam22_FastMuscle-271,5
ralgps2_FastMuscle-271,5
dpf3_FastMuscle-271,5
BX511178.2_FastMuscle-271,5
atad2b_FastMuscle-271,5
hsp90aa1.2_FastMuscle-271,5
dab2ipa_FastMuscle-271,5
pbx3b_FastMuscle-271,5
ank3a_FastMuscle-271,5
grid1a_FastMuscle-271,5
ush2a_FastMuscle-271,5
cxxc5b_FastMuscle-271,5
pcdh11.1_FastMuscle-271,5
CR383676.2_FastMuscle-271,5
gfra4a_FastMuscle-271,5
kcnma1a_FastMuscle-271,5
bcl11aa_FastMuscle-271,5
cntn5_FastMuscle-271,5
rbfox3a_FastMuscle-271,5
bahcc1b_FastMuscle-271,5
ebf3a.1_FastMuscle-271,5
cspg5b_FastMuscle-271,5
znf516_FastMuscle-271,5
BX957317.2_FastMuscle-271,5
gabbr2_FastMuscle-271,5
eif3hb_FastMuscle-271,5
dscamb_FastMuscle-271,5
dscaml1_FastMuscle-271,5
ncam1b_FastMuscle-271,5
TCF4_FastMuscle-271,5
st8sia5_FastMuscle-271,5
hcn1_FastMuscle-271,5
ncam1a_FastMuscle-271,5
cadm1a_FastMuscle-271,5
TENM2.1_FastMuscle-271,5
hspa4a_FastMuscle-271,5
ptprga_FastMuscle-271,5
phf2_FastMuscle-271,5
igsf21a_FastMuscle-271,5
nbeaa_FastMuscle-271,5
dpp6a_FastMuscle-271,5
ncoa2_FastMuscle-271,5
kcnc3b_FastMuscle-271,5
cela1.6_FastMuscle-271,4
ncanb_FastMuscle-271,5
rpl18a_FinApEctRi-92,4
pnp5a_FinApEctRi-92,6
chsy1_FinApEctRi-92,6
si:dkey-85k7.7_FinApEctRi-92,6
ctrb1_FinApEctRi-92,4
myhz2_FinApEctRi-92,3
myhz1.2_FinApEctRi-92,3
myhz1.1_FinApEctRi-92,3
hsp70.2_FinApEctRi-92,6
pvalb1_FinApEctRi-92,3
prelid3b_FinApEctRi-92,6
ttn.1_FinApEctRi-92,3
ttn.2_FinApEctRi-92,3
prss1_FinApEctRi-92,4
prss59.2_FinApEctRi-92,4
atf3_FinApEctRi-92,6
hsp90aa1.2_FinApEctRi-92,6
nocta_FinApEctRi-92,6
si:ch211-152p11.4_FinApEctRi-92,6
ulk2_FinApEctRi-92,4
plekhn1_FinApEctRi-92,6
ccn1_FinApEctRi-92,6
klf4_FinApEctRi-92,6
ccng2_FinApEctRi-92,6
ucp2_FinApEctRi-92,4
midn_FinApEctRi-92,6
pkp3a_FinApEctRi-92,6
myhz1.3_FinEpiderm-216,4
myhz1.2_FinEpiderm-216,5
myhz1.1_FinEpiderm-216,3
sst2_FinEpiderm-216,3
pbx1a_FinEpiderm-216,5
myh7_FinEpiderm-216,4
zgc:136930_FinEpiderm-216,6
msx1b_FinEpiderm-216,2
ttn.2_FinEpiderm-216,3
serpinb1l4_FinEpiderm-216,5
igfbp1a_FinEpiderm-216,6
myoc_FinEpiderm-216,2
dusp23a_FinEpiderm-216,5
fosab_FinEpiderm-216,6
jdp2b_FinEpiderm-216,6
actc1b_FinEpiderm-216,3
col10a1a_FinEpiderm-216,3
lpin1_FinEpiderm-216,4
fgf8a_FinEpiderm-216,5
dkk1b_FinEpiderm-216,5
ptprua_FinEpiderm-216,5
serpinh1b_FinEpiderm-216,5
tgm1l3_FinEpiderm-216,5
si:dkey-183i3.5_FinEpiderm-216,6
ackr4b_FinEpiderm-216,5
cebpd_FinEpiderm-216,1
btg2_FinEpiderm-216,6
celf5a_FinEpiderm-216,5
cckb_FinEpiderm-216,2
lmx1bb_FinEpiderm-32,5
pnp5a_FinEpiderm-74,6
tpma_FinEpiderm-74,3
hk2_FinEpiderm-74,5
rpl36a_FinEpiderm-74,4
ela3l_FinEpiderm-74,4
myhz1.3_FinEpiderm-74,4
myhz1.1_FinEpiderm-74,3
ckma_FinEpiderm-74,4
sept12_FinEpiderm-74,5
asic2_FinEpiderm-74,5
col5a3a_FinEpiderm-74,5
ptprfa_FinEpiderm-74,5
sgip1a_FinEpiderm-74,4
per2_FinEpiderm-74,4
mylz3_FinEpiderm-74,4
sdk1b_FinEpiderm-74,5
pcdh7a_FinEpiderm-74,5
itga6b_FinEpiderm-74,4
npnta_FinEpiderm-74,5
gli2a_FinEpiderm-74,5
sema5ba_FinEpiderm-74,5
ttn.1_FinEpiderm-74,3
ttn.2_FinEpiderm-74,3
adarb1b_FinEpiderm-74,5
rbms3_FinEpiderm-74,5
adrb3a_FinEpiderm-74,5
ltbp1_FinEpiderm-74,5
lpin1_FinEpiderm-74,4
fgfrl1a_FinEpiderm-74,5
slit3_FinEpiderm-74,5
rnf130_FinEpiderm-74,5
lrmda_FinEpiderm-74,3
fam107b_FinEpiderm-74,2
ppfibp2a_FinEpiderm-74,4
ulk2_FinEpiderm-74,4
hif1al_FinEpiderm-74,1
ctrl_FinEpiderm-74,4
ccng2_FinEpiderm-74,6
ptprga_FinEpiderm-74,5
adgrl2a_FinEpiderm-74,5
hhla2a.1_FinEpiderm-74,6
ucp2_FinEpiderm-74,4
mmp30_FinEpiderm-74,6
eya1_FinEpiderm-74,5
sulf1_FinEpiderm-74,5
midn_FinEpiderm-74,1
fetub_FinEpiderm-74,6
etnk1_FinEpiderm-91,6
si:dkey-28k24.2.1_FinEpiderm-91,5
BX005417.1_FinEpiderm-91,5
CR926130.2_FinEpiderm-91,5
pnp5a_FinEpiderm-91,6
lrrk1_FinEpiderm-91,5
si:dkey-85k7.7_FinEpiderm-91,6
tpma_FinEpiderm-91,3
zgc:136461_FinEpiderm-91,4
ctrb1_FinEpiderm-91,4
hk2_FinEpiderm-91,1
myhz1.3_FinEpiderm-91,3
myhz1.2_FinEpiderm-91,3
myhz1.1_FinEpiderm-91,3
ckma_FinEpiderm-91,3
tagln2_FinEpiderm-91,6
FQ378016.1_FinEpiderm-91,5
gldc_FinEpiderm-91,6
atp2a1_FinEpiderm-91,3
sept12_FinEpiderm-91,5
si:ch73-367p23.2_FinEpiderm-91,3
mylpfa_FinEpiderm-91,3
BX537310.2_FinEpiderm-91,5
pvalb1_FinEpiderm-91,3
slc2a1b_FinEpiderm-91,6
eya2_FinEpiderm-91,5
prelid3b_FinEpiderm-91,6
mylz3_FinEpiderm-91,3
itga6b_FinEpiderm-91,1
arhgef7b_FinEpiderm-91,5
ucp1_FinEpiderm-91,4
neb_FinEpiderm-91,3
mxc_FinEpiderm-91,3
ttn.1_FinEpiderm-91,3
ttn.2_FinEpiderm-91,3
nop2_FinEpiderm-91,4
tuft1a_FinEpiderm-91,6
si:dkey-79d12.5_FinEpiderm-91,4
prss1_FinEpiderm-91,4
satb1b_FinEpiderm-91,5
flrt2_FinEpiderm-91,5
atf3_FinEpiderm-91,4
klhl29_FinEpiderm-91,4
fosab_FinEpiderm-91,6
hsp70l_FinEpiderm-91,2
mknk2b_FinEpiderm-91,6
ela2l_FinEpiderm-91,3
lmx1bb_FinEpiderm-91,5
rfk_FinEpiderm-91,5
tp73_FinEpiderm-91,5
actc1b_FinEpiderm-91,3
lpin1_FinEpiderm-91,4
fosl2_FinEpiderm-91,6
odc1_FinEpiderm-91,6
dusp1_FinEpiderm-91,6
fosl1a_FinEpiderm-91,4
nocta_FinEpiderm-91,6
rbm28_FinEpiderm-91,6
fam107b_FinEpiderm-91,1
grid1b_FinEpiderm-91,5
atp2a1l_FinEpiderm-91,4
CR936442.1_FinEpiderm-91,5
pkhd1l1_FinEpiderm-91,5
mylipa_FinEpiderm-91,4
si:ch211-152p11.4_FinEpiderm-91,6
col8a2_FinEpiderm-91,5
nme2b.2_FinEpiderm-91,3
apoa1b_FinEpiderm-91,6
slc1a5_FinEpiderm-91,4
ulk2_FinEpiderm-91,1
CR848683.2_FinEpiderm-91,5
ctrl_FinEpiderm-91,4
robo1_FinEpiderm-91,5
si:rp71-79p20.2_FinEpiderm-91,3
si:dkey-261h17.1_FinEpiderm-91,5
ccn1_FinEpiderm-91,6
ccng2_FinEpiderm-91,6
slc20a1b_FinEpiderm-91,6
ucp3_FinEpiderm-91,4
mmp30_FinEpiderm-91,6
boc_FinEpiderm-91,5
klhl24b_FinEpiderm-91,4
btg2_FinEpiderm-91,6
cela1.6_FinEpiderm-91,4
tpm4a_FinEpiderm-91,6
si:ch1073-396h14.1_FinEpiderm-91,4
midn_FinEpiderm-91,6
abi3bpb_FinEpiderm-91,5
snrkb_FinEpiderm-91,6
pkp3a_FinEpiderm-91,6
tnni2a.4_FinEpiderm-91,3
mt-co1_FinEpiderm-91,3
pnp5a_FinMedEpid-90,6
rhcga_FinMedEpid-90,6
tpma_FinMedEpid-90,3
ctrb1_FinMedEpid-90,4
tnnt3b_FinMedEpid-90,3
zfand5a_FinMedEpid-90,6
myhz1.2_FinMedEpid-90,3
ckma_FinMedEpid-90,3
arid3c_FinMedEpid-90,5
gldc_FinMedEpid-90,6
BX537310.2_FinMedEpid-90,5
mafk_FinMedEpid-90,6
cdc42ep4a_FinMedEpid-90,5
pvalb1_FinMedEpid-90,3
prelid3b_FinMedEpid-90,6
plk3_FinMedEpid-90,6
per2_FinMedEpid-90,4
itga6b_FinMedEpid-90,6
bzw1b_FinMedEpid-90,6
neb_FinMedEpid-90,3
ttn.2_FinMedEpid-90,3
tuft1a_FinMedEpid-90,6
si:dkey-79d12.5_FinMedEpid-90,6
nr4a3_FinMedEpid-90,6
fosab_FinMedEpid-90,6
mknk2b_FinMedEpid-90,4
ela2l_FinMedEpid-90,4
cebpb_FinMedEpid-90,6
rho_FinMedEpid-90,4
lpin1_FinMedEpid-90,4
odc1_FinMedEpid-90,6
eif4ebp3l_FinMedEpid-90,4
hbegfa_FinMedEpid-90,6
zgc:92242_FinMedEpid-90,6
nocta_FinMedEpid-90,6
unc5b_FinMedEpid-90,5
fam107b_FinMedEpid-90,1
gse1_FinMedEpid-90,5
si:ch211-152p11.4_FinMedEpid-90,6
slc1a5_FinMedEpid-90,6
ulk2_FinMedEpid-90,4
robo1_FinMedEpid-90,5
plekhn1_FinMedEpid-90,6
znf385a_FinMedEpid-90,5
ccn1_FinMedEpid-90,6
klf4_FinMedEpid-90,6
ccng2_FinMedEpid-90,6
prodha_FinMedEpid-90,6
ets2_FinMedEpid-90,6
pum3_FinMedEpid-90,4
slc20a1b_FinMedEpid-90,6
btg2_FinMedEpid-90,6
tpm4a_FinMedEpid-90,6
midn_FinMedEpid-90,6
snrkb_FinMedEpid-90,6
cpa5_FinMedEpid-90,4
pkp3a_FinMedEpid-90,6
cyp26b1_FinMesDorF-87,5
igdcc3_FinMesDorF-87,5
ctrb1_FinMesDorF-87,4
tnnt3b_FinMesDorF-87,3
BX511128.3_FinMesDorF-87,5
myhz2_FinMesDorF-87,3
myhz1.3_FinMesDorF-87,3
myhz1.2_FinMesDorF-87,4
myhz1.1_FinMesDorF-87,3
ckma_FinMesDorF-87,3
atp2a1_FinMesDorF-87,3
mylpfa_FinMesDorF-87,4
pfkfb4b_FinMesDorF-87,6
sdc4_FinMesDorF-87,6
rpl24_FinMesDorF-87,3
mylz3_FinMesDorF-87,3
ttn.1_FinMesDorF-87,3
ttn.2_FinMesDorF-87,3
gcgb_FinMesDorF-87,5
fbxo32_FinMesDorF-87,6
enpp1_FinMesDorF-87,4
mknk2b_FinMesDorF-87,6
slc23a2_FinMesDorF-87,4
actc1b_FinMesDorF-87,3
lpin1_FinMesDorF-87,6
pde10a_FinMesDorF-87,6
atp2a1l_FinMesDorF-87,3
eef1a1l1_FinMesDorF-87,3
ulk2_FinMesDorF-87,6
rpl10_FinMesDorF-87,3
slc25a33_FinMesDorF-87,6
camta1a_FinMesDorF-87,3
cryba4_FinMesDorF-87,4
cela1.6_FinMesDorF-87,4
gcga_FinMesDorF-87,5
cntnap5b_FinMesDorF-87,5
CABZ01080568.1_FinMesDorF-87,2
mt-nd2_FinMesDorF-87,3
mt-co1_FinMesDorF-87,3
mt-co2_FinMesDorF-87,3
mt-atp6_FinMesDorF-87,3
mt-co3_FinMesDorF-87,3
mt-cyb_FinMesDorF-87,3
myhz2_FinMesVenF-214,5
pkp2_FinPerider-29,5
CABZ01112025.1_FinPerider-29,1
si:ch73-335l21.1_FinPerider-29,1
si:ch73-335l21.4_FinPerider-29,6
tpma_FinPerider-29,3
zgc:112160_FinPerider-29,4
zgc:136461_FinPerider-29,4
ctrb1_FinPerider-29,4
tnnt3b_FinPerider-29,4
myo9aa_FinPerider-29,5
rbpjb_FinPerider-29,5
ela3l_FinPerider-29,4
tcima_FinPerider-29,6
myhz1.3_FinPerider-29,4
ckma_FinPerider-29,4
tmprss13b_FinPerider-29,4
gna14_FinPerider-29,5
anxa1b_FinPerider-29,5
arl5c_FinPerider-29,6
hsp70.2_FinPerider-29,1
hsp70.3_FinPerider-29,1
si:ch73-367p23.2_FinPerider-29,3
ier2a_FinPerider-29,6
socs3a_FinPerider-29,6
pvalb1_FinPerider-29,3
sec23b_FinPerider-29,6
dlg1_FinPerider-29,5
rhcgl1_FinPerider-29,4
vdrb_FinPerider-29,4
prelid3b_FinPerider-29,6
foxq1a_FinPerider-29,6
f3b_FinPerider-29,6
ptgs2a_FinPerider-29,6
csrnp1a_FinPerider-29,4
pde4ca_FinPerider-29,6
crema_FinPerider-29,6
jund_FinPerider-29,6
FO834828.2_FinPerider-29,6
CABZ01072532.1_FinPerider-29,6
smox_FinPerider-29,4
bzw1b_FinPerider-29,6
irs2b_FinPerider-29,6
sik1_FinPerider-29,6
ttn.1_FinPerider-29,3
cobll1b_FinPerider-29,3
ednrbb_FinPerider-29,4
grb10b_FinPerider-29,6
mpp6a_FinPerider-29,4
si:dkey-92i15.4_FinPerider-29,5
tuft1a_FinPerider-29,6
apoa4b.2_FinPerider-29,3
apoa4b.2.1_FinPerider-29,3
si:dkey-79d12.5_FinPerider-29,6
prss1_FinPerider-29,4
prss59.1_FinPerider-29,4
prss59.2_FinPerider-29,4
nr4a3_FinPerider-29,6
ppp2r5a_FinPerider-29,5
nfkbiaa_FinPerider-29,6
tdh_FinPerider-29,4
chac1_FinPerider-29,6
fosab_FinPerider-29,6
jdp2b_FinPerider-29,6
hsp90aa1.2_FinPerider-29,1
pptc7a_FinPerider-29,6
mknk2b_FinPerider-29,6
RALGDS_FinPerider-29,6
egr3_FinPerider-29,6
actc1b_FinPerider-29,4
nfkbiab_FinPerider-29,6
abch1_FinPerider-29,4
lpin1_FinPerider-29,4
crim1_FinPerider-29,4
fosl2_FinPerider-29,6
zgc:92242_FinPerider-29,6
dusp1_FinPerider-29,6
selenot2_FinPerider-29,6
slc36a1_FinPerider-29,4
stard14_FinPerider-29,6
lonrf1_FinPerider-29,4
nocta_FinPerider-29,6
tnfaip3_FinPerider-29,6
gfra4a_FinPerider-29,6
acta1b_FinPerider-29,3
unc5b_FinPerider-29,5
arg2_FinPerider-29,6
si:dkey-221j11.3_FinPerider-29,6
fosb_FinPerider-29,6
tob1b_FinPerider-29,6
atp2a1l_FinPerider-29,4
ptenb_FinPerider-29,2
svila_FinPerider-29,3
fasn_FinPerider-29,1
si:ch73-181m17.1_FinPerider-29,4
CABZ01048956.1_FinPerider-29,6
mcl1a_FinPerider-29,6
pkhd1l1_FinPerider-29,1
xkr8.2_FinPerider-29,4
si:ch211-152p11.4_FinPerider-29,6
mfsd2ab_FinPerider-29,6
elmo1_FinPerider-29,5
foxo1a_FinPerider-29,6
si:dkey-202l22.6_FinPerider-29,6
sik2b_FinPerider-29,6
ksr1b_FinPerider-29,5
ctrl_FinPerider-29,4
ngef_FinPerider-29,6
chl1a_FinPerider-29,5
tnnc2_FinPerider-29,3
sgk1_FinPerider-29,6
hoxc3a_FinPerider-29,5
klf4_FinPerider-29,6
ccng2_FinPerider-29,6
bicdl2l_FinPerider-29,5
klf5l_FinPerider-29,6
cpeb4b_FinPerider-29,1
CU179643.1_FinPerider-29,5
mapkapk2a_FinPerider-29,4
ier2b_FinPerider-29,6
rabgap1_FinPerider-29,5
il11ra_FinPerider-29,5
ucp2_FinPerider-29,4
dhrs13a.2_FinPerider-29,6
zgc:113625_FinPerider-29,5
CU467905.1_FinPerider-29,6
klhl24b_FinPerider-29,4
arhgap29a_FinPerider-29,4
cela1.6_FinPerider-29,4
midn_FinPerider-29,6
dusp5_FinPerider-29,6
prickle1a_FinPerider-29,6
cpa5_FinPerider-29,4
pkp3a_FinPerider-29,6
CABZ01080568.1_FinPerider-29,2
clcn2b_FinPerider-29,6
slc38a4_FinPerider-30,6
csrp2_FinPerider-30,6
pkp2_FinPerider-30,6
CR926130.2_FinPerider-30,3
si:ch73-335l21.1_FinPerider-30,1
si:ch73-335l21.4_FinPerider-30,6
kdm6ba_FinPerider-30,6
si:dkey-172j4.3_FinPerider-30,5
eif4a1a_FinPerider-30,1
tnk1_FinPerider-30,6
tpma_FinPerider-30,3
ctrb1_FinPerider-30,4
tnnt3b_FinPerider-30,3
myo9aa_FinPerider-30,3
rbpjb_FinPerider-30,5
npas2_FinPerider-30,6
myhz2_FinPerider-30,3
myhz1.1_FinPerider-30,3
ckma_FinPerider-30,3
tmprss13b_FinPerider-30,6
rasgef1ba_FinPerider-30,6
arid3c_FinPerider-30,1
gldc_FinPerider-30,2
ak1_FinPerider-30,3
hlfa_FinPerider-30,5
arl5c_FinPerider-30,6
CR751227.2_FinPerider-30,3
hsp70.2_FinPerider-30,1
hsp70.3_FinPerider-30,1
socs3a_FinPerider-30,6
pvalb1_FinPerider-30,3
sec23b_FinPerider-30,6
dlg1_FinPerider-30,5
rhcgl1_FinPerider-30,4
vdrb_FinPerider-30,4
krt4_FinPerider-30,1
magi3b_FinPerider-30,5
rps26l_FinPerider-30,1
prelid3b_FinPerider-30,6
npc1_FinPerider-30,6
prdx1_FinPerider-30,2
f3b_FinPerider-30,6
amy2a_FinPerider-30,4
elovl1a_FinPerider-30,6
ptgs2a_FinPerider-30,6
csrnp1a_FinPerider-30,4
plk3_FinPerider-30,6
crema_FinPerider-30,6
jund_FinPerider-30,6
mylz3_FinPerider-30,3
b4galt1_FinPerider-30,6
tbck_FinPerider-30,5
bzw1b_FinPerider-30,6
neb_FinPerider-30,3
ttn.1_FinPerider-30,3
ttn.2_FinPerider-30,3
itprid2_FinPerider-30,5
cobll1b_FinPerider-30,3
trim71_FinPerider-30,5
mpp6a_FinPerider-30,6
tuft1a_FinPerider-30,6
apoa4b.2.1_FinPerider-30,3
si:dkey-79d12.5_FinPerider-30,6
prss1_FinPerider-30,4
prss59.2_FinPerider-30,4
nr4a3_FinPerider-30,6
flrt2_FinPerider-30,5
ppp2r5a_FinPerider-30,5
jun_FinPerider-30,6
nfkbiaa_FinPerider-30,6
prkchb_FinPerider-30,6
daam1b_FinPerider-30,4
chac1_FinPerider-30,6
msra_FinPerider-30,4
fosab_FinPerider-30,6
jdp2b_FinPerider-30,6
mknk2b_FinPerider-30,6
slc38a5a_FinPerider-30,6
cebpb_FinPerider-30,6
RALGDS_FinPerider-30,6
slc23a2_FinPerider-30,6
nfkbiab_FinPerider-30,6
abch1_FinPerider-30,4
lpin1_FinPerider-30,6
crim1_FinPerider-30,4
fosl2_FinPerider-30,6
si:ch211-39i2.2_FinPerider-30,6
zgc:92242_FinPerider-30,6
dusp1_FinPerider-30,6
slc43a3b_FinPerider-30,5
selenot2_FinPerider-30,6
si:rp71-46j2.7_FinPerider-30,6
stard14_FinPerider-30,6
ctso_FinPerider-30,4
nocta_FinPerider-30,6
tnfaip3_FinPerider-30,6
zgc:193505_FinPerider-30,4
unc5b_FinPerider-30,5
arg2_FinPerider-30,6
rrbp1a_FinPerider-30,6
si:dkey-221j11.3_FinPerider-30,6
itga9_FinPerider-30,5
n4bp1_FinPerider-30,6
mctp2a_FinPerider-30,5
tiparp_FinPerider-30,6
fosb_FinPerider-30,6
barx2_FinPerider-30,5
tob1b_FinPerider-30,6
mylpfb_FinPerider-30,3
si:ch211-277e21.1_FinPerider-30,5
mcl1a_FinPerider-30,6
cyt1l_FinPerider-30,5
krt91_FinPerider-30,6
mbpa_FinPerider-30,4
jarid2b_FinPerider-30,6
si:ch211-152p11.4_FinPerider-30,6
mfsd2ab_FinPerider-30,6
pef1_FinPerider-30,6
si:ch211-250g4.3_FinPerider-30,5
nme2b.2_FinPerider-30,3
apoa1b_FinPerider-30,6
foxo1a_FinPerider-30,6
slc1a5_FinPerider-30,6
si:dkey-202l22.6_FinPerider-30,6
zbtb16b_FinPerider-30,3
sik2b_FinPerider-30,6
slc43a2a_FinPerider-30,6
ssh2a_FinPerider-30,6
ksr1b_FinPerider-30,5
sh3bp5la_FinPerider-30,6
ngef_FinPerider-30,6
foxp1a_FinPerider-30,6
chl1a_FinPerider-30,3
zgc:158263_FinPerider-30,4
slc25a33_FinPerider-30,6
klf4_FinPerider-30,6
ccng2_FinPerider-30,6
f2rl1.2_FinPerider-30,6
bicdl2l_FinPerider-30,6
pacs1a_FinPerider-30,5
klf5l_FinPerider-30,6
arrdc2_FinPerider-30,4
mapkapk2a_FinPerider-30,1
cyldb_FinPerider-30,6
ier2b_FinPerider-30,6
rabgap1_FinPerider-30,4
slc20a1b_FinPerider-30,6
hspa8_FinPerider-30,1
ucp2_FinPerider-30,6
dhrs13a.2_FinPerider-30,6
myo18aa_FinPerider-30,5
rps25_FinPerider-30,6
CU467905.1_FinPerider-30,6
arrdc3b_FinPerider-30,6
ncoa2_FinPerider-30,5
klhl24b_FinPerider-30,4
arhgap29a_FinPerider-30,4
btg2_FinPerider-30,6
nuak2_FinPerider-30,6
cela1.6_FinPerider-30,4
BX323453.1_FinPerider-30,1
midn_FinPerider-30,6
dusp5_FinPerider-30,6
fetub_FinPerider-30,6
prickle1a_FinPerider-30,6
immp2l_FinPerider-30,5
pkp3a_FinPerider-30,6
CABZ01080568.1_FinPerider-30,5
mt-co1_FinPerider-30,3
mt-co2_FinPerider-30,3
mt-co3_FinPerider-30,3
mt-cyb_FinPerider-30,3
clcn2b_FinPerider-30,4
myhz2_FloorPlate-112,3
myhz1.3_FloorPlate-112,3
myhz1.1_FloorPlate-112,3
mylpfa_FloorPlate-112,3
glula_FloorPlate-112,4
ttn.1_FloorPlate-112,3
ttn.2_FloorPlate-112,3
prss59.2_FloorPlate-112,4
sesn1_FloorPlate-112,4
lpin1_FloorPlate-112,6
ulk2_FloorPlate-112,6
tnni2a.4_FloorPlate-112,3
tpma_GillEpithe-130,3
smyhc2_GillEpithe-130,2
sfmbt2_GillEpithe-131,5
si:ch211-209n20.3_GillEpithe-131,5
myhz2_GillEpithe-131,3
myhz1.3_GillEpithe-131,3
myhz1.2_GillEpithe-131,3
myhz1.1_GillEpithe-131,3
myhb_GillEpithe-131,3
ttn.1_GillEpithe-131,3
ttn.2_GillEpithe-131,3
hsp90aa1.2_GillEpithe-131,1
actc1b_GillEpithe-131,3
atp2a1l_GillEpithe-131,4
fndc5b_GillEpithe-131,5
tpst1_GillEpithe-131,5
znf385a_GillEpithe-131,5
sox13_GillEpithe-131,5
vill_GillEpithe-131,1
zgc:112408_GillEpithe-131,5
smyhc2_GillEpithe-131,5
CABZ01080568.1_GillEpithe-131,5
myhz2_GranuleorN-165,2
myhz1.2_GranuleorN-165,3
neb_GranuleorN-165,3
ttn.1_GranuleorN-165,3
ttn.2_GranuleorN-165,3
prss1_GranuleorN-165,4
fabp7a_GranuleorN-165,3
neto1l_GranuleorN-165,1
col11a1a_GranuleorN-165,3
mt-nd3_GranuleorN-165,3
zgc:112160_GutProgeHM-228,4
ctrb1_GutProgeHM-228,4
BX005003.1_GutProgeHM-228,5
ela3l_GutProgeHM-228,4
myhz1.2_GutProgeHM-228,3
adgrl1a_GutProgeHM-228,5
si:ch211-67e16.11_GutProgeHM-228,5
creb1b_GutProgeHM-228,5
cadm4_GutProgeHM-228,5
prss59.2_GutProgeHM-228,4
sema6e_GutProgeHM-228,5
tg_GutProgeHM-228,5
ptprub_GutProgeHM-228,5
zfpm2a_GutProgeHM-228,5
sntg2_GutProgeHM-228,5
kdm1a_GutProgeHM-228,5
esrrga_GutProgeHM-228,5
fgf13a_GutProgeHM-228,5
CR786577.1_GutProgeHM-228,5
CR383676.2_GutProgeHM-228,5
CR383676.3_GutProgeHM-228,5
unc5a_GutProgeHM-228,5
nr2f2_GutProgeHM-228,5
LO017650.1_GutProgeHM-228,5
CR847968.1_GutProgeHM-228,5
cela1.6_GutProgeHM-228,4
CU571064.1_GutProgeHM-228,5
si:dkey-28k24.2.1_HairCell-7,5
atp2a1_HairCell-7,3
pvalb1_HairCell-7,3
ttn.1_HairCell-7,3
ttn.2_HairCell-7,3
prss1_HairCell-7,4
prss59.2_HairCell-7,3
elavl4_HairCell-7,6
rho_HairCell-7,5
lpin1_HairCell-7,6
nrxn2a_HairCell-7,6
myhz1.1.1_HairCell-7,2
cela1.6_HairCell-7,4
kcnd2_HairCell-8,1
tnnt3b_HairCell-8,3
cdh29_HairCell-8,1
srrm4_HairCell-8,5
myhz2_HairCell-8,3
myhz1.3_HairCell-8,3
myhz1.2_HairCell-8,5
ckma_HairCell-8,3
atp2a1_HairCell-8,3
si:ch73-367p23.2_HairCell-8,3
mylpfa_HairCell-8,3
foxj1a_HairCell-8,5
pvalb1_HairCell-8,3
mylz3_HairCell-8,3
peli1a_HairCell-8,5
neb_HairCell-8,3
ttn.1_HairCell-8,3
ttn.2_HairCell-8,3
actc1b_HairCell-8,3
lpin1_HairCell-8,6
acta1b_HairCell-8,3
csmd2_HairCell-8,6
ckmb_HairCell-8,3
tnnc2_HairCell-8,3
atp2b2_HairCell-8,6
myhz1.1.1_HairCell-8,3
akap13_HairCell-8,5
CABZ01080568.1_HairCell-8,1
myhz1.2_HeadMesStr-76,3
myhz1.1_HeadMesStr-76,4
satb1b_HeadMesStr-76,5
p4ha1b_HeadMesStr-76,5
lpin1_HeadMesStr-76,6
si:ch211-250g4.3_HeadMesStr-76,5
myhz1.1_Hepatocyte-244,3
nfixb_Hepatocyte-244,5
pvalb1_Hepatocyte-244,3
raph1b_Hepatocyte-244,5
dhrsx_Hepatocyte-244,5
GALNTL6_Hepatocyte-244,5
neurod1_Hepatocyte-244,5
creb5b_Hepatocyte-244,5
AL929058.1_Hepatocyte-244,5
si:ch211-251b21.1_Hepatocyte-244,5
bmp1a_Hepatocyte-244,5
actc1b_Hepatocyte-244,3
NPAS3_Hepatocyte-244,5
apln_Hepatocyte-244,5
ebf3a_Hepatocyte-244,5
zcchc24_Hepatocyte-244,5
mtss1la_Hepatocyte-244,5
ebf3a.1_Hepatocyte-244,5
sez6b_Hepatocyte-244,5
aplp1_Hepatocyte-244,5
plxna1a_Hepatocyte-244,5
ebf1b_Hepatocyte-244,5
neto1l_Hepatocyte-244,5
nfia_Hepatocyte-244,5
acsbg1_Hepatocyte-244,5
hsp90b1_Hepatocyte-4,2
bcat1_Hepatocyte-4,4
pah_Hepatocyte-4,4
snd1_Hepatocyte-4,5
si:dkey-191j3.2_Hepatocyte-4,5
ndrg2_Hepatocyte-4,5
dusp19b_Hepatocyte-4,3
si:dkey-85k7.7_Hepatocyte-4,6
dgkza_Hepatocyte-4,5
hspa5_Hepatocyte-4,5
sat1a.1_Hepatocyte-4,5
gda_Hepatocyte-4,4
si:ch211-186e20.7_Hepatocyte-4,5
myhz2_Hepatocyte-4,3
myhz1.2_Hepatocyte-4,3
myhz1.1_Hepatocyte-4,3
hsd20b2_Hepatocyte-4,1
DAB2_Hepatocyte-4,6
ldlra_Hepatocyte-4,3
atp2a1_Hepatocyte-4,3
mylpfa_Hepatocyte-4,3
pvalb1_Hepatocyte-4,3
pde6ha_Hepatocyte-4,4
lgals2b_Hepatocyte-4,3
pfkfb4b_Hepatocyte-4,6
pck1_Hepatocyte-4,4
prelid3b_Hepatocyte-4,6
vps4b_Hepatocyte-4,5
lpin2_Hepatocyte-4,4
slc25a36a_Hepatocyte-4,5
mylz3_Hepatocyte-4,3
bzw1b_Hepatocyte-4,6
cbsb_Hepatocyte-4,4
ttn.1_Hepatocyte-4,3
ttn.2_Hepatocyte-4,3
chac1_Hepatocyte-4,6
pdia6_Hepatocyte-4,5
gpcpd1_Hepatocyte-4,6
hsp90aa1.2_Hepatocyte-4,5
actc1b_Hepatocyte-4,3
gch1_Hepatocyte-4,6
p4ha1b_Hepatocyte-4,5
lpin1_Hepatocyte-4,6
si:dkey-35h6.1_Hepatocyte-4,4
mgat4b_Hepatocyte-4,5
fgfrl1a_Hepatocyte-4,5
slc25a48_Hepatocyte-4,4
rnf130_Hepatocyte-4,5
nocta_Hepatocyte-4,6
got1_Hepatocyte-4,4
gatm_Hepatocyte-4,5
tat_Hepatocyte-4,4
dusp22a_Hepatocyte-4,4
atp2a1l_Hepatocyte-4,3
oat_Hepatocyte-4,4
si:ch211-288g17.4_Hepatocyte-4,5
mfsd2ab_Hepatocyte-4,4
foxo1a_Hepatocyte-4,6
ulk2_Hepatocyte-4,6
BX663520.2_Hepatocyte-4,4
aplp1_Hepatocyte-4,5
slc25a33_Hepatocyte-4,6
stk35_Hepatocyte-4,1
c7b_Hepatocyte-4,6
slc7a3a_Hepatocyte-4,4
si:dkey-22f5.9_Hepatocyte-4,5
p4ha2_Hepatocyte-4,5
rpn2_Hepatocyte-4,1
mapkapk2a_Hepatocyte-4,4
tdo2b_Hepatocyte-4,4
si:dkeyp-61b2.1_Hepatocyte-4,4
errfi1a_Hepatocyte-4,6
hyou1_Hepatocyte-4,5
crp2.1_Hepatocyte-4,5
pnpla2_Hepatocyte-4,6
tnni2a.4_Hepatocyte-4,3
rps28_HepatStell-46,4
p4ha1b_HepatStell-46,5
lpin1_HepatStell-46,6
serpinh1b_HepatStell-46,5
tpma_InnerEarSC-65,3
ttn.1_InnerEarSC-65,3
ttn.2_InnerEarSC-65,3
prss59.2_InnerEarSC-65,4
actc1b_InnerEarSC-65,3
atp2a1l_InnerEarSC-65,4
eef1a1l1_InnerEarSC-65,4
cela1.6_InnerEarSC-65,4
snd1_IntestGobl-19,5
tcnba_IntestGobl-19,4
myhz1.2_IntestGobl-19,3
si:dkey-1h24.2_IntestGobl-19,5
ttn.2_IntestGobl-19,3
nr4a3_IntestGobl-19,2
hsp90aa1.2_IntestGobl-19,5
epcam_IntestGobl-19,6
tent5bb_IntestGobl-19,6
apoa1b_IntestGobl-19,6
sik2b_IntestGobl-19,2
b3gnt7_IntestGobl-19,1
si:dkey-1h24.2_IntestGobl-20,5
zgc:172053_IntestGobl-20,5
ttn.1_IntestGobl-20,3
ttn.2_IntestGobl-20,3
nr4a3_IntestGobl-20,1
myhz1.2_IntestTuft-69,3
myhz1.1_IntestTuft-69,3
CABZ01027646.1_IntestTuft-69,5
CR936442.1_IntestTuft-69,5
myhz1.2_IonoHATPas-256,3
myhz1.1_IonoHATPas-256,3
hs3st4_IonoHATPas-256,5
pvalb1_IonoHATPas-256,3
mylz3_IonoHATPas-256,3
irs2b_IonoHATPas-256,1
ttn.1_IonoHATPas-256,3
ttn.2_IonoHATPas-256,3
cd109_IonoHATPas-256,4
hsp90aa1.2_IonoHATPas-256,1
ctrb1_IonoHATPas-257,4
mical2a_IonoHATPas-257,6
sat1a.2_IonoHATPas-257,6
zdhhc8b_IonoHATPas-257,1
ela3l_IonoHATPas-257,4
myhz2_IonoHATPas-257,3
myhz1.3_IonoHATPas-257,3
myhz1.2_IonoHATPas-257,3
myhz1.1_IonoHATPas-257,3
ckma_IonoHATPas-257,4
atp2a1_IonoHATPas-257,3
rpl23_IonoHATPas-257,4
pvalb1_IonoHATPas-257,3
tmem198b_IonoHATPas-257,5
pfkfb4b_IonoHATPas-257,6
prelid3b_IonoHATPas-257,6
per2_IonoHATPas-257,4
rorcb_IonoHATPas-257,3
ralbp1_IonoHATPas-257,2
atp1a1a.5_IonoHATPas-257,2
mylz3_IonoHATPas-257,3
sh3gl2a_IonoHATPas-257,2
dnajb1b_IonoHATPas-257,6
neb_IonoHATPas-257,3
ttn.1_IonoHATPas-257,3
ttn.2_IonoHATPas-257,3
tuft1a_IonoHATPas-257,6
prss59.2_IonoHATPas-257,4
galnt1_IonoHATPas-257,5
stt3b_IonoHATPas-257,5
ptk2bb_IonoHATPas-257,1
rock2b.1_IonoHATPas-257,6
coq8aa_IonoHATPas-257,3
hsp90ab1_IonoHATPas-257,1
ela2l_IonoHATPas-257,4
dusp2_IonoHATPas-257,6
actc1b_IonoHATPas-257,3
acsl1b_IonoHATPas-257,5
TSC22D3_IonoHATPas-257,1
atp11c_IonoHATPas-257,1
arg2_IonoHATPas-257,6
tp53i11b_IonoHATPas-257,6
RASA2_IonoHATPas-257,1
kcnj1a.1_IonoHATPas-257,4
atp2a1l_IonoHATPas-257,3
tent5bb_IonoHATPas-257,6
eef1a1l1_IonoHATPas-257,3
arhgap32a_IonoHATPas-257,1
ckmb_IonoHATPas-257,3
actn4_IonoHATPas-257,1
b4galt5_IonoHATPas-257,1
slc25a33_IonoHATPas-257,4
tshz2_IonoHATPas-257,1
rpl29_IonoHATPas-257,3
slc20a1b_IonoHATPas-257,4
ucp2_IonoHATPas-257,6
rreb1a_IonoHATPas-257,5
vav3a_IonoHATPas-257,6
cela1.6_IonoHATPas-257,4
pkp3a_IonoHATPas-257,6
tnni2a.4_IonoHATPas-257,3
si:cabz01007794.1_IonoKplusS-118,1
slc9a5_IonoKplusS-118,5
hk2_IonoKplusS-118,2
myhz2_IonoKplusS-118,4
myhz1.3_IonoKplusS-118,4
DAB2_IonoKplusS-118,1
mcama_IonoKplusS-118,5
atp2a1_IonoKplusS-118,3
zgc:100868_IonoKplusS-118,2
pvalb1_IonoKplusS-118,3
vdrb_IonoKplusS-118,1
krt4_IonoKplusS-118,1
eya2_IonoKplusS-118,4
rgs5b_IonoKplusS-118,1
gpc1b_IonoKplusS-118,5
appa_IonoKplusS-118,1
atp1a1a.4_IonoKplusS-118,5
ugt8_IonoKplusS-118,1
st6gal2a_IonoKplusS-118,5
myo1b_IonoKplusS-118,5
etv5a_IonoKplusS-118,6
ttn.1_IonoKplusS-118,3
ttn.2_IonoKplusS-118,3
erfl3_IonoKplusS-118,1
prss1_IonoKplusS-118,4
satb1b_IonoKplusS-118,5
nr1d2a_IonoKplusS-118,4
IGLON5_IonoKplusS-118,5
chac1_IonoKplusS-118,6
si:dkey-7c18.24_IonoKplusS-118,1
hsp90aa1.2_IonoKplusS-118,1
dusp2_IonoKplusS-118,6
tcf7l1b_IonoKplusS-118,1
actc1b_IonoKplusS-118,3
ctsl.1_IonoKplusS-118,6
lpin1_IonoKplusS-118,6
zgc:92242_IonoKplusS-118,4
smap1_IonoKplusS-118,1
lgmn_IonoKplusS-118,4
pacs2_IonoKplusS-118,4
RASA2_IonoKplusS-118,1
nrxn1a_IonoKplusS-118,5
nme2b.2_IonoKplusS-118,3
foxo1a_IonoKplusS-118,6
ulk2_IonoKplusS-118,6
ctrl_IonoKplusS-118,4
GGT7_IonoKplusS-118,1
agrn_IonoKplusS-118,3
cldnb_IonoKplusS-118,6
esrra_IonoKplusS-118,2
ugcg_IonoKplusS-118,4
slc20a1b_IonoKplusS-118,6
cela1.6_IonoKplusS-118,3
midn_IonoKplusS-118,6
ccnd2a_IonoKplusS-118,4
tnni2a.4_IonoKplusS-118,3
plekha5_IonoKplusS-119,5
efnb3b_IonoKplusS-119,5
tpma_IonoKplusS-119,3
zgc:136461_IonoKplusS-119,4
tnnt3b_IonoKplusS-119,3
myhz1.2_IonoKplusS-119,3
ckma_IonoKplusS-119,4
DAB2_IonoKplusS-119,6
tmem161b_IonoKplusS-119,5
atp2a1_IonoKplusS-119,3
si:ch73-367p23.2_IonoKplusS-119,3
trim35-12_IonoKplusS-119,6
pvalb1_IonoKplusS-119,3
vdrb_IonoKplusS-119,1
frmd4ba_IonoKplusS-119,4
slc25a55a_IonoKplusS-119,4
prelid3b_IonoKplusS-119,6
mylz3_IonoKplusS-119,4
ugt8_IonoKplusS-119,1
st6gal2a_IonoKplusS-119,5
mgat4a_IonoKplusS-119,5
myo1b_IonoKplusS-119,5
etv5a_IonoKplusS-119,6
neb_IonoKplusS-119,3
ankrd44_IonoKplusS-119,3
ttn.1_IonoKplusS-119,3
ttn.2_IonoKplusS-119,3
erfl3_IonoKplusS-119,1
apoa4b.2.1_IonoKplusS-119,5
prss1_IonoKplusS-119,4
satb1b_IonoKplusS-119,5
sptlc2b_IonoKplusS-119,2
coq8aa_IonoKplusS-119,5
hsp90aa1.2_IonoKplusS-119,1
calr_IonoKplusS-119,5
ela2l_IonoKplusS-119,3
slc38a5a_IonoKplusS-119,4
pbx3b_IonoKplusS-119,6
dusp2_IonoKplusS-119,6
ank3a_IonoKplusS-119,1
ctsl.1_IonoKplusS-119,5
fosl2_IonoKplusS-119,6
canx_IonoKplusS-119,2
sqstm1_IonoKplusS-119,2
egr1_IonoKplusS-119,6
ssrp1a_IonoKplusS-119,4
inppl1b_IonoKplusS-119,4
CR383676.3_IonoKplusS-119,5
gclc_IonoKplusS-119,2
fgfr3_IonoKplusS-119,5
anxa11a_IonoKplusS-119,2
srsf5a_IonoKplusS-119,4
RASA2_IonoKplusS-119,1
kcnj1a.1_IonoKplusS-119,4
mcl1a_IonoKplusS-119,6
apoea_IonoKplusS-119,4
usp2a_IonoKplusS-119,6
ckmb_IonoKplusS-119,4
GGT7_IonoKplusS-119,1
sdcbp2_IonoKplusS-119,4
cldnb_IonoKplusS-119,6
esrra_IonoKplusS-119,2
hspa4a_IonoKplusS-119,2
ier2b_IonoKplusS-119,6
ugcg_IonoKplusS-119,2
slc12a2_IonoKplusS-119,5
slc20a1b_IonoKplusS-119,6
smyhc1_IonoKplusS-119,2
ippk_IonoKplusS-119,2
ccnd2a_IonoKplusS-119,6
tnni2a.4_IonoKplusS-119,3
si:cabz01007794.1_IonoNaClCT-187,6
ppargc1a_IonoNaClCT-187,1
hk2_IonoNaClCT-187,1
myhz1.3_IonoNaClCT-187,4
myhz1.2_IonoNaClCT-187,3
myhz1.1_IonoNaClCT-187,3
scarb2a_IonoNaClCT-187,1
grb2b_IonoNaClCT-187,1
sec23b_IonoNaClCT-187,6
pde4ca_IonoNaClCT-187,1
CABZ01072532.1_IonoNaClCT-187,6
ttn.1_IonoNaClCT-187,3
ttn.2_IonoNaClCT-187,3
znrf2b_IonoNaClCT-187,1
dsc2l_IonoNaClCT-187,6
hsp90aa1.2_IonoNaClCT-187,1
ahcyl1_IonoNaClCT-187,1
fosl2_IonoNaClCT-187,1
nocta_IonoNaClCT-187,6
usp54a_IonoNaClCT-187,1
RASA2_IonoNaClCT-187,1
atp2a1l_IonoNaClCT-187,3
bcr_IonoNaClCT-187,1
ptbp3_IonoNaClCT-187,3
myhz1.1.1_IonoNaClCT-187,3
tp53bp2b_IonoNaClCT-187,6
ccnd2a_IonoNaClCT-187,4
si:dkey-217l24.1_IonoNaClCT-187,1
myhz1.2_IonoNaClEp-186,5
pvalb1_IonoNaClEp-186,3
myhb_IonoNaClEp-186,5
mylz3_IonoNaClEp-186,3
neb_IonoNaClEp-186,3
ttn.1_IonoNaClEp-186,3
ttn.2_IonoNaClEp-186,3
ahcyl1_IonoNaClEp-186,1
lzts2a_IonoNaClEp-186,3
si:ch211-250g4.3_IonoNaClEp-186,3
rap1gap2a_IonoNaClEp-186,3
tnni2a.4_IonoNaClEp-186,3
gramd4a_Iridophore-142,1
zgc:112160_Iridophore-142,4
ctrb1_Iridophore-142,3
ela3l_Iridophore-142,3
myhz1.3_Iridophore-142,3
myhz1.2_Iridophore-142,3
myhz1.1_Iridophore-142,3
mylpfa_Iridophore-142,3
scinla_Iridophore-142,3
myhb_Iridophore-142,2
ttn.1_Iridophore-142,3
prss1_Iridophore-142,4
ela2l_Iridophore-142,3
actc1b_Iridophore-142,3
TENM2_Iridophore-142,5
tspan9a_Iridophore-142,6
fam214a_Iridophore-142,6
itpr1b_Iridophore-142,1
opcml_Iridophore-142,5
myhz1.1.1_Iridophore-142,3
cela1.6_Iridophore-142,3
tfec_Iridophore-143,1
tpma_Iridophore-143,3
tnnt3b_Iridophore-143,4
lrfn4b_Iridophore-143,6
ela3l_Iridophore-143,4
myhz2_Iridophore-143,3
myhz1.3_Iridophore-143,3
myhz1.2_Iridophore-143,3
myhz1.1_Iridophore-143,3
ckma_Iridophore-143,4
fhl2b_Iridophore-143,2
spsb4a_Iridophore-143,5
slc25a36a_Iridophore-143,5
mylz3_Iridophore-143,3
crygm2d17.1_Iridophore-143,4
neb_Iridophore-143,3
ttn.1_Iridophore-143,3
ttn.2_Iridophore-143,3
sh3bp5b_Iridophore-143,4
si:dkey-7c18.24_Iridophore-143,1
lpin1_Iridophore-143,6
mylipa_Iridophore-143,4
nme2b.2_Iridophore-143,3
foxo1a_Iridophore-143,6
ulk2_Iridophore-143,1
ckmb_Iridophore-143,3
ctrl_Iridophore-143,4
hspa4a_Iridophore-143,2
nuf2_Iridophore-143,6
prickle2b_Iridophore-143,3
ucp2_Iridophore-143,4
mt-co1_Iridophore-143,4
myhz2_IridoPreNC-18,3
ttn.1_IridoPreNC-18,3
ttn.2_IridoPreNC-18,3
atf3_IridoPreNC-18,2
atp2a1l_IridoPreNC-18,4
ctrb1_LatLinCSup-124,4
unm-hu7910_LatLinCSup-124,3
myhz1.2_LatLinCSup-124,3
myhz1.1_LatLinCSup-124,3
pvalb1_LatLinCSup-124,3
mylz3_LatLinCSup-124,3
creb5b_LatLinCSup-124,5
gmds_LatLinCSup-124,5
hsp90aa1.2_LatLinCSup-124,5
actc1b_LatLinCSup-124,3
ctsl.1_LatLinCSup-124,6
lpin1_LatLinCSup-124,4
kcnq5a_LatLinCSup-124,3
krt17_LatLinCSup-124,1
pkhd1l1_LatLinCSup-124,5
flnb_LatLinCSup-124,2
si:dkey-205h13.1_LatLinCSup-124,4
hyou1_LatLinCSup-124,5
midn_LatLinCSup-124,6
cmah_LatLineNMa-125,4
hsp90b1_LatLineNMa-125,2
net1_LatLineNMa-125,1
sfmbt2_LatLineNMa-125,1
si:dkey-28k24.2.1_LatLineNMa-125,5
mpped2a_LatLineNMa-125,5
nav2a_LatLineNMa-125,5
si:ch73-335l21.4_LatLineNMa-125,1
lsp1b_LatLineNMa-125,5
rassf7b_LatLineNMa-125,6
SEMA4F_LatLineNMa-125,3
stim2b_LatLineNMa-125,5
galnt18b_LatLineNMa-125,3
hspa5_LatLineNMa-125,2
tnks1bp1_LatLineNMa-125,5
slc1a3a_LatLineNMa-125,5
myhz1.2_LatLineNMa-125,3
myhz1.1_LatLineNMa-125,3
GARNL3_LatLineNMa-125,3
rasgef1ba_LatLineNMa-125,1
arrdc3a_LatLineNMa-125,6
fam169aa_LatLineNMa-125,6
mcama_LatLineNMa-125,3
BX284638.2_LatLineNMa-125,5
si:ch211-210g13.5_LatLineNMa-125,5
atp2a1_LatLineNMa-125,3
rps15a_LatLineNMa-125,4
cacna1ia_LatLineNMa-125,3
rhbdf1a_LatLineNMa-125,5
sox21a_LatLineNMa-125,5
rgl3a_LatLineNMa-125,1
atp1b1a_LatLineNMa-125,1
dlg1_LatLineNMa-125,3
rplp2_LatLineNMa-125,4
tnnt2b_LatLineNMa-125,4
arhgef4_LatLineNMa-125,3
plcd1b_LatLineNMa-125,4
plk3_LatLineNMa-125,1
crema_LatLineNMa-125,6
jund_LatLineNMa-125,6
fam160a1a_LatLineNMa-125,3
tnip2_LatLineNMa-125,2
pkn1a_LatLineNMa-125,5
irs2b_LatLineNMa-125,6
igsf3_LatLineNMa-125,5
nabp1a_LatLineNMa-125,5
mcf2lb_LatLineNMa-125,5
ttn.1_LatLineNMa-125,3
ttn.2_LatLineNMa-125,3
si:ch73-22o12.1_LatLineNMa-125,2
erfl3_LatLineNMa-125,5
BX322530.1_LatLineNMa-125,5
tuft1a_LatLineNMa-125,6
nr4a3_LatLineNMa-125,1
mef2d_LatLineNMa-125,2
slc4a7_LatLineNMa-125,5
enpp1_LatLineNMa-125,3
jun_LatLineNMa-125,2
si:dkey-52j6.3_LatLineNMa-125,1
six1b_LatLineNMa-125,4
bach2b_LatLineNMa-125,5
gmds_LatLineNMa-125,5
pdia6_LatLineNMa-125,2
stap2b_LatLineNMa-125,2
sema6bb_LatLineNMa-125,5
actc1b_LatLineNMa-125,3
bach2a_LatLineNMa-125,5
lpin1_LatLineNMa-125,6
zgc:162184_LatLineNMa-125,2
zgc:92242_LatLineNMa-125,1
irg1l_LatLineNMa-125,2
si:ch211-153b23.4_LatLineNMa-125,5
si:ch211-153b23.5_LatLineNMa-125,2
prom1a_LatLineNMa-125,5
nfkb1_LatLineNMa-125,2
tnfaip3_LatLineNMa-125,2
eif2ak3_LatLineNMa-125,1
lrmda_LatLineNMa-125,3
smap1_LatLineNMa-125,1
CR762483.1_LatLineNMa-125,2
arg2_LatLineNMa-125,6
rsrp1_LatLineNMa-125,1
fgfr2_LatLineNMa-125,3
relt_LatLineNMa-125,6
fam168a_LatLineNMa-125,5
tle3a_LatLineNMa-125,5
tcf7l2_LatLineNMa-125,3
ttyh2_LatLineNMa-125,5
hivep1_LatLineNMa-125,1
epb41a_LatLineNMa-125,6
kdf1b_LatLineNMa-125,2
tent5bb_LatLineNMa-125,6
pkhd1l1_LatLineNMa-125,2
si:ch211-195b13.1_LatLineNMa-125,1
poc1bl_LatLineNMa-125,1
tgfb1a_LatLineNMa-125,1
foxo1a_LatLineNMa-125,6
FO704748.1_LatLineNMa-125,1
prkd2_LatLineNMa-125,5
tmprss4a_LatLineNMa-125,5
traf4a_LatLineNMa-125,3
ncam1b_LatLineNMa-125,5
BX663520.2_LatLineNMa-125,1
si:dkey-103g5.3_LatLineNMa-125,6
si:ch211-137a8.2_LatLineNMa-125,3
stard13b_LatLineNMa-125,6
tnfb_LatLineNMa-125,2
CU693481.1_LatLineNMa-125,3
lad1_LatLineNMa-125,3
flnb_LatLineNMa-125,5
epha2b_LatLineNMa-125,5
si:dkey-151g10.6_LatLineNMa-125,4
hspg2_LatLineNMa-125,5
l1cama_LatLineNMa-125,5
eya4_LatLineNMa-125,3
CHST13_LatLineNMa-125,1
tshz2_LatLineNMa-125,5
stk35_LatLineNMa-125,6
CABZ01064472.1_LatLineNMa-125,5
notch1a_LatLineNMa-125,3
ccng2_LatLineNMa-125,6
prodha_LatLineNMa-125,4
hspa4a_LatLineNMa-125,2
rpl29_LatLineNMa-125,4
jupa_LatLineNMa-125,2
prkcdb_LatLineNMa-125,2
atp2b4_LatLineNMa-125,5
hyou1_LatLineNMa-125,5
pknox2_LatLineNMa-125,1
wnt11_LatLineNMa-125,2
ucp2_LatLineNMa-125,6
arhgap21a_LatLineNMa-125,5
pdia4_LatLineNMa-125,1
cpa6_LatLineNMa-125,2
sulf1_LatLineNMa-125,4
fndc3bb_LatLineNMa-125,5
bcl2a_LatLineNMa-125,5
myhz1.1.1_LatLineNMa-125,3
midn_LatLineNMa-125,6
fetub_LatLineNMa-125,4
rhcgb_LatLineNMa-125,4
zgc:77158_LatLineNMa-125,2
dusp8a_LatLineNMa-125,1
BX005003.1_Lens-261,5
NPAS3_Lens-261,5
gcga_Lens-261,5
prickle1b_Lens-262,5
pawr_Lens-262,4
mllt3_Lens-262,1
tpma_Lens-262,4
trpm3_Lens-262,5
spns2_Lens-262,5
myhz2_Lens-262,3
myhz1.3_Lens-262,3
myhz1.2_Lens-262,3
myhz1.1_Lens-262,3
grifin_Lens-262,5
CU062632.1_Lens-262,5
dlg1_Lens-262,5
vdrb_Lens-262,4
cables1_Lens-262,4
plcd1b_Lens-262,5
si:ch211-207d6.2_Lens-262,5
bfsp2_Lens-262,6
mylz3_Lens-262,3
sorbs2a_Lens-262,4
lmo7a_Lens-262,4
neb_Lens-262,3
ttn.1_Lens-262,3
ttn.2_Lens-262,3
prss1_Lens-262,4
bcar3_Lens-262,5
nt5dc2_Lens-262,4
dnase1l1l_Lens-262,3
si:dkey-183p4.10_Lens-262,5
rho_Lens-262,5
kif26ba_Lens-262,5
lpin1_Lens-262,4
CT009487.2_Lens-262,4
acta1b_Lens-262,3
grid1b_Lens-262,6
atp2a1l_Lens-262,4
stambpl1_Lens-262,5
jcada_Lens-262,4
zeb1b_Lens-262,5
serpinh1b_Lens-262,5
hspg2_Lens-262,5
phip_Lens-262,6
hmgn3_Lens-262,6
ptpn13_Lens-262,5
dacha_Lens-262,5
id1_Lens-262,4
brap_Lens-262,6
dclk1a_Lens-262,5
ucp2_Lens-262,4
ipo4_Lens-262,5
dok6_Lens-262,5
ctdspla_Lens-262,4
trdmt1_Lens-262,4
neurod6a_Lens-262,4
smyhc1_Lens-262,3
myhz1.1.1_Lens-262,4
shdb_Lens-262,5
nav2b_Lens-262,5
mllt3_Lens-265,6
si:dkey-172j4.3_Lens-265,6
plekha7b_Lens-265,5
fam189a1_Lens-265,5
phlpp2_Lens-265,5
myhz2_Lens-265,2
myo1ca_Lens-265,6
arid3c_Lens-265,5
specc1_Lens-265,5
usp43a_Lens-265,5
ctnna2_Lens-265,5
si:ch211-168k14.2_Lens-265,5
sema6e_Lens-265,5
sh3rf1_Lens-265,5
sash1a_Lens-265,5
hsp90aa1.2_Lens-265,5
tdh2_Lens-265,5
stx3a_Lens-265,5
rsrp1_Lens-265,5
ATE1_Lens-265,6
shank3a_Lens-265,6
gramd1bb_Lens-265,5
hspa8b_Lens-265,5
si:ch211-262i1.3_Lens-265,5
ctnnd2a_Lens-265,5
dock3_Lens-265,5
b4galnt4a_Lens-265,6
si:dkey-28k24.2.1_Lens-266,5
rhcga_Lens-266,6
rorb_Lens-266,5
myhz2_Lens-266,4
myhz1.1_Lens-266,3
fbp2_Lens-266,5
atp2a1_Lens-266,3
satb1b_Lens-266,5
actc1b_Lens-266,3
CR936442.1_Lens-266,5
adamtsl3_Lens-267,5
myhz2_Lens-96,3
mylpfa_Lens-96,3
ctrb1_Leptomenig-113,4
arhgap36_Leptomenig-113,4
sat1a.1_Leptomenig-113,4
myhz2_Leptomenig-113,3
myhz1.3_Leptomenig-113,5
rasgef1ba_Leptomenig-113,6
ramp2_Leptomenig-113,6
zeb2b_Leptomenig-113,5
ttn.1_Leptomenig-113,3
ttn.2_Leptomenig-113,3
fbxo32_Leptomenig-113,4
lpin1_Leptomenig-113,6
atp2a1l_Leptomenig-113,4
TCERG1L_Leptomenig-113,5
pdk2b_Leptomenig-113,3
ulk2_Leptomenig-113,1
ucp2_Leptomenig-113,6
si:dkey-106n21.1_Leptomenig-113,5
tnni2a.4_Leptomenig-113,3
tnnt3b_LiverEndot-43,3
myhz2_LiverEndot-43,3
myhz1.3_LiverEndot-43,3
myhz1.2_LiverEndot-43,3
myhz1.1_LiverEndot-43,3
ins_LiverEndot-43,5
atp2a1_LiverEndot-43,3
mylpfa_LiverEndot-43,3
pvalb1_LiverEndot-43,3
tfa_LiverEndot-43,6
apom_LiverEndot-43,6
fga_LiverEndot-43,6
si:dkey-22i16.7_LiverEndot-43,4
ucp1_LiverEndot-43,6
neb_LiverEndot-43,3
myl1_LiverEndot-43,3
ttn.1_LiverEndot-43,3
ttn.2_LiverEndot-43,3
apoa2_LiverEndot-43,6
prss1_LiverEndot-43,4
prss59.2_LiverEndot-43,4
fabp10a_LiverEndot-43,6
igfbp1a_LiverEndot-43,4
serpina1_LiverEndot-43,6
ccl38.1_LiverEndot-43,4
actc1b_LiverEndot-43,3
p4ha1b_LiverEndot-43,5
lpin1_LiverEndot-43,6
aldob_LiverEndot-43,4
cfd_LiverEndot-43,3
atp2a1l_LiverEndot-43,3
rbfox3a_LiverEndot-43,4
mbpa_LiverEndot-43,4
apoa1b_LiverEndot-43,6
a2ml_LiverEndot-43,6
ucp2_LiverEndot-43,6
smyhc1_LiverEndot-43,2
cela1.6_LiverEndot-43,4
fetub_LiverEndot-43,6
si:dkey-35m8.1_Macrophage-45,6
arl5c_Macrophage-45,6
foxp1b_Macrophage-45,3
rgs13_Macrophage-45,6
crema_Macrophage-45,6
cxcr4b_Macrophage-45,6
ttn.1_Macrophage-45,3
cebpb_Macrophage-45,4
ctsl.1_Macrophage-45,4
runx3_Macrophage-45,4
ckmb_Macrophage-45,3
ccng2_Macrophage-45,6
ets2_Macrophage-45,6
ucp2_Macrophage-45,6
smyhc1_Macrophage-45,4
mt-co1_Macrophage-45,6
mt-atp6_Macrophage-45,3
mt-co3_Macrophage-45,6
mt-nd4_Macrophage-45,6
mt-cyb_Macrophage-45,6
nampta_MCiOlfEpit-127,2
chsy1_MCiOlfEpit-127,5
paqr5b_MCiOlfEpit-127,4
hk2_MCiOlfEpit-127,5
myhz1.3_MCiOlfEpit-127,3
myhz1.2_MCiOlfEpit-127,3
myhz1.1_MCiOlfEpit-127,3
ubb_MCiOlfEpit-127,1
usp2b_MCiOlfEpit-127,1
stip1_MCiOlfEpit-127,1
hspbp1_MCiOlfEpit-127,1
tspan35_MCiOlfEpit-127,2
stat3_MCiOlfEpit-127,5
hsp70.1_MCiOlfEpit-127,2
hsp70.2_MCiOlfEpit-127,2
hsp70.3_MCiOlfEpit-127,2
xylt1_MCiOlfEpit-127,1
mylpfa_MCiOlfEpit-127,4
zgc:100868_MCiOlfEpit-127,2
dnajb1a_MCiOlfEpit-127,1
s1pr2_MCiOlfEpit-127,4
crocc2_MCiOlfEpit-127,3
slco2a1_MCiOlfEpit-127,4
evi5b_MCiOlfEpit-127,2
uap1_MCiOlfEpit-127,1
vdrb_MCiOlfEpit-127,4
prss60.2_MCiOlfEpit-127,5
epha2a_MCiOlfEpit-127,5
prelid3b_MCiOlfEpit-127,6
csrnp1a_MCiOlfEpit-127,4
fndc3ba_MCiOlfEpit-127,4
crema_MCiOlfEpit-127,6
sugt1_MCiOlfEpit-127,5
glra3_MCiOlfEpit-127,4
gpm6ab_MCiOlfEpit-127,5
FO834828.2_MCiOlfEpit-127,6
dnajb1b_MCiOlfEpit-127,2
sik1_MCiOlfEpit-127,6
dgkh_MCiOlfEpit-127,5
lmo7a_MCiOlfEpit-127,1
nabp1a_MCiOlfEpit-127,5
ttn.1_MCiOlfEpit-127,3
ttn.2_MCiOlfEpit-127,3
rbms1b_MCiOlfEpit-127,5
si:ch73-22o12.1_MCiOlfEpit-127,5
erfl3_MCiOlfEpit-127,5
rapgef5b_MCiOlfEpit-127,5
fbxo32_MCiOlfEpit-127,4
nr4a3_MCiOlfEpit-127,1
slc4a7_MCiOlfEpit-127,5
ccdc85cb_MCiOlfEpit-127,1
sptlc2b_MCiOlfEpit-127,2
sirt5_MCiOlfEpit-127,5
flrt2_MCiOlfEpit-127,3
enpp1_MCiOlfEpit-127,3
hivep2a_MCiOlfEpit-127,1
hsp90aa1.2_MCiOlfEpit-127,1
hsp70l_MCiOlfEpit-127,2
slc38a5a_MCiOlfEpit-127,1
inpp5l_MCiOlfEpit-127,2
slc23a2_MCiOlfEpit-127,1
actc1b_MCiOlfEpit-127,3
wdpcp_MCiOlfEpit-127,4
lpin1_MCiOlfEpit-127,6
asap2a_MCiOlfEpit-127,6
fosl2_MCiOlfEpit-127,6
ahsa1b_MCiOlfEpit-127,1
eif4ebp3l_MCiOlfEpit-127,4
si:ch211-39i2.2_MCiOlfEpit-127,2
zgc:92242_MCiOlfEpit-127,2
irg1l_MCiOlfEpit-127,5
si:ch211-153b23.3_MCiOlfEpit-127,5
si:ch211-153b23.4_MCiOlfEpit-127,2
si:ch211-153b23.5_MCiOlfEpit-127,2
hspa9_MCiOlfEpit-127,1
BX005454.1_MCiOlfEpit-127,6
nocta_MCiOlfEpit-127,6
tnfaip3_MCiOlfEpit-127,5
anxa11a_MCiOlfEpit-127,2
smap1_MCiOlfEpit-127,5
prom2_MCiOlfEpit-127,3
zgc:153911_MCiOlfEpit-127,2
rsrp1_MCiOlfEpit-127,2
herc4_MCiOlfEpit-127,1
igf1ra_MCiOlfEpit-127,5
slc16a12b_MCiOlfEpit-127,6
si:ch73-329n5.1_MCiOlfEpit-127,5
CABZ01048956.1_MCiOlfEpit-127,1
FO904966.1_MCiOlfEpit-127,5
pvrl2l_MCiOlfEpit-127,5
pdik1l_MCiOlfEpit-127,4
osbpl3a_MCiOlfEpit-127,1
pkhd1l1_MCiOlfEpit-127,5
si:ch211-152p11.4_MCiOlfEpit-127,2
ptp4a2b_MCiOlfEpit-127,2
pef1_MCiOlfEpit-127,2
mlf1_MCiOlfEpit-127,2
chchd2_MCiOlfEpit-127,1
il15l_MCiOlfEpit-127,2
ulk2_MCiOlfEpit-127,4
sik2b_MCiOlfEpit-127,1
BX572077.1_MCiOlfEpit-127,4
hsph1_MCiOlfEpit-127,1
b4galt5_MCiOlfEpit-127,1
si:rp71-79p20.2_MCiOlfEpit-127,5
sdcbp2_MCiOlfEpit-127,1
ttll10_MCiOlfEpit-127,5
stat6_MCiOlfEpit-127,6
nr4a1_MCiOlfEpit-127,6
CHST13_MCiOlfEpit-127,1
CABZ01023255.1_MCiOlfEpit-127,5
ccng2_MCiOlfEpit-127,6
prodha_MCiOlfEpit-127,2
zgc:113162_MCiOlfEpit-127,1
btc_MCiOlfEpit-127,5
bicdl2l_MCiOlfEpit-127,6
hspa4a_MCiOlfEpit-127,1
mapkapk2a_MCiOlfEpit-127,2
rem1_MCiOlfEpit-127,2
gnai2a_MCiOlfEpit-127,1
sox13_MCiOlfEpit-127,5
pptc7b_MCiOlfEpit-127,1
ugcg_MCiOlfEpit-127,2
slc12a2_MCiOlfEpit-127,6
si:ch211-103f14.3_MCiOlfEpit-127,4
foxo1b_MCiOlfEpit-127,1
lhfpl6_MCiOlfEpit-127,6
si:dkey-259j3.5_MCiOlfEpit-127,6
ctdspla_MCiOlfEpit-127,4
pde7a_MCiOlfEpit-127,4
vav3a_MCiOlfEpit-127,6
cremb_MCiOlfEpit-127,2
cnbd1_MCiOlfEpit-127,3
ctnna1_MCiOlfEpit-127,5
eps8l1b_MCiOlfEpit-127,1
si:zfos-943e10.1_MCiOlfEpit-127,2
midn_MCiOlfEpit-127,6
fa2h_MCiOlfEpit-127,2
far1_MCiOlfEpit-127,3
ccnd2a_MCiOlfEpit-127,4
pkp3a_MCiOlfEpit-127,6
phlda2_MCiOlfEpit-127,5
CABZ01080568.1_MCiOlfEpit-127,2
fah_Melanocyte-139,6
myhz1.2_Melanocyte-139,3
zfand2a_Melanocyte-139,6
prdx1_Melanocyte-139,6
ttn.1_Melanocyte-139,3
ttn.2_Melanocyte-139,3
hsp90aa1.2_Melanocyte-139,6
actc1b_Melanocyte-139,3
gclc_Melanocyte-139,6
pir_Melanocyte-139,6
plekha5_Melanocyte-140,6
BX465862.4_Melanocyte-140,4
si:cabz01007802.1_Melanocyte-140,4
fah_Melanocyte-140,6
txn_Melanocyte-140,6
ADAMTS7_Melanocyte-140,5
myhz2_Melanocyte-140,3
myhz1.3_Melanocyte-140,3
myhz1.2_Melanocyte-140,3
myhz1.1_Melanocyte-140,3
dab2ipb_Melanocyte-140,6
ckma_Melanocyte-140,4
zfand2a_Melanocyte-140,6
ccdc88aa_Melanocyte-140,3
dipk1ab_Melanocyte-140,5
prdx1_Melanocyte-140,6
cc2d1b_Melanocyte-140,6
pde4ca_Melanocyte-140,5
per2_Melanocyte-140,1
slitrk6_Melanocyte-140,5
mylz3_Melanocyte-140,3
bnc2_Melanocyte-140,1
nt5c2b_Melanocyte-140,4
nlgn4xa_Melanocyte-140,5
mgat4a_Melanocyte-140,5
dgkh_Melanocyte-140,5
ttn.1_Melanocyte-140,3
ttn.2_Melanocyte-140,3
efna3b_Melanocyte-140,1
prkcz_Melanocyte-140,5
TMEM132C.1_Melanocyte-140,5
actc1b_Melanocyte-140,3
KLHL29_Melanocyte-140,4
lpin1_Melanocyte-140,6
dtnbb_Melanocyte-140,4
ccdc88c_Melanocyte-140,5
mgat4b_Melanocyte-140,5
gsr_Melanocyte-140,6
CR383676.3_Melanocyte-140,5
gclc_Melanocyte-140,6
akt3a_Melanocyte-140,1
bcl11aa_Melanocyte-140,5
cpeb3_Melanocyte-140,6
cbfb_Melanocyte-140,1
atp2a1l_Melanocyte-140,4
thrb_Melanocyte-140,5
atxn1a_Melanocyte-140,6
ppp1r9a_Melanocyte-140,5
ece2b_Melanocyte-140,3
gab2_Melanocyte-140,6
sesn3_Melanocyte-140,3
b4galt5_Melanocyte-140,5
soga1_Melanocyte-140,6
ccng2_Melanocyte-140,4
prodha_Melanocyte-140,4
grk6_Melanocyte-140,5
pdk3b_Melanocyte-140,6
kif21b_Melanocyte-140,5
atp2b4_Melanocyte-140,5
pir_Melanocyte-140,4
picalma_Melanocyte-140,6
ucp2_Melanocyte-140,6
pdcd6_Melanocyte-140,6
sh3kbp1_Melanocyte-140,5
bcl2a_Melanocyte-140,5
arhgap29a_Melanocyte-140,6
cela1.6_Melanocyte-140,4
myhz1.3_Melanocyte-215,3
ttn.2_Melanocyte-215,3
htr2cl1_MeningeFib-126,6
coro2ba_MeningeFib-126,5
myhz1.3_MeningeFib-126,3
myhz1.2_MeningeFib-126,5
nupr1b_MeningeFib-126,4
lrp8_MeningeFib-126,5
igfbp1b_MeningeFib-126,6
gpc5c_MeningeFib-126,5
per2_MeningeFib-126,4
bnc2_MeningeFib-126,5
ttn.1_MeningeFib-126,3
ttn.2_MeningeFib-126,3
fbxo32_MeningeFib-126,4
lipeb_MeningeFib-126,5
trabd2b_MeningeFib-126,5
csf1b_MeningeFib-126,4
lpin1_MeningeFib-126,6
ebf3a.1_MeningeFib-126,5
CR936442.1_MeningeFib-126,3
foxo1a_MeningeFib-126,6
robo1_MeningeFib-126,5
slc4a4b_MeningeFib-126,6
zgc:113162_MeningeFib-126,5
rxraa_MeningeFib-126,5
csf1a_MeningeFib-126,4
si:ch211-285f17.1_MeningeFib-126,5
hbp1_MeningeFib-126,4
CABZ01080568.1_MeningeFib-126,2
ccdc136b_MeningePre-135,5
si:dkey-28k24.2.1_MeningePre-135,3
slc7a8a_MeningePre-135,4
tpma_MeningePre-135,3
zgc:136461_MeningePre-135,4
tcnba_MeningePre-135,5
myhz2_MeningePre-135,5
myhz1.3_MeningePre-135,3
apoda.2_MeningePre-135,4
mylz3_MeningePre-135,3
bnc2_MeningePre-135,5
ttn.1_MeningePre-135,3
ttn.2_MeningePre-135,3
prss1_MeningePre-135,4
si:dkey-7c18.24_MeningePre-135,1
trabd2b_MeningePre-135,5
adamts10_MeningePre-135,5
actc1b_MeningePre-135,3
slc8a1b_MeningePre-135,5
lpin1_MeningePre-135,1
ZNF423_MeningePre-135,5
pvrl2l_MeningePre-135,5
mylipa_MeningePre-135,4
nme2b.2_MeningePre-135,3
ulk2_MeningePre-135,1
cela1.6_MeningePre-135,4
tpma_MeorNCorPA-83,3
zgc:112160_MeorNCorPA-83,4
zgc:136461_MeorNCorPA-83,4
ctrb1_MeorNCorPA-83,4
tnnt3b_MeorNCorPA-83,3
rplp0_MeorNCorPA-83,4
histh1l_MeorNCorPA-83,4
myhz2_MeorNCorPA-83,3
myhz1.3_MeorNCorPA-83,3
myhz1.2_MeorNCorPA-83,3
myhz1.1_MeorNCorPA-83,3
ckma_MeorNCorPA-83,4
ak1_MeorNCorPA-83,3
atp2a1_MeorNCorPA-83,3
si:ch73-367p23.2_MeorNCorPA-83,3
mylpfa_MeorNCorPA-83,3
adgrl1a_MeorNCorPA-83,5
pvalb1_MeorNCorPA-83,3
mylz3_MeorNCorPA-83,3
rps3a_MeorNCorPA-83,4
rps6_MeorNCorPA-83,4
ucp1_MeorNCorPA-83,6
crygm2d2_MeorNCorPA-83,4
neb_MeorNCorPA-83,3
ttn.1_MeorNCorPA-83,3
ttn.2_MeorNCorPA-83,3
gapdh_MeorNCorPA-83,4
prss1_MeorNCorPA-83,4
fabp10a_MeorNCorPA-83,4
si:dkey-7c18.24_MeorNCorPA-83,1
hsp90aa1.2_MeorNCorPA-83,1
ampd1_MeorNCorPA-83,3
ela2_MeorNCorPA-83,4
aopep_MeorNCorPA-83,5
actc1b_MeorNCorPA-83,3
rpl13a_MeorNCorPA-83,3
ctsl.1_MeorNCorPA-83,6
lpin1_MeorNCorPA-83,4
slc25a5_MeorNCorPA-83,4
rpl39_MeorNCorPA-83,4
epcam_MeorNCorPA-83,6
cxcl12a_MeorNCorPA-83,3
atp2a1l_MeorNCorPA-83,3
pdk2b_MeorNCorPA-83,4
ptprua_MeorNCorPA-83,5
ulk2_MeorNCorPA-83,6
ctrl_MeorNCorPA-83,4
tnnc2_MeorNCorPA-83,3
actn3a_MeorNCorPA-83,3
rpl29_MeorNCorPA-83,4
ctnnd2a_MeorNCorPA-83,5
cela1.6_MeorNCorPA-83,4
cpa5_MeorNCorPA-83,3
tnni2a.4_MeorNCorPA-83,3
myhz1.2_Mesenchyme-235,3
ncam2_Mesenchyme-235,5
ttn.1_Mesenchyme-235,5
ttn.2_Mesenchyme-235,5
fign_Mesenchyme-235,5
serpina1_Mesenchyme-235,6
si:dkey-7c18.24_Mesenchyme-235,1
TMEM132C.1_Mesenchyme-235,5
lpin1_Mesenchyme-235,1
nme2b.2_Mesenchyme-235,3
fgf10a_Mesenchyme-235,5
BX511128.3_Mesenchyme-47,5
myhz2_Mesenchyme-47,2
myhz1.2_Mesenchyme-47,3
actc1b_Mesenchyme-47,3
lpin1_Mesenchyme-47,1
fam107b_Mesenchyme-47,2
atp2a1l_Mesenchyme-47,4
ulk2_Mesenchyme-47,4
si:dkey-261h17.1_Mesenchyme-47,5
myhz1.1.1_Mesenchyme-47,2
cela1.6_Mesenchyme-47,4
rhcga_MesmbCardi-77,6
zgc:136461_MesmbCardi-77,3
BX511128.3_MesmbCardi-77,5
myhz2_MesmbCardi-77,3
ckma_MesmbCardi-77,4
mylpfa_MesmbCardi-77,3
apoda.2_MesmbCardi-77,4
mylz3_MesmbCardi-77,3
hspd1_MesmbCardi-77,5
ttn.1_MesmbCardi-77,3
ttn.2_MesmbCardi-77,3
prss59.2_MesmbCardi-77,4
actc1b_MesmbCardi-77,3
lpin1_MesmbCardi-77,6
kctd8_MesmbCardi-77,1
fam107b_MesmbCardi-77,1
ulk2_MesmbCardi-77,1
ctrl_MesmbCardi-77,4
ucp2_MesmbCardi-77,4
mt-nd2_MesmbCardi-77,6
mt-co1_MesmbCardi-77,4
mt-co2_MesmbCardi-77,6
mt-atp6_MesmbCardi-77,6
mt-co3_MesmbCardi-77,6
mt-nd4_MesmbCardi-77,6
mt-cyb_MesmbCardi-77,6
tpma_MHBBouProg-58,3
tnnt3b_MHBBouProg-58,3
lmx1ba_MHBBouProg-58,1
srrm4_MHBBouProg-58,4
ela3l_MHBBouProg-58,4
myhz1.2_MHBBouProg-58,3
myhz1.1_MHBBouProg-58,3
si:ch73-367p23.2_MHBBouProg-58,3
pvalb1_MHBBouProg-58,3
ttn.1_MHBBouProg-58,3
ttn.2_MHBBouProg-58,3
hsp90aa1.2_MHBBouProg-58,5
bcl11ba_MHBBouProg-58,5
lpin1_MHBBouProg-58,6
ebf3a_MHBBouProg-58,5
foxo1a_MHBBouProg-58,6
dscaml1_MHBBouProg-58,5
ulk2_MHBBouProg-58,4
midn_MHBBouProg-58,6
myhz1.2_MotoNorPNS-162,3
myhz1.1_MotoNorPNS-162,3
ttn.1_MotoNorPNS-162,3
ttn.2_MotoNorPNS-162,3
pou6f2_MotoNorPNS-162,5
slc38a4_MucHeadPer-93,6
csrp2_MucHeadPer-93,6
pawr_MucHeadPer-93,5
si:dkeyp-4c4.1_MucHeadPer-93,5
si:dkey-27n6.4_MucHeadPer-93,5
ckap4_MucHeadPer-93,6
si:cabz01007794.1_MucHeadPer-93,6
pnp5a_MucHeadPer-93,6
kdm6ba_MucHeadPer-93,6
eif4a1a_MucHeadPer-93,6
vps13c_MucHeadPer-93,3
tpma_MucHeadPer-93,3
zgc:112160_MucHeadPer-93,4
tnnt3b_MucHeadPer-93,3
camk2d1_MucHeadPer-93,5
SEMA4F_MucHeadPer-93,5
rbpjb_MucHeadPer-93,5
hk2_MucHeadPer-93,1
kremen1_MucHeadPer-93,2
npas2_MucHeadPer-93,4
myhz2_MucHeadPer-93,3
rpl7a_MucHeadPer-93,4
ckma_MucHeadPer-93,3
rasgef1ba_MucHeadPer-93,6
specc1_MucHeadPer-93,6
crhr1_MucHeadPer-93,5
rapgefl1_MucHeadPer-93,1
atp2a1_MucHeadPer-93,3
hsp70.2_MucHeadPer-93,1
hsp70.3_MucHeadPer-93,1
rarab_MucHeadPer-93,5
dlx4a_MucHeadPer-93,2
mafk_MucHeadPer-93,6
pvalb1_MucHeadPer-93,3
sec23b_MucHeadPer-93,6
rpsa_MucHeadPer-93,6
evi5b_MucHeadPer-93,6
dlg1_MucHeadPer-93,5
nos1apa.1_MucHeadPer-93,5
vdrb_MucHeadPer-93,4
krt4_MucHeadPer-93,1
pdzrn3b_MucHeadPer-93,5
ENSDARG00000091625_MucHeadPer-93,5
slc2a1b_MucHeadPer-93,6
rplp2_MucHeadPer-93,6
prelid3b_MucHeadPer-93,6
foxq1a_MucHeadPer-93,6
egfra_MucHeadPer-93,6
npc1_MucHeadPer-93,4
xpr1b_MucHeadPer-93,4
elovl1a_MucHeadPer-93,6
csrnp1a_MucHeadPer-93,4
rpl7_MucHeadPer-93,1
uba52_MucHeadPer-93,6
mylz3_MucHeadPer-93,3
tmem131l_MucHeadPer-93,5
FO834828.2_MucHeadPer-93,6
FO681323.1_MucHeadPer-93,6
sik1_MucHeadPer-93,6
nr1i2_MucHeadPer-93,6
scel_MucHeadPer-93,4
neb_MucHeadPer-93,3
ttn.1_MucHeadPer-93,3
ttn.2_MucHeadPer-93,3
deptor_MucHeadPer-93,5
nbeal2_MucHeadPer-93,5
mpp6a_MucHeadPer-93,4
tuft1a_MucHeadPer-93,6
rps19_MucHeadPer-93,6
prss1_MucHeadPer-93,4
nr4a3_MucHeadPer-93,6
mef2d_MucHeadPer-93,6
ptk2ab_MucHeadPer-93,3
mroh1_MucHeadPer-93,3
nfkbiaa_MucHeadPer-93,6
prkchb_MucHeadPer-93,6
gmds_MucHeadPer-93,6
ryr3_MucHeadPer-93,3
nbas_MucHeadPer-93,5
trdn_MucHeadPer-93,5
hsp90ab1_MucHeadPer-93,6
faua_MucHeadPer-93,6
skia_MucHeadPer-93,5
slc38a5a_MucHeadPer-93,6
RALGDS_MucHeadPer-93,6
rab11fip1a_MucHeadPer-93,6
sorbs3_MucHeadPer-93,5
si:dkey-56i24.1.1_MucHeadPer-93,5
actc1b_MucHeadPer-93,3
nfkbiab_MucHeadPer-93,6
samd4a_MucHeadPer-93,6
foxn3_MucHeadPer-93,4
bcl11ba_MucHeadPer-93,5
grhl3_MucHeadPer-93,1
lpin1_MucHeadPer-93,6
crim1_MucHeadPer-93,2
fosl2_MucHeadPer-93,6
si:ch211-39i2.2_MucHeadPer-93,1
zgc:92242_MucHeadPer-93,6
selenot2_MucHeadPer-93,6
si:ch211-221f10.2_MucHeadPer-93,5
stard14_MucHeadPer-93,6
tnfaip3_MucHeadPer-93,6
smap1_MucHeadPer-93,1
rrbp1a_MucHeadPer-93,6
si:dkey-221j11.3_MucHeadPer-93,6
herc4_MucHeadPer-93,5
ric8b_MucHeadPer-93,6
tiparp_MucHeadPer-93,6
tob1b_MucHeadPer-93,6
zgc:158404_MucHeadPer-93,5
fasn_MucHeadPer-93,1
si:ch73-181m17.1_MucHeadPer-93,4
mcl1a_MucHeadPer-93,6
rplp1_MucHeadPer-93,6
cyt1l_MucHeadPer-93,1
krt17_MucHeadPer-93,1
krt91_MucHeadPer-93,6
si:ch211-152p11.4_MucHeadPer-93,6
rpl30_MucHeadPer-93,6
nme2b.2_MucHeadPer-93,3
rpl14_MucHeadPer-93,6
mlf1_MucHeadPer-93,5
foxo1a_MucHeadPer-93,6
slc1a5_MucHeadPer-93,6
BX663520.2_MucHeadPer-93,6
MARK4_MucHeadPer-93,6
ckmb_MucHeadPer-93,3
ssh2a_MucHeadPer-93,6
si:ch211-207n23.2_MucHeadPer-93,6
ngef_MucHeadPer-93,6
chl1a_MucHeadPer-93,4
tnnc2_MucHeadPer-93,3
si:dkey-157g16.6_MucHeadPer-93,5
slc25a33_MucHeadPer-93,6
dgkaa_MucHeadPer-93,1
stk35_MucHeadPer-93,1
eno3_MucHeadPer-93,3
klf4_MucHeadPer-93,6
ccng2_MucHeadPer-93,6
prodha_MucHeadPer-93,4
pcxa_MucHeadPer-93,5
klf5l_MucHeadPer-93,6
traf4b_MucHeadPer-93,5
hspa4a_MucHeadPer-93,1
rps15_MucHeadPer-93,6
prkcdb_MucHeadPer-93,6
mapkapk2a_MucHeadPer-93,6
pik3c2b_MucHeadPer-93,3
cyldb_MucHeadPer-93,6
top1l_MucHeadPer-93,1
nrg1_MucHeadPer-93,1
rabgap1_MucHeadPer-93,3
foxo1b_MucHeadPer-93,6
dhrs13a.2_MucHeadPer-93,6
rpl21_MucHeadPer-93,6
klhl24b_MucHeadPer-93,4
cpne3_MucHeadPer-93,4
btg2_MucHeadPer-93,6
nuak2_MucHeadPer-93,6
midn_MucHeadPer-93,6
si:ch211-129c21.1_MucHeadPer-93,6
rpl32_MucHeadPer-93,6
RPS17_MucHeadPer-93,6
prickle1a_MucHeadPer-93,1
hbp1_MucHeadPer-93,4
dgkzb_MucHeadPer-93,5
ca5a_MucHeadPer-93,6
ccnd2a_MucHeadPer-93,4
cpa5_MucHeadPer-93,4
immp2l_MucHeadPer-93,5
pkp3a_MucHeadPer-93,6
CABZ01080568.1_MucHeadPer-93,1
clcn2b_MucHeadPer-93,1
myhz2_MullerGlia-227,3
ttn.1_MullerGlia-227,3
ttn.2_MullerGlia-227,3
mt2_MullerGlia-62,4
myhz1.1_MULTConEry-202,3
apoa4b.2.1_MULTMuPaLe-238,3
si:cabz01007794.1_MULTMusPan-239,6
tpma_MULTMusPan-239,3
c6ast4_MULTMusPan-239,4
BX005003.1_MULTMusPan-239,5
myom1b_MULTMusPan-239,3
ela3l_MULTMusPan-239,4
myhz1.2_MULTMusPan-239,5
ckma_MULTMusPan-239,3
ak1_MULTMusPan-239,3
eif3d_MULTMusPan-239,3
pvalb1_MULTMusPan-239,3
spega_MULTMusPan-239,5
hdlbpa_MULTMusPan-239,3
myl13_MULTMusPan-239,3
amy2a_MULTMusPan-239,4
myom1a_MULTMusPan-239,3
apoda.2_MULTMusPan-239,4
zgc:165603_MULTMusPan-239,5
mylz3_MULTMusPan-239,3
ttn.2_MULTMusPan-239,3
apoa4b.2_MULTMusPan-239,3
prss1_MULTMusPan-239,4
prss59.2_MULTMusPan-239,4
igfbp1a_MULTMusPan-239,6
chac1_MULTMusPan-239,4
ampd1_MULTMusPan-239,3
actc1b_MULTMusPan-239,3
pabpc4_MULTMusPan-239,3
lpin1_MULTMusPan-239,4
zgc:92137_MULTMusPan-239,4
aff2_MULTMusPan-239,5
hnrnpa0a_MULTMusPan-239,5
TENM2_MULTMusPan-239,5
CR383676.3_MULTMusPan-239,5
ddx21_MULTMusPan-239,3
klhl31_MULTMusPan-239,3
tat_MULTMusPan-239,4
atp2a1l_MULTMusPan-239,3
mylpfb_MULTMusPan-239,3
krt92_MULTMusPan-239,3
fxyd6_MULTMusPan-239,5
ctrl_MULTMusPan-239,4
si:dkey-178k16.1_MULTMusPan-239,5
tnnc1b_MULTMusPan-239,3
tnnc2_MULTMusPan-239,3
bhmt_MULTMusPan-239,3
cel.1_MULTMusPan-239,4
actn3a_MULTMusPan-239,3
myl10_MULTMusPan-239,3
msi2a_MULTMusPan-239,5
FP016248.1_MULTMusPan-239,5
cpb1_MULTMusPan-239,4
smyhc1_MULTMusPan-239,4
smyhc2_MULTMusPan-239,5
nr5a2_MULTMusPan-239,5
cpa1_MULTMusPan-239,4
zgc:112160_MuscleUnkn-230,4
c6ast4_MuscleUnkn-230,4
rplp0_MuscleUnkn-230,3
ela3l_MuscleUnkn-230,4
myhz2_MuscleUnkn-230,3
myhz1.3_MuscleUnkn-230,3
myhz1.2_MuscleUnkn-230,3
myhz1.1_MuscleUnkn-230,3
ak1_MuscleUnkn-230,5
si:ch73-367p23.2_MuscleUnkn-230,3
mylpfa_MuscleUnkn-230,3
myom1a_MuscleUnkn-230,3
tuba8l2_MuscleUnkn-230,3
neb_MuscleUnkn-230,3
ttn.1_MuscleUnkn-230,3
ttn.2_MuscleUnkn-230,3
apoa4b.2.1_MuscleUnkn-230,3
prss1_MuscleUnkn-230,4
prss59.2_MuscleUnkn-230,4
apobb.1_MuscleUnkn-230,3
actc1b_MuscleUnkn-230,3
lpin1_MuscleUnkn-230,4
gfra4a_MuscleUnkn-230,5
ppfibp2a_MuscleUnkn-230,6
atp2a1l_MuscleUnkn-230,3
apoea_MuscleUnkn-230,3
ulk2_MuscleUnkn-230,4
CR589876.1_MuscleUnkn-230,5
oprl1_MuscleUnkn-230,5
tnnc2_MuscleUnkn-230,3
bhmt_MuscleUnkn-230,3
cela1.6_MuscleUnkn-230,4
cpa5_MuscleUnkn-230,4
myhz2_MusProMyot-54,4
myhz1.3_MusProMyot-54,3
myhz1.1_MusProMyot-54,3
ckma_MusProMyot-54,4
si:ch73-367p23.2_MusProMyot-54,3
vdrb_MusProMyot-54,4
mybphb_MusProMyot-54,3
mylz3_MusProMyot-54,3
abca1a_MusProMyot-54,4
ttn.1_MusProMyot-54,3
ttn.2_MusProMyot-54,3
cyp2ad3_MusProMyot-54,4
apobb.1_MusProMyot-54,3
mknk2b_MusProMyot-54,4
si:ch211-263k4.2_MusProMyot-54,5
actc1b_MusProMyot-54,3
lpin1_MusProMyot-54,6
grb10a_MusProMyot-54,4
ulk2_MusProMyot-54,4
ckmb_MusProMyot-54,3
tnnc2_MusProMyot-54,3
smyhc1_MusProMyot-54,4
BX005417.1_MyoblSatMC-82,6
hs3st4_MyoblSatMC-82,5
lpin1_MyoblSatMC-82,6
grid1b_MyoblSatMC-82,5
ulk2_MyoblSatMC-82,4
myhz1.3_MyotorCepM-53,3
myhz1.1_MyotorCepM-53,3
mylpfa_MyotorCepM-53,3
neb_MyotorCepM-53,3
ttn.1_MyotorCepM-53,3
ttn.2_MyotorCepM-53,3
hsp90aa1.2_MyotorCepM-53,2
lpin1_MyotorCepM-53,4
kcnq5a_MyotorCepM-53,6
tspan9a_MyotorCepM-53,5
ulk2_MyotorCepM-53,6
pax7b_MyotorCepM-53,5
ctrb1_NeGluorGab-155,4
myhz2_NeGluorGab-155,2
myhz1.1_NeGluorGab-155,2
pde6ha_NeGluorGab-155,4
ttn.1_NeGluorGab-155,3
ttn.2_NeGluorGab-155,3
actc1b_NeGluorGab-155,3
grid1a_NeGluorGab-155,4
pcdh1b_NeGluorGab-155,5
myhz2_NeuDopNora-166,5
myhz1.2_NeuDopNora-166,5
myhz1.1_NeuDopNora-166,3
hoxb3a_NeuDopNora-166,3
atp2a1_NeuDopNora-166,3
mylpfa_NeuDopNora-166,4
pbx1a_NeuDopNora-166,5
mylz3_NeuDopNora-166,3
ttn.1_NeuDopNora-166,3
ttn.2_NeuDopNora-166,3
actc1b_NeuDopNora-166,3
atp2a1l_NeuDopNora-166,4
BX571707.1_NeuDopNora-166,3
wnk1b_NeuralCres-105,4
rplp2l_NeuralCres-105,4
rps13_NeuralCres-105,6
ctrb1_NeuralCres-105,4
znf536_NeuralCres-105,5
rps4x_NeuralCres-105,3
rplp0_NeuralCres-105,3
rpl36a_NeuralCres-105,4
myhz2_NeuralCres-105,3
myhz1.3_NeuralCres-105,5
myhz1.2_NeuralCres-105,3
myhz1.1_NeuralCres-105,5
ckma_NeuralCres-105,3
mcama_NeuralCres-105,5
rpl19_NeuralCres-105,3
atp2a1_NeuralCres-105,3
mylpfa_NeuralCres-105,3
rpl23_NeuralCres-105,6
rps11_NeuralCres-105,4
pvalb1_NeuralCres-105,3
rpsa_NeuralCres-105,3
pfkfb4b_NeuralCres-105,3
rplp2_NeuralCres-105,4
rps26l_NeuralCres-105,4
rpl7_NeuralCres-105,6
rps6_NeuralCres-105,6
abca1a_NeuralCres-105,4
tsc22d1_NeuralCres-105,5
ttn.1_NeuralCres-105,3
ttn.2_NeuralCres-105,3
rpl31_NeuralCres-105,4
rps19_NeuralCres-105,6
prss1_NeuralCres-105,4
prss59.1_NeuralCres-105,4
prss59.2_NeuralCres-105,4
rpl28_NeuralCres-105,6
cyp2ad3_NeuralCres-105,4
apobb.1_NeuralCres-105,3
si:dkey-7c18.24_NeuralCres-105,1
rps29_NeuralCres-105,4
mknk2b_NeuralCres-105,4
si:ch211-263k4.2_NeuralCres-105,5
lpin1_NeuralCres-105,6
eif4ebp3l_NeuralCres-105,4
nlgn3a_NeuralCres-105,5
slc25a5_NeuralCres-105,4
rpl39_NeuralCres-105,4
pcdh1b_NeuralCres-105,5
rps24_NeuralCres-105,6
si:dkey-95h12.1_NeuralCres-105,5
rpl35a_NeuralCres-105,6
rpl38_NeuralCres-105,4
rplp1_NeuralCres-105,4
rpl30_NeuralCres-105,4
eef1a1l1_NeuralCres-105,4
dscaml1_NeuralCres-105,6
ulk2_NeuralCres-105,6
si:dkey-151g10.6_NeuralCres-105,4
bhmt_NeuralCres-105,6
rpl37.1_NeuralCres-105,4
rpl35_NeuralCres-105,6
rps14_NeuralCres-105,4
rpl29_NeuralCres-105,4
rps23_NeuralCres-105,6
zgc:171772_NeuralCres-105,4
cntfr_NeuralCres-105,5
ucp2_NeuralCres-105,4
rps25_NeuralCres-105,6
rpl36_NeuralCres-105,6
cela1.6_NeuralCres-105,4
rpl32_NeuralCres-105,4
hbp1_NeuralCres-105,4
hsp90b1_NeuralmbHR-224,5
grip1_NeuralmbHR-224,5
prickle1b_NeuralmbHR-224,5
sox5_NeuralmbHR-224,5
snd1_NeuralmbHR-224,5
celf2_NeuralmbHR-224,5
zbed4_NeuralmbHR-224,5
vangl2_NeuralmbHR-224,5
chsy1_NeuralmbHR-224,5
pax6b_NeuralmbHR-224,5
efnb3b_NeuralmbHR-224,5
kdm6ba_NeuralmbHR-224,5
plekha7b_NeuralmbHR-224,5
pde3b_NeuralmbHR-224,5
ctdspl2b_NeuralmbHR-224,5
igdcc3_NeuralmbHR-224,5
CT030129.1_NeuralmbHR-224,5
fto_NeuralmbHR-224,5
mtss1lb_NeuralmbHR-224,5
brsk2b_NeuralmbHR-224,5
znf609b_NeuralmbHR-224,5
ankrd11_NeuralmbHR-224,5
ank2b_NeuralmbHR-224,5
lrch4_NeuralmbHR-224,5
stim2b_NeuralmbHR-224,5
dennd5a_NeuralmbHR-224,5
vkorc1l1_NeuralmbHR-224,5
srrm4_NeuralmbHR-224,5
fbrsl1_NeuralmbHR-224,5
coro1ca_NeuralmbHR-224,5
map7d2a_NeuralmbHR-224,5
rorb_NeuralmbHR-224,5
ela3l_NeuralmbHR-224,4
myhz2_NeuralmbHR-224,2
myhz1.2_NeuralmbHR-224,3
myhz1.1_NeuralmbHR-224,3
efnb1_NeuralmbHR-224,5
lrch2_NeuralmbHR-224,5
TMEM8B_NeuralmbHR-224,5
rasa1a_NeuralmbHR-224,5
BX465834.1_NeuralmbHR-224,5
si:ch211-284f22.3_NeuralmbHR-224,5
gtf2ird1_NeuralmbHR-224,5
tmem132e_NeuralmbHR-224,5
ABR_NeuralmbHR-224,5
ebf2_NeuralmbHR-224,5
zbtb20_NeuralmbHR-224,5
ccnf_NeuralmbHR-224,5
sun1_NeuralmbHR-224,5
znf385c_NeuralmbHR-224,5
spop_NeuralmbHR-224,5
kansl1b_NeuralmbHR-224,5
tanc2a_NeuralmbHR-224,5
grin2aa_NeuralmbHR-224,5
rbfox1_NeuralmbHR-224,5
mylpfa_NeuralmbHR-224,3
tnrc6c1_NeuralmbHR-224,5
CU464118.1_NeuralmbHR-224,5
elavl3_NeuralmbHR-224,5
dnm2a_NeuralmbHR-224,5
adgrl1a_NeuralmbHR-224,5
pbx4_NeuralmbHR-224,5
brd4_NeuralmbHR-224,5
olfm2a_NeuralmbHR-224,5
ern1_NeuralmbHR-224,5
cep112_NeuralmbHR-224,5
PLXNA1_NeuralmbHR-224,5
pbx1b_NeuralmbHR-224,5
baz2ba_NeuralmbHR-224,5
agap1_NeuralmbHR-224,5
dock7_NeuralmbHR-224,5
lrp8_NeuralmbHR-224,5
srgap3_NeuralmbHR-224,5
frmd4ba_NeuralmbHR-224,5
tox2_NeuralmbHR-224,5
kmt2cb_NeuralmbHR-224,5
ptprfb_NeuralmbHR-224,5
tox_NeuralmbHR-224,5
tnika_NeuralmbHR-224,5
u2surp_NeuralmbHR-224,5
ctnnd2b_NeuralmbHR-224,5
b4galt2_NeuralmbHR-224,5
carmil3_NeuralmbHR-224,5
spsb4a_NeuralmbHR-224,5
hs6st1a_NeuralmbHR-224,5
zgc:110158_NeuralmbHR-224,5
cadm3_NeuralmbHR-224,5
pard3ba_NeuralmbHR-224,5
grin2ab_NeuralmbHR-224,5
ttyh3b_NeuralmbHR-224,5
tusc3_NeuralmbHR-224,5
adgrl3.1_NeuralmbHR-224,5
fbxw7_NeuralmbHR-224,5
tet2_NeuralmbHR-224,5
si:ch1073-440b2.1_NeuralmbHR-224,5
rims1b_NeuralmbHR-224,5
znf827_NeuralmbHR-224,5
dclk2a_NeuralmbHR-224,5
gpm6ab_NeuralmbHR-224,5
maml3_NeuralmbHR-224,5
si:dkey-28b4.8_NeuralmbHR-224,5
neurl1aa_NeuralmbHR-224,5
myo10l3_NeuralmbHR-224,5
RAPH1_NeuralmbHR-224,5
nrp2b_NeuralmbHR-224,5
epha3_NeuralmbHR-224,5
mycbp2_NeuralmbHR-224,5
tsc22d1_NeuralmbHR-224,5
igsf3_NeuralmbHR-224,5
man1a2_NeuralmbHR-224,5
zeb2a_NeuralmbHR-224,5
creb1b_NeuralmbHR-224,5
il1rapl1a_NeuralmbHR-224,5
tbc1d4_NeuralmbHR-224,5
erbb4b_NeuralmbHR-224,5
pcbp3_NeuralmbHR-224,5
adarb1b_NeuralmbHR-224,5
hdac4_NeuralmbHR-224,5
mid1_NeuralmbHR-224,5
arhgef2_NeuralmbHR-224,5
ephb6_NeuralmbHR-224,5
grin2db_NeuralmbHR-224,5
fhod3b_NeuralmbHR-224,5
efna3b_NeuralmbHR-224,5
prss1_NeuralmbHR-224,4
pnisr_NeuralmbHR-224,5
stt3b_NeuralmbHR-224,5
rbms3_NeuralmbHR-224,5
cspg5a_NeuralmbHR-224,5
adam22_NeuralmbHR-224,5
ext1a_NeuralmbHR-224,5
ube2e2_NeuralmbHR-224,5
ubr5_NeuralmbHR-224,5
arid1b_NeuralmbHR-224,5
ylpm1_NeuralmbHR-224,5
cdh2_NeuralmbHR-224,5
bach2b_NeuralmbHR-224,5
dpf3_NeuralmbHR-224,5
actc1a_NeuralmbHR-224,5
sox11b_NeuralmbHR-224,5
myt1la_NeuralmbHR-224,5
foxo3b_NeuralmbHR-224,5
nbas_NeuralmbHR-224,5
fam49a_NeuralmbHR-224,5
slc30a2_NeuralmbHR-224,5
si:ch211-243j20.2_NeuralmbHR-224,5
BX511178.2_NeuralmbHR-224,5
nkain2_NeuralmbHR-224,5
dcbld1_NeuralmbHR-224,5
atad2b_NeuralmbHR-224,5
ipo13_NeuralmbHR-224,5
fam102aa_NeuralmbHR-224,5
plxnb3_NeuralmbHR-224,5
plxna3_NeuralmbHR-224,5
kcnd1_NeuralmbHR-224,5
tbc1d22b_NeuralmbHR-224,5
med27_NeuralmbHR-224,5
abl2_NeuralmbHR-224,5
bcar3_NeuralmbHR-224,5
faf1_NeuralmbHR-224,5
prkcz_NeuralmbHR-224,5
slc44a5b_NeuralmbHR-224,5
nphp4_NeuralmbHR-224,5
ipo11_NeuralmbHR-224,5
pbx3b_NeuralmbHR-224,5
msi1_NeuralmbHR-224,5
rassf2a_NeuralmbHR-224,5
si:ch211-263k4.2_NeuralmbHR-224,5
si:ch211-185a18.2_NeuralmbHR-224,5
nrxn3a_NeuralmbHR-224,5
ush2a_NeuralmbHR-224,4
eml1_NeuralmbHR-224,5
prox1a_NeuralmbHR-224,5
kidins220a_NeuralmbHR-224,5
kif26ab_NeuralmbHR-224,5
spock1_NeuralmbHR-224,5
npm1b_NeuralmbHR-224,5
nexmifb_NeuralmbHR-224,5
enox2_NeuralmbHR-224,5
pcdh11.1_NeuralmbHR-224,5
TENM2_NeuralmbHR-224,5
ebf3a_NeuralmbHR-224,5
rnf130_NeuralmbHR-224,5
pcdh1b_NeuralmbHR-224,5
CR383676.2_NeuralmbHR-224,5
CR383676.3_NeuralmbHR-224,5
rapgef2_NeuralmbHR-224,5
unc5a_NeuralmbHR-224,5
sufu_NeuralmbHR-224,4
atrn_NeuralmbHR-224,5
klc1a_NeuralmbHR-224,5
zgc:110045.1_NeuralmbHR-224,5
kcnma1a_NeuralmbHR-224,5
galnt2_NeuralmbHR-224,5
acta1b_NeuralmbHR-224,5
bcl11aa_NeuralmbHR-224,1
unc5b_NeuralmbHR-224,5
macrod2_NeuralmbHR-224,5
ppp2r5eb_NeuralmbHR-224,5
rsrp1_NeuralmbHR-224,5
FOXN2_NeuralmbHR-224,5
fam168a_NeuralmbHR-224,5
pak1_NeuralmbHR-224,5
shank3a_NeuralmbHR-224,5
FRMD4A_NeuralmbHR-224,5
si:ch211-1e14.1_NeuralmbHR-224,5
hipk2_NeuralmbHR-224,5
si:ch211-216l23.2_NeuralmbHR-224,5
gnao1a_NeuralmbHR-224,5
si:ch211-13k12.2_NeuralmbHR-224,5
gse1_NeuralmbHR-224,5
sipa1l3_NeuralmbHR-224,5
nectin1b_NeuralmbHR-224,5
arid5b_NeuralmbHR-224,5
exoc6_NeuralmbHR-224,5
foxn2b_NeuralmbHR-224,5
arhgap12b_NeuralmbHR-224,5
znf438_NeuralmbHR-224,5
atrnl1b_NeuralmbHR-224,5
tcf7l2_NeuralmbHR-224,5
bahcc1b_NeuralmbHR-224,5
ndst2b_NeuralmbHR-224,5
ttyh2_NeuralmbHR-224,5
CR847968.1_NeuralmbHR-224,5
ebf3a.1_NeuralmbHR-224,5
fmn2b_NeuralmbHR-224,5
fam126a_NeuralmbHR-224,5
pou2f2a.1_NeuralmbHR-224,5
celf3a_NeuralmbHR-224,5
ldlrad4a_NeuralmbHR-224,5
epb41a_NeuralmbHR-224,5
top2b_NeuralmbHR-224,5
cspg5b_NeuralmbHR-224,5
znf516_NeuralmbHR-224,5
fbxl6_NeuralmbHR-224,5
BX957317.2_NeuralmbHR-224,5
thsd7aa_NeuralmbHR-224,5
phf14_NeuralmbHR-224,5
sfpq_NeuralmbHR-224,5
si:ch211-173p18.3_NeuralmbHR-224,5
cdk6_NeuralmbHR-224,5
tfdp2_NeuralmbHR-224,5
dscamb_NeuralmbHR-224,5
gab2_NeuralmbHR-224,5
tenm4_NeuralmbHR-224,5
dscaml1_NeuralmbHR-224,5
traf4a_NeuralmbHR-224,5
dlc_NeuralmbHR-224,5
MARK4_NeuralmbHR-224,5
sez6b_NeuralmbHR-224,5
blmh_NeuralmbHR-224,5
nova2_NeuralmbHR-224,5
nlk2_NeuralmbHR-224,5
nf1a_NeuralmbHR-224,5
kirrel3l_NeuralmbHR-224,5
aplp1_NeuralmbHR-224,5
myt1b_NeuralmbHR-224,5
prkcbp1l_NeuralmbHR-224,5
plxnb1a_NeuralmbHR-224,5
si:ch211-153a8.4_NeuralmbHR-224,5
nkain4_NeuralmbHR-224,5
dnmt3bb.1_NeuralmbHR-224,5
ephb2a_NeuralmbHR-224,5
agrn_NeuralmbHR-224,5
si:dkey-151g10.3_NeuralmbHR-224,5
plxna2_NeuralmbHR-224,5
tshz2_NeuralmbHR-224,5
si:ch73-290k24.5_NeuralmbHR-224,5
CABZ01086127.1_NeuralmbHR-224,5
onecut2_NeuralmbHR-224,5
ctif_NeuralmbHR-224,5
cdk5rap2_NeuralmbHR-224,5
notch1a_NeuralmbHR-224,5
mapk10_NeuralmbHR-224,5
zgc:162472_NeuralmbHR-224,5
celf4_NeuralmbHR-224,5
bcr_NeuralmbHR-224,5
tnksa_NeuralmbHR-224,5
gadd45gb.1_NeuralmbHR-224,4
pcf11_NeuralmbHR-224,5
ncam1a_NeuralmbHR-224,5
cadm1a_NeuralmbHR-224,5
arhgap32b_NeuralmbHR-224,5
nrxn2a_NeuralmbHR-224,5
ebf1b_NeuralmbHR-224,5
dacha_NeuralmbHR-224,5
grk6_NeuralmbHR-224,5
dbn1_NeuralmbHR-224,5
ptprga_NeuralmbHR-224,5
mcf2l2_NeuralmbHR-224,5
rpn2_NeuralmbHR-224,5
qrich1_NeuralmbHR-224,5
dido1_NeuralmbHR-224,5
cdh4_NeuralmbHR-224,5
plekha6_NeuralmbHR-224,5
unm-sa1614_NeuralmbHR-224,5
phf2_NeuralmbHR-224,5
eif4g3a_NeuralmbHR-224,5
ephb2b_NeuralmbHR-224,5
nhsb_NeuralmbHR-224,5
pcdh17_NeuralmbHR-224,5
erc2_NeuralmbHR-224,5
strbp_NeuralmbHR-224,5
erbin_NeuralmbHR-224,5
slc12a2_NeuralmbHR-224,5
tiam1a_NeuralmbHR-224,5
auts2a_NeuralmbHR-224,5
alcama_NeuralmbHR-224,5
crebzf_NeuralmbHR-224,5
robo3_NeuralmbHR-224,5
cux1a_NeuralmbHR-224,5
nbeaa_NeuralmbHR-224,5
si:ch73-215f7.1_NeuralmbHR-224,5
tmem108_NeuralmbHR-224,5
cdv3_NeuralmbHR-224,5
pou6f2_NeuralmbHR-224,5
CT573344.1_NeuralmbHR-224,5
pabpn1_NeuralmbHR-224,5
zgc:112332_NeuralmbHR-224,5
slco5a1a.1_NeuralmbHR-224,5
zfhx4_NeuralmbHR-224,5
pde7a_NeuralmbHR-224,5
dip2ca_NeuralmbHR-224,5
hs6st1b_NeuralmbHR-224,5
smyhc2_NeuralmbHR-224,5
bcor_NeuralmbHR-224,5
ahr1b_NeuralmbHR-224,5
tpm4a_NeuralmbHR-224,5
nfia_NeuralmbHR-224,5
midn_NeuralmbHR-224,1
celf5a_NeuralmbHR-224,5
ssbp4_NeuralmbHR-224,5
gna11a_NeuralmbHR-224,5
pcbp4_NeuralmbHR-224,5
dag1_NeuralmbHR-224,5
znf609a_NeuralmbHR-224,5
CU929451.2_NeuralmbHR-224,5
pax6a_NeuralmbHR-224,5
immp2l_NeuralmbHR-224,5
DOCK4_NeuralmbHR-224,5
fnbp4_NeuralmbHR-224,5
arid3b_NeuralmbHR-224,5
tnnt3b_NeuralProg-59,3
myhz2_NeuralProg-59,3
ak1_NeuralProg-59,3
zgc:194659_NeuralProg-59,4
wnt3a_NeuralProg-59,1
ttn.1_NeuralProg-59,3
ttn.2_NeuralProg-59,3
hsp90aa1.2_NeuralProg-59,1
lpin1_NeuralProg-59,4
smyhc1_NeuralProg-59,4
myhz1.1.1_NeuralProg-59,4
nfia_NeuralProg-59,5
hbp1_NeuralProg-59,4
nat8l_NeuralProg-60,5
tnnt3b_NeuralProg-60,4
hk2_NeuralProg-60,1
myhz2_NeuralProg-60,3
myhz1.1_NeuralProg-60,3
zgc:194659_NeuralProg-60,4
myh9b_NeuralProg-60,5
rplp2_NeuralProg-60,4
nfixa_NeuralProg-60,5
abca1a_NeuralProg-60,4
neb_NeuralProg-60,3
ttn.1_NeuralProg-60,3
ttn.2_NeuralProg-60,3
nr1d2a_NeuralProg-60,6
trabd2b_NeuralProg-60,5
mknk2b_NeuralProg-60,4
lpin1_NeuralProg-60,4
rsrp1_NeuralProg-60,5
atp2a1l_NeuralProg-60,4
tefa_NeuralProg-60,4
ulk2_NeuralProg-60,1
gadd45gb.1_NeuralProg-60,5
slc12a2_NeuralProg-60,5
zanl_NeuralProg-61,6
tpma_NeuralProg-61,3
zgc:112160_NeuralProg-61,4
rps17_NeuralProg-61,4
ypel1_NeuralProg-61,3
myhz1.3_NeuralProg-61,3
myhz1.2_NeuralProg-61,3
myhz1.1_NeuralProg-61,3
zgc:194659_NeuralProg-61,4
rbfox1_NeuralProg-61,5
vdrb_NeuralProg-61,2
rps26l_NeuralProg-61,4
amy2a_NeuralProg-61,4
fn1b_NeuralProg-61,2
nfixa_NeuralProg-61,5
crygm2d21_NeuralProg-61,3
ttn.1_NeuralProg-61,3
icn_NeuralProg-61,6
cadm4_NeuralProg-61,5
satb1b_NeuralProg-61,5
rpl28_NeuralProg-61,4
sesn1_NeuralProg-61,4
fabp1b.1_NeuralProg-61,3
fabp7a_NeuralProg-61,6
nrxn3a_NeuralProg-61,5
bcl11ba_NeuralProg-61,5
lpin1_NeuralProg-61,6
aff2_NeuralProg-61,5
ebf3a_NeuralProg-61,5
acta1b_NeuralProg-61,5
bcl11aa_NeuralProg-61,5
mylpfb_NeuralProg-61,3
rbfox3a_NeuralProg-61,5
ebf3a.1_NeuralProg-61,5
ptprua_NeuralProg-61,1
gabbr2_NeuralProg-61,6
nme2b.2_NeuralProg-61,3
foxo1a_NeuralProg-61,6
ulk2_NeuralProg-61,1
sez6b_NeuralProg-61,5
tnnc2_NeuralProg-61,3
epdl2_NeuralProg-61,6
ebf1b_NeuralProg-61,5
slc6a1b_NeuralProg-61,5
pknox2_NeuralProg-61,5
celf5a_NeuralProg-61,5
hbp1_NeuralProg-61,4
myhz1.3_NeurDienGa-180,3
sst1.2_NeurEndocr-98,4
sst1.1_NeurEndocr-98,6
kcnd2_NeurGlutpr-153,5
ctrb1_NeurGlutpr-153,4
myhz1.3_NeurGlutpr-153,3
ckma_NeurGlutpr-153,3
fkbp5_NeurGlutpr-153,4
ttn.1_NeurGlutpr-153,3
ttn.2_NeurGlutpr-153,3
prss1_NeurGlutpr-153,4
si:dkey-205h13.1_NeurGlutpr-153,2
rps23_NeurGlutpr-153,4
pou6f2_NeurGlutpr-153,5
mt-co1_NeurGlutpr-153,4
mt-co2_NeurGlutpr-153,4
mt-atp6_NeurGlutpr-153,6
mt-co3_NeurGlutpr-153,6
mt-nd4_NeurGlutpr-153,6
mt-cyb_NeurGlutpr-153,6
BX005417.1_NeurMHProg-13,6
myhz2_NeurMHProg-13,2
myhz1.3_NeurMHProg-13,3
atp2a1_NeurMHProg-13,3
mylpfa_NeurMHProg-13,4
rhcgl1_NeurMHProg-13,1
mylz3_NeurMHProg-13,3
ucp1_NeurMHProg-13,6
ttn.1_NeurMHProg-13,3
ttn.2_NeurMHProg-13,3
apoa4b.2_NeurMHProg-13,5
prss1_NeurMHProg-13,4
hsp90aa1.2_NeurMHProg-13,1
ctsl.1_NeurMHProg-13,3
mdga2a_NeurMHProg-13,1
lpin1_NeurMHProg-13,6
dcdc2b_NeurMHProg-13,5
atp2a1l_NeurMHProg-13,4
mbpa_NeurMHProg-13,4
myhz1.1.1_NeurMHProg-13,3
cela1.6_NeurMHProg-13,4
myhz1.1_NeurohypPP-75,4
histh1l_NeuronGlut-156,4
igfbp1b_NeuronGlut-156,4
apoda.2_NeuronGlut-156,4
neb_NeuronGlut-156,3
ttn.2_NeuronGlut-156,3
apoa4b.2_NeuronGlut-156,5
lpin1_NeuronGlut-156,6
CR383676.3_NeuronGlut-156,5
atp2a1l_NeuronGlut-156,3
apoa4a_NeuronGlut-156,5
myhz1.1.1_NeuronGlut-156,4
zgc:112160_NeuronGlut-158,4
myom1b_NeuronGlut-158,3
tcnba_NeuronGlut-158,6
myhz1.3_NeuronGlut-158,3
myhz1.2_NeuronGlut-158,3
myhz1.1_NeuronGlut-158,3
ak1_NeuronGlut-158,3
si:ch73-367p23.2_NeuronGlut-158,3
fkbp5_NeuronGlut-158,6
mybphb_NeuronGlut-158,3
amy2a_NeuronGlut-158,4
agxtb_NeuronGlut-158,4
apoda.2_NeuronGlut-158,4
ucp1_NeuronGlut-158,4
neb_NeuronGlut-158,3
ttn.1_NeuronGlut-158,3
ttn.2_NeuronGlut-158,3
apoa4b.2_NeuronGlut-158,3
fosab_NeuronGlut-158,6
ctsl.1_NeuronGlut-158,3
lpin1_NeuronGlut-158,4
zgc:92137_NeuronGlut-158,4
pde10a_NeuronGlut-158,1
acta1b_NeuronGlut-158,3
fosb_NeuronGlut-158,4
atp2a1l_NeuronGlut-158,3
pdk2b_NeuronGlut-158,4
apoa4a_NeuronGlut-158,5
foxo1a_NeuronGlut-158,6
sst1.1_NeuronGlut-158,3
CABZ01056843.1_NeuronGlut-158,1
eno3_NeuronGlut-158,3
actn3a_NeuronGlut-158,3
ppm1e_NeuronGlut-158,1
cpb1_NeuronGlut-158,4
btg2_NeuronGlut-158,6
lpl_NeuronGlut-158,4
ccnd2a_NeuronGlut-158,3
myhz1.3_NeuronGlut-160,5
myhz1.2_NeuronGlut-160,3
ttn.1_NeuronGlut-160,3
myhz1.2_NeuronGlut-164,3
myhz1.1_NeuronGlut-164,3
ttn.2_NeuronGlut-164,3
slc12a10.2_NeuronGlut-168,1
myhz2_NeuronGlut-168,4
ttn.2_NeuronGlut-168,3
pvalb9_NeuronGlut-168,5
nme2b.2_NeuronGlut-168,4
slc4a4b_NeuronGlut-168,1
myhz1.1_NeuronGlut-177,3
amy2a_NeuronGlut-177,4
myhz1.2_NeuronGlut-178,3
myhz1.1_NeuronGlut-178,3
ttn.1_NeuronGlut-178,3
ttn.2_NeuronGlut-178,3
BX005417.1_NeuronUnkn-154,3
slc12a10.2_NeuronUnkn-154,1
ckma_NeuronUnkn-154,3
CU693494.2_NeuronUnkn-154,4
apoda.2_NeuronUnkn-154,4
mylz3_NeuronUnkn-154,3
neb_NeuronUnkn-154,3
ttn.1_NeuronUnkn-154,3
ttn.2_NeuronUnkn-154,3
apoa4b.2_NeuronUnkn-154,5
nmu_NeuronUnkn-154,3
hsp90aa1.2_NeuronUnkn-154,1
nppal_NeuronUnkn-154,5
pabpc4_NeuronUnkn-154,3
pde10a_NeuronUnkn-154,6
slc24a3_NeuronUnkn-154,1
vip_NeuronUnkn-154,4
fosb_NeuronUnkn-154,1
nme2b.2_NeuronUnkn-154,3
ckmb_NeuronUnkn-154,4
slc4a4b_NeuronUnkn-154,5
pax7a_NeuronUnkn-154,4
smyhc2_NeuronUnkn-154,1
cpa5_NeuronUnkn-154,4
th_NeuronUnkn-154,6
ctrb1_NeuronUnkn-56,4
lpin1_NeuronUnkn-56,6
slc38a2_NeurProbBr-219,4
mapk11_NeurProbBr-219,5
nfyba_NeurProbBr-219,5
ELAPOR2_NeurProbBr-219,5
braf_NeurProbBr-219,5
cnot4b_NeurProbBr-219,5
cand1_NeurProbBr-219,4
plxnb2a.1_NeurProbBr-219,5
etnk1_NeurProbBr-219,5
recql_NeurProbBr-219,5
ndufb2_NeurProbBr-219,4
tafa5a_NeurProbBr-219,5
si:ch211-209n20.3_NeurProbBr-219,5
supt16h_NeurProbBr-219,5
efl1_NeurProbBr-219,5
zdhhc13_NeurProbBr-219,5
dbx1a_NeurProbBr-219,5
mllt3_NeurProbBr-219,5
gigyf1a_NeurProbBr-219,5
si:ch211-200p22.4_NeurProbBr-219,5
rab39bb_NeurProbBr-219,4
acin1b_NeurProbBr-219,5
caprin1a_NeurProbBr-219,5
nucb2a_NeurProbBr-219,5
tln2a_NeurProbBr-219,5
mindy2_NeurProbBr-219,5
casc4_NeurProbBr-219,5
coro2ba_NeurProbBr-219,5
dgkza_NeurProbBr-219,3
MAF1_NeurProbBr-219,5
vps35_NeurProbBr-219,4
dnaja2a_NeurProbBr-219,4
dync1li2_NeurProbBr-219,5
si:ch211-260e23.9_NeurProbBr-219,2
si:ch211-186j3.6_NeurProbBr-219,5
lingo1b_NeurProbBr-219,4
b4galnt4b_NeurProbBr-219,5
ppip5k1a_NeurProbBr-219,5
larp7_NeurProbBr-219,5
arntl1b_NeurProbBr-219,2
tspan5a_NeurProbBr-219,4
rph3ab_NeurProbBr-219,5
golga2_NeurProbBr-219,4
RAB35_NeurProbBr-219,5
ggnbp2_NeurProbBr-219,5
CABZ01037298.1_NeurProbBr-219,5
UNC5C_NeurProbBr-219,5
fbxo21_NeurProbBr-219,4
nos1_NeurProbBr-219,5
sdf2l1_NeurProbBr-219,5
hira_NeurProbBr-219,2
zc4h2_NeurProbBr-219,5
zc3h12b_NeurProbBr-219,5
atrxl_NeurProbBr-219,5
stag2a_NeurProbBr-219,5
OSBP2_NeurProbBr-219,5
rorb_NeurProbBr-219,5
cemip2_NeurProbBr-219,5
zgc:110329_NeurProbBr-219,5
usf1l_NeurProbBr-219,4
atp2a3_NeurProbBr-219,5
ophn1_NeurProbBr-219,5
klhl13_NeurProbBr-219,4
panx1b_NeurProbBr-219,5
tmem161b_NeurProbBr-219,5
slf1_NeurProbBr-219,5
sat2b_NeurProbBr-219,5
srek1_NeurProbBr-219,2
mks1_NeurProbBr-219,5
fer_NeurProbBr-219,5
castor2_NeurProbBr-219,5
pho_NeurProbBr-219,2
si:ch73-376l24.3_NeurProbBr-219,5
stip1_NeurProbBr-219,4
ephb4a_NeurProbBr-219,5
mapkapk5_NeurProbBr-219,5
CABZ01075572.1_NeurProbBr-219,5
si:dkey-46g23.1_NeurProbBr-219,5
tlcd4b_NeurProbBr-219,5
kctd13_NeurProbBr-219,5
tmem104_NeurProbBr-219,5
clcn7_NeurProbBr-219,5
arhgdig_NeurProbBr-219,5
lin7b_NeurProbBr-219,5
si:dkey-16p21.7_NeurProbBr-219,5
srrm2_NeurProbBr-219,5
fus_NeurProbBr-219,5
rarab_NeurProbBr-219,5
carm1_NeurProbBr-219,5
nsfa_NeurProbBr-219,4
smarce1_NeurProbBr-219,4
nmt1a_NeurProbBr-219,5
cacna1ha_NeurProbBr-219,5
AL928657.1_NeurProbBr-219,4
fscn1a_NeurProbBr-219,5
zfand2a_NeurProbBr-219,5
usp31_NeurProbBr-219,5
dnajb1a_NeurProbBr-219,5
prkacaa_NeurProbBr-219,4
tex2_NeurProbBr-219,5
cdr2a_NeurProbBr-219,5
unm-sa1261_NeurProbBr-219,5
luc7l3_NeurProbBr-219,5
BX470259.2_NeurProbBr-219,5
CU693471.1_NeurProbBr-219,4
si:dkey-34m19.3_NeurProbBr-219,5
cycsb_NeurProbBr-219,4
nck2b_NeurProbBr-219,4
znf207b_NeurProbBr-219,5
grb2a_NeurProbBr-219,5
stx8_NeurProbBr-219,4
tns1a_NeurProbBr-219,4
ppp1r12c_NeurProbBr-219,5
lhfpl4a_NeurProbBr-219,5
si:ch73-389b16.2_NeurProbBr-219,5
ryk_NeurProbBr-219,2
adcyap1r1a_NeurProbBr-219,5
brinp3a.1_NeurProbBr-219,5
smarcc2_NeurProbBr-219,5
sema3fa_NeurProbBr-219,5
lrrn1_NeurProbBr-219,5
ca16b_NeurProbBr-219,5
eif2s2_NeurProbBr-219,4
si:ch211-239j9.1_NeurProbBr-219,5
pcif1_NeurProbBr-219,5
ddit3_NeurProbBr-219,5
cables1_NeurProbBr-219,5
ACAP2_NeurProbBr-219,5
ephb3a_NeurProbBr-219,5
pfn2l_NeurProbBr-219,5
kdsr_NeurProbBr-219,5
cnn3b_NeurProbBr-219,5
tpra_NeurProbBr-219,5
bmi1b_NeurProbBr-219,4
ctdsplb_NeurProbBr-219,5
rnf2_NeurProbBr-219,5
oxsr1a_NeurProbBr-219,5
asph_NeurProbBr-219,4
en2b_NeurProbBr-219,5
atp6v1h_NeurProbBr-219,5
ubtfl_NeurProbBr-219,2
tnr_NeurProbBr-219,4
rasal2_NeurProbBr-219,2
ccnl1b_NeurProbBr-219,5
epc1b_NeurProbBr-219,4
zeb1a_NeurProbBr-219,5
yeats2_NeurProbBr-219,5
cdc34b_NeurProbBr-219,4
sema6ba_NeurProbBr-219,5
cul1a_NeurProbBr-219,5
acvr2bb_NeurProbBr-219,5
calr3b_NeurProbBr-219,5
onecut3b_NeurProbBr-219,5
plekhj1_NeurProbBr-219,5
si:ch211-132g1.3_NeurProbBr-219,5
farp1_NeurProbBr-219,5
ube2f_NeurProbBr-219,5
si:dkeyp-9d4.3_NeurProbBr-219,5
pax5_NeurProbBr-219,5
anp32b_NeurProbBr-219,5
psip1a_NeurProbBr-219,4
si:dkey-1h24.2_NeurProbBr-219,5
anos1a_NeurProbBr-219,4
creb1a_NeurProbBr-219,4
lrpap1_NeurProbBr-219,5
dtx4b_NeurProbBr-219,5
si:dkey-28b4.8_NeurProbBr-219,4
kdm2aa_NeurProbBr-219,6
EVI5L_NeurProbBr-219,5
tubgcp3_NeurProbBr-219,5
papss1_NeurProbBr-219,5
dip2a_NeurProbBr-219,5
u2af1_NeurProbBr-219,4
C1H3orf70.1_NeurProbBr-219,5
si:ch211-67e16.4_NeurProbBr-219,4
vwa8_NeurProbBr-219,2
dnajc15_NeurProbBr-219,5
pknox1.1_NeurProbBr-219,5
si:dkey-91i10.2_NeurProbBr-219,4
kif5c_NeurProbBr-219,5
ccnt2a_NeurProbBr-219,5
tmeff2a_NeurProbBr-219,5
tmtc4_NeurProbBr-219,5
lrp1bb_NeurProbBr-219,5
ralba_NeurProbBr-219,5
pdia5_NeurProbBr-219,5
cx43.4_NeurProbBr-219,5
ascc3_NeurProbBr-219,5
ulk4_NeurProbBr-219,5
ephb6_NeurProbBr-219,4
epn1_NeurProbBr-219,5
cacng8b_NeurProbBr-219,5
grin2db_NeurProbBr-219,5
fdps_NeurProbBr-219,5
iffo1b_NeurProbBr-219,4
trim46a_NeurProbBr-219,5
apoa4b.2_NeurProbBr-219,5
dync1i1_NeurProbBr-219,6
dtnbp1a_NeurProbBr-219,5
cct3_NeurProbBr-219,5
scrt1b_NeurProbBr-219,5
si:ch73-215d9.1_NeurProbBr-219,5
slc4a7_NeurProbBr-219,4
CR854827.3_NeurProbBr-219,5
sept7b_NeurProbBr-219,4
ago1_NeurProbBr-219,5
grinab_NeurProbBr-219,5
fynb_NeurProbBr-219,5
myo6a_NeurProbBr-219,5
rngtt_NeurProbBr-219,5
serpina1l_NeurProbBr-219,5
ints7_NeurProbBr-219,4
fam20b_NeurProbBr-219,5
psmc1b_NeurProbBr-219,5
pinx1_NeurProbBr-219,5
ppp2r5ea_NeurProbBr-219,5
clocka_NeurProbBr-219,5
scfd2_NeurProbBr-219,4
exoc1_NeurProbBr-219,5
exoc2_NeurProbBr-219,5
id2b_NeurProbBr-219,5
smek1_NeurProbBr-219,4
atf6_NeurProbBr-219,5
swt1_NeurProbBr-219,5
tnfrsf21_NeurProbBr-219,5
ehd3_NeurProbBr-219,4
coq8aa_NeurProbBr-219,4
ift172_NeurProbBr-219,4
gpcpd1_NeurProbBr-219,5
GPATCH2_NeurProbBr-219,2
cdc14b_NeurProbBr-219,5
igsf9b_NeurProbBr-219,2
cdk16_NeurProbBr-219,5
rapgef1a_NeurProbBr-219,5
dedd_NeurProbBr-219,5
rhoaa_NeurProbBr-219,5
abl2_NeurProbBr-219,5
ercc8_NeurProbBr-219,5
rnf220b_NeurProbBr-219,5
fsd1_NeurProbBr-219,2
sypa_NeurProbBr-219,2
ythdf1_NeurProbBr-219,5
sort1b_NeurProbBr-219,5
ampd2b_NeurProbBr-219,5
specc1la_NeurProbBr-219,4
C8H5orf51_NeurProbBr-219,5
ralgps1_NeurProbBr-219,5
gapvd1_NeurProbBr-219,2
sypb_NeurProbBr-219,5
b2ml_NeurProbBr-219,5
si:dkey-32e23.4_NeurProbBr-219,5
DISP3_NeurProbBr-219,5
xkr6a_NeurProbBr-219,5
mapkbp1_NeurProbBr-219,5
psma3_NeurProbBr-219,5
smyd3_NeurProbBr-219,4
styx_NeurProbBr-219,4
kif13ba_NeurProbBr-219,5
setd3_NeurProbBr-219,5
sorcs3b_NeurProbBr-219,5
CU104709.1_NeurProbBr-219,4
map4k3b_NeurProbBr-219,2
clic4_NeurProbBr-219,4
kctd3_NeurProbBr-219,5
ush2a_NeurProbBr-219,5
esrrga_NeurProbBr-219,5
id2a_NeurProbBr-219,4
hadhab_NeurProbBr-219,4
aqr_NeurProbBr-219,5
CABZ01078350.1_NeurProbBr-219,5
cxxc5b_NeurProbBr-219,4
purab_NeurProbBr-219,5
si:dkeyp-115e12.6_NeurProbBr-219,4
hdac3_NeurProbBr-219,5
ergic1_NeurProbBr-219,5
selenot2_NeurProbBr-219,5
rnf20_NeurProbBr-219,5
reep2_NeurProbBr-219,5
klhl4_NeurProbBr-219,5
ubl3b_NeurProbBr-219,4
ints6l_NeurProbBr-219,5
si:ch211-69b22.5_NeurProbBr-219,4
BX511142.1_NeurProbBr-219,5
zdhhc9_NeurProbBr-219,5
fbxo38_NeurProbBr-219,5
zgc:153018_NeurProbBr-219,5
prom1a_NeurProbBr-219,4
tnfaip3_NeurProbBr-219,5
pkdcca_NeurProbBr-219,4
ubr2_NeurProbBr-219,4
psap_NeurProbBr-219,5
phf10_NeurProbBr-219,5
macroh2a2_NeurProbBr-219,5
calm2a_NeurProbBr-219,5
si:dkey-33c12.4_NeurProbBr-219,5
camkmt_NeurProbBr-219,5
letm1_NeurProbBr-219,5
ikzf1_NeurProbBr-219,5
dlg5a_NeurProbBr-219,5
fam204a_NeurProbBr-219,5
rgs17_NeurProbBr-219,5
scdb_NeurProbBr-219,5
ercc6_NeurProbBr-219,5
pcnx4_NeurProbBr-219,5
wdr35_NeurProbBr-219,5
map3k4_NeurProbBr-219,2
anapc1_NeurProbBr-219,5
CU627988.1_NeurProbBr-219,5
lsm14ab_NeurProbBr-219,4
pdcd10a_NeurProbBr-219,5
shank3a_NeurProbBr-219,2
mapk8ip2_NeurProbBr-219,4
tspan9a_NeurProbBr-219,5
tmtc2b_NeurProbBr-219,4
ube2na_NeurProbBr-219,5
tango6_NeurProbBr-219,5
megf11_NeurProbBr-219,5
necab2_NeurProbBr-219,5
fan1_NeurProbBr-219,5
cbfb_NeurProbBr-219,4
BX569787.1_NeurProbBr-219,5
rgma_NeurProbBr-219,5
spon1a_NeurProbBr-219,5
plch1_NeurProbBr-219,5
b3gat1a_NeurProbBr-219,2
tbcb_NeurProbBr-219,5
arfgap2_NeurProbBr-219,5
dvl3b_NeurProbBr-219,5
ap2m1b_NeurProbBr-219,5
mprip_NeurProbBr-219,4
fra10ac1_NeurProbBr-219,5
ccdc6b_NeurProbBr-219,4
ank3b_NeurProbBr-219,5
ppp1r9bb_NeurProbBr-219,5
rnls_NeurProbBr-219,5
usp42_NeurProbBr-219,4
ubald1a_NeurProbBr-219,5
srsf2a_NeurProbBr-219,4
sec24c_NeurProbBr-219,5
cox10_NeurProbBr-219,2
sdk2b_NeurProbBr-219,2
dpysl4_NeurProbBr-219,6
scrt1a_NeurProbBr-219,5
si:ch211-133n4.4_NeurProbBr-219,4
jupb_NeurProbBr-219,5
mllt11_NeurProbBr-219,5
rfx5_NeurProbBr-219,5
trim46b_NeurProbBr-219,5
kmt2ba_NeurProbBr-219,2
si:ch211-288g17.3_NeurProbBr-219,5
slc2a3a_NeurProbBr-219,5
znf865_NeurProbBr-219,5
lim2.4_NeurProbBr-219,4
ssr2_NeurProbBr-219,4
stx12_NeurProbBr-219,5
MANEAL_NeurProbBr-219,5
ube2e1_NeurProbBr-219,2
vps52_NeurProbBr-219,5
si:ch211-155k24.9_NeurProbBr-219,4
si:dkey-222b8.1.1_NeurProbBr-219,5
eya3_NeurProbBr-219,5
vars2_NeurProbBr-219,5
atat1_NeurProbBr-219,5
irx4b_NeurProbBr-219,5
hdac1_NeurProbBr-219,5
bag6l_NeurProbBr-219,5
pip4p2_NeurProbBr-219,5
stmn2b_NeurProbBr-219,5
casd1_NeurProbBr-219,5
gatad2b_NeurProbBr-219,5
plekho1a_NeurProbBr-219,5
zgc:123103_NeurProbBr-219,5
nkain1_NeurProbBr-219,2
nup153_NeurProbBr-219,5
tfdp2_NeurProbBr-219,2
get1_NeurProbBr-219,4
egln2_NeurProbBr-219,5
si:ch211-11n16.2_NeurProbBr-219,5
srsf1a_NeurProbBr-219,5
dixdc1a_NeurProbBr-219,5
zgc:77784_NeurProbBr-219,5
med13b_NeurProbBr-219,5
ppp1r14ab_NeurProbBr-219,5
supt5h_NeurProbBr-219,5
tpst1_NeurProbBr-219,4
scn3b_NeurProbBr-219,4
tlcd5a_NeurProbBr-219,5
usp32_NeurProbBr-219,6
ywhae1_NeurProbBr-219,5
gosr1_NeurProbBr-219,5
mnta_NeurProbBr-219,5
tlcd2_NeurProbBr-219,5
sarm1_NeurProbBr-219,5
clip3_NeurProbBr-219,5
CR848812.1_NeurProbBr-219,4
vezf1b_NeurProbBr-219,5
gabbr1a_NeurProbBr-219,5
nyap2a_NeurProbBr-219,5
cwf19l2_NeurProbBr-219,4
srsf6a_NeurProbBr-219,5
si:ch211-117c9.5_NeurProbBr-219,5
prpf6_NeurProbBr-219,2
tm9sf4_NeurProbBr-219,5
foxp1a_NeurProbBr-219,5
eif4e3_NeurProbBr-219,5
rybpa_NeurProbBr-219,5
samd10b_NeurProbBr-219,5
ndrg3b_NeurProbBr-219,5
znf362b_NeurProbBr-219,5
ephb2a_NeurProbBr-219,5
rca2.1_NeurProbBr-219,5
RSBN1_NeurProbBr-219,5
neurod4_NeurProbBr-219,5
ube4b_NeurProbBr-219,4
osbpl2a_NeurProbBr-219,5
hmgn3_NeurProbBr-219,5
cbx5_NeurProbBr-219,4
tspan31_NeurProbBr-219,5
fyco1a_NeurProbBr-219,4
G3BP2_NeurProbBr-219,5
ENSDARG00000098990_NeurProbBr-219,4
cdk5rap2_NeurProbBr-219,5
ccng2_NeurProbBr-219,4
znf532_NeurProbBr-219,4
ptpra_NeurProbBr-219,5
atp2a2b_NeurProbBr-219,5
supt6h_NeurProbBr-219,5
ppp1r14ba_NeurProbBr-219,5
otub1a_NeurProbBr-219,5
si:ch73-42p12.2_NeurProbBr-219,5
wwc1_NeurProbBr-219,5
grk6_NeurProbBr-219,2
ccdc82_NeurProbBr-219,5
tmlhe_NeurProbBr-219,5
vdac1_NeurProbBr-219,4
hnrnpa1a_NeurProbBr-219,2
znf740a_NeurProbBr-219,5
cpne5b_NeurProbBr-219,5
abcc10_NeurProbBr-219,4
cadpsa_NeurProbBr-219,5
foxp4_NeurProbBr-219,5
si:ch211-86h15.1_NeurProbBr-219,5
maf1_NeurProbBr-219,5
adipor1a_NeurProbBr-219,4
skib_NeurProbBr-219,4
arhgef10la_NeurProbBr-219,5
egln1b_NeurProbBr-219,5
diaph3_NeurProbBr-219,5
spoplb_NeurProbBr-219,5
xxylt1_NeurProbBr-219,5
slc38a3a_NeurProbBr-219,4
nfya_NeurProbBr-219,2
strn_NeurProbBr-219,5
epb41l4a_NeurProbBr-219,2
pitpnb_NeurProbBr-219,5
hsdl2_NeurProbBr-219,5
CT990561.1_NeurProbBr-219,5
lmnb1_NeurProbBr-219,5
isoc1_NeurProbBr-219,5
GNAZ_NeurProbBr-219,5
ppp2r2ab_NeurProbBr-219,5
rnasekb_NeurProbBr-219,5
slc25a1a_NeurProbBr-219,5
synj1_NeurProbBr-219,5
fgf13b_NeurProbBr-219,5
robo3_NeurProbBr-219,5
ska2_NeurProbBr-219,5
uspl1_NeurProbBr-219,5
phf12a_NeurProbBr-219,4
si:ch73-1a9.3_NeurProbBr-219,4
gpat4_NeurProbBr-219,5
actr1_NeurProbBr-219,4
sept5b_NeurProbBr-219,5
cul2_NeurProbBr-219,5
fars2_NeurProbBr-219,5
abi1a_NeurProbBr-219,4
gnal_NeurProbBr-219,5
tgif1_NeurProbBr-219,5
tram1_NeurProbBr-219,4
pdia4_NeurProbBr-219,5
CU638714.1_NeurProbBr-219,5
gars1_NeurProbBr-219,5
dap_NeurProbBr-219,4
zc2hc1a_NeurProbBr-219,2
map7d2b_NeurProbBr-219,5
larp4b_NeurProbBr-219,5
FP085414.2_NeurProbBr-219,2
dtna_NeurProbBr-219,5
pak1ip1_NeurProbBr-219,5
zgc:114120_NeurProbBr-219,5
dcun1d3_NeurProbBr-219,5
gpx4a_NeurProbBr-219,5
gatad2ab_NeurProbBr-219,5
micos13_NeurProbBr-219,5
tmem59l_NeurProbBr-219,5
gna11a_NeurProbBr-219,5
senp7b_NeurProbBr-219,5
smc3_NeurProbBr-219,5
si:dkey-286j15.1_NeurProbBr-219,6
dock3_NeurProbBr-219,4
rfx7b_NeurProbBr-219,4
parvb_NeurProbBr-219,5
nuak1b_NeurProbBr-219,4
mpped2_NeurProbBr-219,6
arntl1a_NeurProbBr-219,2
tmtc3_NeurProbBr-219,5
si:dkey-217l24.1_NeurProbBr-219,5
osbpl5_NeurProbBr-219,5
cpt1ab_NeurProbBr-219,5
ctdspl2a_NeurProbBr-219,5
tmem266_NeurProbBr-219,5
gas2a_NeurProbBr-219,5
myhz1.1_NeuTelonOB-151,3
smyhc2_NeuTelonOB-151,5
GALNTL6_Neutrophil-223,5
im:7142702_Neutrophil-223,5
myhz2_NGluRetOli-152,5
myhz1.2_NGluRetOli-152,3
myhz1.1_NGluRetOli-152,3
ckma_NGluRetOli-152,3
FQ378016.1_NGluRetOli-152,5
mylz3_NGluRetOli-152,3
neb_NGluRetOli-152,3
ttn.1_NGluRetOli-152,3
ttn.2_NGluRetOli-152,3
hsp90aa1.2_NGluRetOli-152,1
CT027638.1_NGluRetOli-152,1
cpne5a_NGluRetOli-152,5
tnni2a.4_NGluRetOli-152,3
si:dkeyp-4c4.1_NosePeride-27,5
si:dkey-27n6.4_NosePeride-27,5
CR926130.2_NosePeride-27,4
rplp2l_NosePeride-27,6
rhcga_NosePeride-27,6
kdm6ba_NosePeride-27,6
rps13_NosePeride-27,6
pde3b_NosePeride-27,6
zgc:136461_NosePeride-27,4
ctrb1_NosePeride-27,4
creb3l1_NosePeride-27,6
tnnt3b_NosePeride-27,3
camk2d1_NosePeride-27,3
rplp0_NosePeride-27,6
AL954191.2_NosePeride-27,6
rpl36a_NosePeride-27,6
zfand5a_NosePeride-27,6
myhz1.3_NosePeride-27,4
myhz1.2_NosePeride-27,3
rasgef1ba_NosePeride-27,6
rps2_NosePeride-27,6
rps15a_NosePeride-27,6
tmc5_NosePeride-27,4
rpl27_NosePeride-27,6
rpl23_NosePeride-27,6
sec23b_NosePeride-27,6
rpsa_NosePeride-27,6
hdlbpa_NosePeride-27,1
vdrb_NosePeride-27,4
krt4_NosePeride-27,6
rplp2_NosePeride-27,6
rps26l_NosePeride-27,6
tead3b_NosePeride-27,5
prelid3b_NosePeride-27,6
egfra_NosePeride-27,1
xpr1b_NosePeride-27,4
csrnp1a_NosePeride-27,6
pde4ca_NosePeride-27,1
rps8a_NosePeride-27,6
uba52_NosePeride-27,6
tmem131l_NosePeride-27,5
CABZ01072532.1_NosePeride-27,6
zgc:111983_NosePeride-27,3
lef1_NosePeride-27,1
abca1a_NosePeride-27,4
dnajb1b_NosePeride-27,1
nr1i2_NosePeride-27,6
ttn.1_NosePeride-27,3
ttn.2_NosePeride-27,3
ednrbb_NosePeride-27,4
tuft1a_NosePeride-27,6
rps19_NosePeride-27,6
prss59.1_NosePeride-27,4
prss59.2_NosePeride-27,3
nr4a3_NosePeride-27,6
mef2d_NosePeride-27,6
tent5ba_NosePeride-27,1
prkchb_NosePeride-27,6
gmds_NosePeride-27,1
si:dkey-7c18.24_NosePeride-27,1
hsp90ab1_NosePeride-27,6
hsp90aa1.2_NosePeride-27,5
faua_NosePeride-27,6
CR759968.2_NosePeride-27,4
rab11fip1a_NosePeride-27,6
actc1b_NosePeride-27,3
bcl11ba_NosePeride-27,5
zgc:92242_NosePeride-27,6
selenot2_NosePeride-27,6
si:dkey-74k8.3_NosePeride-27,5
nocta_NosePeride-27,6
march8_NosePeride-27,3
smap1_NosePeride-27,1
si:dkey-221j11.3_NosePeride-27,6
tiparp_NosePeride-27,6
si:dkey-239b22.1_NosePeride-27,5
rplp1_NosePeride-27,6
cyt1l_NosePeride-27,6
cyt1_NosePeride-27,1
krt91_NosePeride-27,6
rps27.1_NosePeride-27,6
rpl15_NosePeride-27,6
rps18_NosePeride-27,6
jarid2b_NosePeride-27,6
mylipa_NosePeride-27,4
eef1a1l1_NosePeride-27,6
foxo1a_NosePeride-27,6
slc1a5_NosePeride-27,6
BX663520.2_NosePeride-27,1
MARK4_NosePeride-27,1
ksr1b_NosePeride-27,5
ngef_NosePeride-27,4
rpl10_NosePeride-27,6
si:dkey-151g10.6_NosePeride-27,6
ptpn22_NosePeride-27,5
rps12_NosePeride-27,6
dgkaa_NosePeride-27,1
rpl35_NosePeride-27,6
prodha_NosePeride-27,6
rpl17_NosePeride-27,6
klf5l_NosePeride-27,6
cpeb4b_NosePeride-27,6
hspa4a_NosePeride-27,1
mapkapk2a_NosePeride-27,6
rpl22_NosePeride-27,6
zgc:171772_NosePeride-27,6
plpp1a_NosePeride-27,6
hspa8_NosePeride-27,6
foxo1b_NosePeride-27,6
ucp2_NosePeride-27,4
dhrs13a.2_NosePeride-27,6
rps25_NosePeride-27,6
hhla2b.2_NosePeride-27,4
wu:fj05g07_NosePeride-27,2
cela1.6_NosePeride-27,4
krt97_NosePeride-27,6
midn_NosePeride-27,6
dusp5_NosePeride-27,6
rpl32_NosePeride-27,6
RPS17_NosePeride-27,6
prickle1a_NosePeride-27,1
CABZ01080568.1_NosePeride-27,5
mt-atp6_NosePeride-27,4
mt-co3_NosePeride-27,6
mt-nd4_NosePeride-27,6
mt-cyb_NosePeride-27,6
kcnd2_NucErythHM-232,5
celf2_NucErythHM-232,5
igdcc3_NucErythHM-232,5
myhz2_NucErythHM-232,3
brinp1_NucErythHM-232,5
pde6ha_NucErythHM-232,4
zeb2b_NucErythHM-232,5
brinp2_NucErythHM-232,5
zgc:165603_NucErythHM-232,5
gpc6a_NucErythHM-232,5
ncam2_NucErythHM-232,5
lrp1bb_NucErythHM-232,5
ttn.1_NucErythHM-232,3
ttn.2_NucErythHM-232,3
xpr1a_NucErythHM-232,5
pbx3b_NucErythHM-232,5
lrfn5a_NucErythHM-232,5
mdga2a_NucErythHM-232,5
gria3b_NucErythHM-232,6
TENM2_NucErythHM-232,5
atp8a1_NucErythHM-232,5
unc5a_NucErythHM-232,5
mgat4c_NucErythHM-232,5
luzp2_NucErythHM-232,5
nrg3b_NucErythHM-232,5
tcf7l2_NucErythHM-232,5
rbfox3a_NucErythHM-232,5
foxo6b_NucErythHM-232,5
ptprua_NucErythHM-232,5
dscamb_NucErythHM-232,5
msi2b_NucErythHM-232,5
nol4lb_NucErythHM-232,5
plxna2_NucErythHM-232,5
plxna1a_NucErythHM-232,5
celf4_NucErythHM-232,5
nrxn2a_NucErythHM-232,5
pax7a_NucErythHM-232,5
zmp:0000000924_NucErythHM-232,5
CR847844.1_NucErythHM-232,5
robo3_NucErythHM-232,5
kirrel3a_NucErythHM-232,5
adarb2_NucErythHM-232,5
ptprsa.1_NucErythHM-232,5
celf5a_NucErythHM-232,5
lhx9_NucErythHM-232,5
lrrc4ca_NucErythHM-232,5
tmem178b_NucErythro-233,5
ppfia2_NucErythro-233,5
vangl2_NucErythro-233,5
CU467822.2_NucErythro-233,5
igdcc3_NucErythro-233,5
mtss1lb_NucErythro-233,5
ADGRL3_NucErythro-233,5
srrm4_NucErythro-233,5
rorb_NucErythro-233,5
myhz1.3_NucErythro-233,5
myhz1.1_NucErythro-233,3
BX465834.1_NucErythro-233,5
FQ378016.1_NucErythro-233,5
si:ch211-284f22.3_NucErythro-233,5
ebf2_NucErythro-233,5
nfixb_NucErythro-233,5
pbx4_NucErythro-233,5
olfm2a_NucErythro-233,5
pbx1a_NucErythro-233,5
tox_NucErythro-233,5
cdh7a_NucErythro-233,5
cadm3_NucErythro-233,5
cntnap2b_NucErythro-233,5
tusc3_NucErythro-233,5
nlgn4xa_NucErythro-233,5
gpm6ab_NucErythro-233,5
ctnna2_NucErythro-233,5
nhlh2_NucErythro-233,5
ttn.1_NucErythro-233,3
apoa4b.2_NucErythro-233,5
adam22_NucErythro-233,5
meis2a_NucErythro-233,5
myt1la_NucErythro-233,5
aig1_NucErythro-233,5
BX511178.2_NucErythro-233,5
tfap2d_NucErythro-233,5
lhx2b_NucErythro-233,5
plxna3_NucErythro-233,5
pbx3b_NucErythro-233,5
nr6a1a_NucErythro-233,5
ctsl.1_NucErythro-233,6
sox11a_NucErythro-233,5
stox2b_NucErythro-233,5
ebf3a_NucErythro-233,5
CR383676.3_NucErythro-233,5
nectin1b_NucErythro-233,5
KIRREL3_NucErythro-233,5
ttyh2_NucErythro-233,5
ebf3a.1_NucErythro-233,5
eef1a1l1_NucErythro-233,4
dscaml1_NucErythro-233,5
nova2_NucErythro-233,5
eml2_NucErythro-233,5
CR848812.1_NucErythro-233,5
robo1_NucErythro-233,5
samd11_NucErythro-233,5
plxna2_NucErythro-233,5
plxna1a_NucErythro-233,5
onecut2_NucErythro-233,5
ncam1a_NucErythro-233,5
ebf1b_NucErythro-233,5
adgrl2a_NucErythro-233,5
pcdh17_NucErythro-233,5
pax7a_NucErythro-233,5
cux1a_NucErythro-233,5
kirrel3a_NucErythro-233,5
myhz1.1.1_NucErythro-233,5
ncanb_NucErythro-233,5
ssbp4_NucErythro-233,5
lhx9_NucErythro-233,5
pax6a_NucErythro-233,5
tshz3b_NucErythro-241,5
ela3l_NucErythro-241,5
myhz1.1_NucErythro-241,3
maptb_NucErythro-241,5
cdc42ep4a_NucErythro-241,5
hdac7b_NucErythro-241,5
foxp1b_NucErythro-241,5
rnf220a_NucErythro-241,5
crema_NucErythro-241,6
nrp2a_NucErythro-241,5
march1_NucErythro-241,5
si:ch1073-440b2.1_NucErythro-241,5
atf7ip_NucErythro-241,5
ddx18_NucErythro-241,5
kel_NucErythro-241,1
epb41b_NucErythro-241,1
ela2_NucErythro-241,5
smc6_NucErythro-241,5
abcb7_NucErythro-241,5
mbnl3_NucErythro-241,5
fermt3b_NucErythro-241,5
BX548246.1_NucErythro-241,5
vti1a_NucErythro-241,5
cyth1b_NucErythro-241,5
bahcc1b_NucErythro-241,5
tvp23b_NucErythro-241,5
BX005154.1_NucErythro-241,5
arid1ab_NucErythro-241,5
jarid2b_NucErythro-241,5
gabbr1b_NucErythro-241,5
e2f3_NucErythro-241,5
elmo1_NucErythro-241,5
fnbp1b.1_NucErythro-241,5
slc25a26_NucErythro-241,5
camta1b_NucErythro-241,5
CABZ01067348.1_NucErythro-241,5
CT573344.1_NucErythro-241,5
mllt10_NucErythro-241,5
mcm2_NucErythro-241,5
gatad2ab_NucErythro-241,5
ssbp4_NucErythro-241,5
gatd1_NucErythro-241,5
tulp4a_NucErythro-242,5
plxnb2a.1_NucErythro-242,5
nrf1_NucErythro-242,5
st8sia1_NucErythro-242,5
irx6a_NucErythro-242,5
orc6_NucErythro-242,5
BX005003.1_NucErythro-242,5
cdh11_NucErythro-242,5
ccnd1_NucErythro-242,5
haus4_NucErythro-242,5
zgc:110796_NucErythro-242,5
hs3st1l2_NucErythro-242,5
rorb_NucErythro-242,5
myhz2_NucErythro-242,3
dlb_NucErythro-242,5
BX465834.1_NucErythro-242,5
fam172a_NucErythro-242,5
msh3_NucErythro-242,5
tmem132e_NucErythro-242,5
notch1b_NucErythro-242,5
kntc1_NucErythro-242,5
brinp1_NucErythro-242,5
CU972512.1_NucErythro-242,5
lfng_NucErythro-242,5
adgrl1a_NucErythro-242,5
orc1_NucErythro-242,5
rad18_NucErythro-242,5
tox_NucErythro-242,5
cadm3_NucErythro-242,5
lig1_NucErythro-242,5
tusc3_NucErythro-242,5
limch1a_NucErythro-242,4
pax5_NucErythro-242,5
cntln_NucErythro-242,5
ctnna2_NucErythro-242,5
pknox1.2_NucErythro-242,5
cdca7a_NucErythro-242,5
u2af1_NucErythro-242,5
epha3_NucErythro-242,5
slc39a10_NucErythro-242,5
hspd1_NucErythro-242,5
pou2f1b_NucErythro-242,5
bard1_NucErythro-242,5
si:ch211-261d7.6_NucErythro-242,5
CR848047.1_NucErythro-242,5
dyrk1b_NucErythro-242,5
arhgap33_NucErythro-242,5
ube2e2_NucErythro-242,5
ehd3_NucErythro-242,5
hsp90aa1.2_NucErythro-242,6
sept5a_NucErythro-242,5
uck2a_NucErythro-242,5
acsl2_NucErythro-242,5
wdhd1_NucErythro-242,5
foxn3_NucErythro-242,5
vsx1_NucErythro-242,5
slc25a21_NucErythro-242,5
prpf19_NucErythro-242,5
pcdh11_NucErythro-242,5
pcdh11.1_NucErythro-242,5
BX005454.1_NucErythro-242,5
diaph2_NucErythro-242,5
tuba4l_NucErythro-242,5
gng2_NucErythro-242,5
oip5_NucErythro-242,5
ZNF423_NucErythro-242,5
gnao1a_NucErythro-242,5
KIRREL3_NucErythro-242,5
eme1_NucErythro-242,5
rbfox3a_NucErythro-242,5
cep131_NucErythro-242,5
dock1_NucErythro-242,5
pax2b_NucErythro-242,5
epb41a_NucErythro-242,5
ptprua_NucErythro-242,5
ints8_NucErythro-242,5
thsd7aa_NucErythro-242,5
rsrc1_NucErythro-242,5
dscaml1_NucErythro-242,5
si:ch211-259g3.4_NucErythro-242,5
brip1_NucErythro-242,5
nova2_NucErythro-242,5
CR848812.1_NucErythro-242,5
prkcbp1l_NucErythro-242,5
dnmt3bb.3_NucErythro-242,5
neurod4_NucErythro-242,5
slc1a7b_NucErythro-242,5
notch1a_NucErythro-242,5
dck_NucErythro-242,5
crkl_NucErythro-242,5
ncam1a_NucErythro-242,5
esrra_NucErythro-242,5
foxp4_NucErythro-242,5
alpl_NucErythro-242,5
diaph3_NucErythro-242,5
pcdh17_NucErythro-242,5
UNC13B_NucErythro-242,5
ints2_NucErythro-242,5
slc1a3b_NucErythro-242,5
vezf1a_NucErythro-242,5
pcna_NucErythro-242,5
si:ch73-215f7.1_NucErythro-242,5
adarb2_NucErythro-242,5
mllt10_NucErythro-242,5
pola1_NucErythro-242,5
chaf1a_NucErythro-242,5
spns2_NucErythro-243,5
myhz2_OdonBlasEp-70,3
myhz1.2_OptRetProg-55,3
ttn.1_OptRetProg-55,3
ttn.2_OptRetProg-55,3
efna3b_OptRetProg-55,5
hsp90aa1.2_OptRetProg-55,1
actc1b_OptRetProg-55,3
lpin1_OptRetProg-55,4
shank3a_OptRetProg-55,2
nme2b.2_OptRetProg-55,3
slc38a3a_OptRetProg-55,4
cntnap2a_OptRetProg-55,1
smyhc1_OptRetProg-55,2
b4galnt3a_OralPharEp-33,4
si:cabz01007794.1_OralPharEp-33,6
tpma_OralPharEp-33,3
zgc:136461_OralPharEp-33,4
creb3l1_OralPharEp-33,1
tnnt3b_OralPharEp-33,3
plekhf1_OralPharEp-33,4
camk2d1_OralPharEp-33,5
zgc:158343_OralPharEp-33,6
hk2_OralPharEp-33,1
coro1ca_OralPharEp-33,1
zfand5a_OralPharEp-33,6
ela3l_OralPharEp-33,4
myhz1.2_OralPharEp-33,3
ckma_OralPharEp-33,3
slc12a9_OralPharEp-33,4
dapk1_OralPharEp-33,3
CU467961.1_OralPharEp-33,4
zgc:100868_OralPharEp-33,6
dnajb1a_OralPharEp-33,2
pvalb1_OralPharEp-33,3
noxo1a_OralPharEp-33,6
sec23b_OralPharEp-33,6
vdrb_OralPharEp-33,4
prdx1_OralPharEp-33,2
elovl1a_OralPharEp-33,1
si:ch211-207d6.2_OralPharEp-33,3
mylz3_OralPharEp-33,3
klf3_OralPharEp-33,6
si:ch211-217k17.8_OralPharEp-33,6
dnajb1b_OralPharEp-33,1
sik1_OralPharEp-33,6
fam117bb_OralPharEp-33,5
neb_OralPharEp-33,3
glsb_OralPharEp-33,1
nab1b_OralPharEp-33,2
ttn.1_OralPharEp-33,3
ttn.2_OralPharEp-33,3
agr1_OralPharEp-33,5
osbpl3b_OralPharEp-33,5
tuft1a_OralPharEp-33,6
efna1b_OralPharEp-33,6
icn2_OralPharEp-33,4
apoa4b.2.1_OralPharEp-33,5
prss1_OralPharEp-33,4
nr4a3_OralPharEp-33,6
nfkbiaa_OralPharEp-33,6
tdh_OralPharEp-33,4
gmds_OralPharEp-33,5
chac1_OralPharEp-33,4
apobb.1_OralPharEp-33,3
ptgs2b_OralPharEp-33,1
niban1a_OralPharEp-33,3
hivep2a_OralPharEp-33,1
hsp90aa1.2_OralPharEp-33,5
slc6a8_OralPharEp-33,1
mknk2b_OralPharEp-33,4
nfkbiab_OralPharEp-33,6
lpin1_OralPharEp-33,4
fosl2_OralPharEp-33,6
si:ch211-39i2.2_OralPharEp-33,1
zgc:92242_OralPharEp-33,6
egr1_OralPharEp-33,6
stard14_OralPharEp-33,6
ebf3a_OralPharEp-33,6
nocta_OralPharEp-33,6
tnfaip3_OralPharEp-33,6
acta1b_OralPharEp-33,3
adka_OralPharEp-33,3
smap1_OralPharEp-33,1
rrbp1a_OralPharEp-33,5
rsrp1_OralPharEp-33,2
barx2_OralPharEp-33,5
arhgap27_OralPharEp-33,3
atp2a1l_OralPharEp-33,4
slc9a3r1a_OralPharEp-33,1
osbpl3a_OralPharEp-33,1
mylipa_OralPharEp-33,4
prkd2_OralPharEp-33,5
ssh2a_OralPharEp-33,6
ctrl_OralPharEp-33,4
chl1a_OralPharEp-33,3
si:rp71-79p20.2_OralPharEp-33,3
klf4_OralPharEp-33,6
dym_OralPharEp-33,5
si:dkey-184p9.7_OralPharEp-33,5
atp2a2b_OralPharEp-33,5
ndst1b_OralPharEp-33,1
slco2b1_OralPharEp-33,5
hspa4a_OralPharEp-33,1
elovl1b_OralPharEp-33,5
arrdc2_OralPharEp-33,3
ier2b_OralPharEp-33,6
foxo1b_OralPharEp-33,5
si:dkey-259j3.5_OralPharEp-33,6
hhla2b.2_OralPharEp-33,3
klhl24b_OralPharEp-33,3
btg2_OralPharEp-33,6
elf3_OralPharEp-33,6
cela1.6_OralPharEp-33,4
midn_OralPharEp-33,1
dusp5_OralPharEp-33,6
akap13_OralPharEp-33,5
slc7a5_OralPharEp-33,1
cpa5_OralPharEp-33,4
phlda2_OralPharEp-33,6
chst11_OralPharEp-34,5
b4galnt3a_OralPharEp-34,3
CR926130.2_OralPharEp-34,5
CR926130.1_OralPharEp-34,1
chsy1_OralPharEp-34,5
rhcga_OralPharEp-34,6
tpma_OralPharEp-34,3
zgc:112160_OralPharEp-34,4
hsd11b2_OralPharEp-34,1
c6ast4_OralPharEp-34,3
creb3l1_OralPharEp-34,1
plekhf1_OralPharEp-34,6
nqo1_OralPharEp-34,4
sec24d_OralPharEp-34,1
hk2_OralPharEp-34,1
ela3l_OralPharEp-34,4
myhz1.2_OralPharEp-34,3
ckma_OralPharEp-34,4
apoa1a_OralPharEp-34,6
dmrt2a_OralPharEp-34,3
si:ch73-367p23.2_OralPharEp-34,3
zgc:100868_OralPharEp-34,6
baiap2a_OralPharEp-34,1
noxo1a_OralPharEp-34,6
sec23b_OralPharEp-34,6
rgl3a_OralPharEp-34,6
slco2a1_OralPharEp-34,6
dlg1_OralPharEp-34,5
rhcgl1_OralPharEp-34,4
vdrb_OralPharEp-34,1
prss60.2_OralPharEp-34,5
ip6k2b_OralPharEp-34,6
rplp2_OralPharEp-34,4
sdc4_OralPharEp-34,6
ddit3_OralPharEp-34,6
prelid3b_OralPharEp-34,6
amy2a_OralPharEp-34,4
tfa_OralPharEp-34,6
elovl1a_OralPharEp-34,1
csrnp1a_OralPharEp-34,6
si:ch211-207d6.2_OralPharEp-34,3
myom1a_OralPharEp-34,3
mylz3_OralPharEp-34,4
klf3_OralPharEp-34,1
prkx_OralPharEp-34,5
pibf1_OralPharEp-34,3
fam13a_OralPharEp-34,1
dnajb1b_OralPharEp-34,2
irs2b_OralPharEp-34,6
nr1i2_OralPharEp-34,6
gsk3ba_OralPharEp-34,5
neb_OralPharEp-34,3
dop1b_OralPharEp-34,3
myl1_OralPharEp-34,4
nab1b_OralPharEp-34,1
ttn.1_OralPharEp-34,3
ttn.2_OralPharEp-34,3
nbeal2_OralPharEp-34,3
efna1b_OralPharEp-34,6
apoa4b.2.1_OralPharEp-34,3
prss1_OralPharEp-34,4
prss59.2_OralPharEp-34,4
nr4a3_OralPharEp-34,6
ptk2ab_OralPharEp-34,3
pnrc2_OralPharEp-34,6
tent5ba_OralPharEp-34,1
stt3b_OralPharEp-34,5
afp4.1_OralPharEp-34,3
tmem176l.4_OralPharEp-34,6
fabp10a_OralPharEp-34,4
sptlc2b_OralPharEp-34,1
jun_OralPharEp-34,5
nfkbiaa_OralPharEp-34,6
tdh_OralPharEp-34,4
clocka_OralPharEp-34,5
gmds_OralPharEp-34,5
hivep2a_OralPharEp-34,1
hsp90aa1.2_OralPharEp-34,5
pptc7a_OralPharEp-34,4
zgc:92140_OralPharEp-34,3
actc1b_OralPharEp-34,3
nfkbiab_OralPharEp-34,6
fabp7a_OralPharEp-34,2
abch1_OralPharEp-34,4
grhl3_OralPharEp-34,5
lpin1_OralPharEp-34,4
crim1_OralPharEp-34,4
hbegfa_OralPharEp-34,6
si:ch211-39i2.2_OralPharEp-34,6
zgc:92242_OralPharEp-34,6
egr1_OralPharEp-34,6
stard14_OralPharEp-34,6
ctso_OralPharEp-34,4
nox1_OralPharEp-34,6
nocta_OralPharEp-34,6
tnfaip3_OralPharEp-34,6
rel_OralPharEp-34,6
smap1_OralPharEp-34,5
rsrp1_OralPharEp-34,1
barx2_OralPharEp-34,5
atp2a1l_OralPharEp-34,4
slc9a3r1a_OralPharEp-34,5
CABZ01048956.1_OralPharEp-34,5
osbpl3a_OralPharEp-34,1
nme2b.2_OralPharEp-34,3
apoa1b_OralPharEp-34,6
ftr86_OralPharEp-34,5
ckmb_OralPharEp-34,3
ksr1b_OralPharEp-34,5
ctrl_OralPharEp-34,4
lad1_OralPharEp-34,6
chl1a_OralPharEp-34,3
zgc:154075_OralPharEp-34,6
plekhn1_OralPharEp-34,5
nckap5l_OralPharEp-34,5
zgc:158263_OralPharEp-34,4
dgkaa_OralPharEp-34,1
klf4_OralPharEp-34,1
atp2a2b_OralPharEp-34,1
rbp4l_OralPharEp-34,4
nrxn2a_OralPharEp-34,6
hspa4a_OralPharEp-34,5
rbms1a_OralPharEp-34,1
elovl1b_OralPharEp-34,5
arrdc2_OralPharEp-34,3
mapkapk2a_OralPharEp-34,1
tiam1a_OralPharEp-34,1
foxo1b_OralPharEp-34,1
ucp2_OralPharEp-34,6
klf6a_OralPharEp-34,1
klhl24b_OralPharEp-34,4
fndc3bb_OralPharEp-34,5
vav3a_OralPharEp-34,3
smyhc1_OralPharEp-34,3
smyhc2_OralPharEp-34,4
btg2_OralPharEp-34,6
elf3_OralPharEp-34,6
cela1.6_OralPharEp-34,4
midn_OralPharEp-34,1
dusp5_OralPharEp-34,5
fetub_OralPharEp-34,6
slc7a5_OralPharEp-34,1
immp2l_OralPharEp-34,3
phlda2_OralPharEp-34,1
hsd17b12a_OralPharEp-34,1
tnni2a.4_OralPharEp-34,3
CABZ01080568.1_OralPharEp-34,1
chsy1_OralPharEp-35,5
zgc:136461_OralPharEp-35,4
ctrb1_OralPharEp-35,4
hsd11b2_OralPharEp-35,1
c6ast4_OralPharEp-35,3
creb3l1_OralPharEp-35,1
ypel1_OralPharEp-35,3
hk2_OralPharEp-35,5
myhz2_OralPharEp-35,3
myhz1.2_OralPharEp-35,4
ckma_OralPharEp-35,4
abat_OralPharEp-35,4
sec23b_OralPharEp-35,6
vdrb_OralPharEp-35,6
amy2a_OralPharEp-35,4
apoda.2_OralPharEp-35,4
neb_OralPharEp-35,3
ttn.1_OralPharEp-35,3
ttn.2_OralPharEp-35,3
rcvrn2_OralPharEp-35,4
apoa4b.2_OralPharEp-35,3
prss1_OralPharEp-35,4
nr4a3_OralPharEp-35,1
gmds_OralPharEp-35,1
pdia6_OralPharEp-35,5
sesn1_OralPharEp-35,4
cdc42bpab_OralPharEp-35,5
hivep2a_OralPharEp-35,5
fosab_OralPharEp-35,6
hsp90aa1.2_OralPharEp-35,5
actc1b_OralPharEp-35,4
nfkbiab_OralPharEp-35,6
abch1_OralPharEp-35,4
lpin1_OralPharEp-35,4
arr3b_OralPharEp-35,4
stard14_OralPharEp-35,6
nocta_OralPharEp-35,6
smap1_OralPharEp-35,5
lgmn_OralPharEp-35,4
fosb_OralPharEp-35,1
barx2_OralPharEp-35,5
atp2a1l_OralPharEp-35,4
mylpfb_OralPharEp-35,3
rpl38_OralPharEp-35,4
osbpl3a_OralPharEp-35,1
ckmb_OralPharEp-35,4
ctrl_OralPharEp-35,4
klf4_OralPharEp-35,1
hspa4a_OralPharEp-35,1
arrdc2_OralPharEp-35,3
si:dkey-183j2.10_OralPharEp-35,5
hmgcs1_OralPharEp-35,4
foxo1b_OralPharEp-35,1
dhrs13a.2_OralPharEp-35,6
klhl24b_OralPharEp-35,4
vav3a_OralPharEp-35,4
elf3_OralPharEp-35,6
cela1.6_OralPharEp-35,4
chst11_OralPharEp-36,5
hsp90b1_OralPharEp-36,5
snd1_OralPharEp-36,5
si:dkeyp-4c4.1_OralPharEp-36,4
CR926130.2_OralPharEp-36,5
CR926130.1_OralPharEp-36,2
dusp19b_OralPharEp-36,4
pnp5a_OralPharEp-36,4
furina_OralPharEp-36,5
zdhhc13_OralPharEp-36,5
kdm6ba_OralPharEp-36,6
tnfsf10l_OralPharEp-36,5
eif4a1a_OralPharEp-36,1
tpma_OralPharEp-36,3
zgc:136461_OralPharEp-36,4
ctrb1_OralPharEp-36,4
creb3l1_OralPharEp-36,2
tnnt3b_OralPharEp-36,3
ccnd1_OralPharEp-36,5
nqo1_OralPharEp-36,3
camk2d1_OralPharEp-36,3
hspa5_OralPharEp-36,5
zgc:158343_OralPharEp-36,6
hk2_OralPharEp-36,1
coro1ca_OralPharEp-36,5
acsl4b_OralPharEp-36,1
ela3l_OralPharEp-36,4
noxa1_OralPharEp-36,5
myhz1.2_OralPharEp-36,3
ckma_OralPharEp-36,3
anxa1c_OralPharEp-36,3
abca3b_OralPharEp-36,3
eps8l1a_OralPharEp-36,4
crhr1_OralPharEp-36,5
atp2a1_OralPharEp-36,3
zgc:100868_OralPharEp-36,6
pvalb1_OralPharEp-36,3
noxo1a_OralPharEp-36,6
pde6ha_OralPharEp-36,4
sec23b_OralPharEp-36,6
agap1_OralPharEp-36,5
slco2a1_OralPharEp-36,1
evi5b_OralPharEp-36,2
rhcgl1_OralPharEp-36,4
vdrb_OralPharEp-36,6
prss60.2_OralPharEp-36,2
krt4_OralPharEp-36,6
pdzrn3b_OralPharEp-36,6
ENSDARG00000091625_OralPharEp-36,3
rplp2_OralPharEp-36,6
sdc4_OralPharEp-36,6
ddit3_OralPharEp-36,6
prelid3b_OralPharEp-36,6
wnt9a_OralPharEp-36,1
egfra_OralPharEp-36,2
prkag2b_OralPharEp-36,4
eif4g1a_OralPharEp-36,1
artnb_OralPharEp-36,1
elovl1a_OralPharEp-36,6
ptgs2a_OralPharEp-36,6
rreb1b_OralPharEp-36,5
csrnp1a_OralPharEp-36,6
si:ch211-207d6.2_OralPharEp-36,3
plk3_OralPharEp-36,6
crema_OralPharEp-36,6
rpl24_OralPharEp-36,4
mylz3_OralPharEp-36,3
klf3_OralPharEp-36,6
sugt1_OralPharEp-36,1
pibf1_OralPharEp-36,4
bcl9_OralPharEp-36,2
ucp1_OralPharEp-36,4
neb_OralPharEp-36,3
esyt3_OralPharEp-36,3
dop1b_OralPharEp-36,4
myl1_OralPharEp-36,3
glsb_OralPharEp-36,1
nab1b_OralPharEp-36,1
ttn.1_OralPharEp-36,3
ttn.2_OralPharEp-36,3
grb10b_OralPharEp-36,1
gapdh_OralPharEp-36,3
tuft1a_OralPharEp-36,6
efna1b_OralPharEp-36,6
bcam_OralPharEp-36,5
prss59.1_OralPharEp-36,4
prss59.2_OralPharEp-36,4
nr4a3_OralPharEp-36,6
pnrc2_OralPharEp-36,6
gapdhs_OralPharEp-36,1
eif3ha_OralPharEp-36,2
si:dkeyp-97a10.1_OralPharEp-36,3
sptlc2b_OralPharEp-36,1
nfkbiaa_OralPharEp-36,6
tdh_OralPharEp-36,4
sox7_OralPharEp-36,6
prkchb_OralPharEp-36,6
gmds_OralPharEp-36,5
apobb.1_OralPharEp-36,3
msra_OralPharEp-36,4
hsp90aa1.2_OralPharEp-36,5
slc6a8_OralPharEp-36,2
mknk2b_OralPharEp-36,4
ela2l_OralPharEp-36,4
slc38a5a_OralPharEp-36,1
cebpb_OralPharEp-36,6
RALGDS_OralPharEp-36,6
adrb3a_OralPharEp-36,6
acot7_OralPharEp-36,5
actc1b_OralPharEp-36,3
nfkbiab_OralPharEp-36,6
gnpnat1_OralPharEp-36,6
abch1_OralPharEp-36,4
gale_OralPharEp-36,5
lpin1_OralPharEp-36,6
mboat2a_OralPharEp-36,1
crim1_OralPharEp-36,4
fosl2_OralPharEp-36,6
si:ch211-39i2.2_OralPharEp-36,1
zgc:92242_OralPharEp-36,6
znf185_OralPharEp-36,3
canx_OralPharEp-36,5
egr1_OralPharEp-36,6
ppargc1b_OralPharEp-36,4
TSC22D3_OralPharEp-36,4
stard14_OralPharEp-36,6
ctso_OralPharEp-36,4
nox1_OralPharEp-36,6
nocta_OralPharEp-36,6
tnfaip3_OralPharEp-36,6
anxa11a_OralPharEp-36,1
march8_OralPharEp-36,5
usp54a_OralPharEp-36,2
rrbp1a_OralPharEp-36,5
rsrp1_OralPharEp-36,2
pkma_OralPharEp-36,1
zfpm1_OralPharEp-36,5
fosb_OralPharEp-36,6
zgc:158464_OralPharEp-36,5
TANC2_OralPharEp-36,3
arhgap27_OralPharEp-36,3
atp2a1l_OralPharEp-36,3
mylpfb_OralPharEp-36,3
pvalb2_OralPharEp-36,3
slc9a3r1a_OralPharEp-36,5
bahcc1b_OralPharEp-36,5
pmp22b_OralPharEp-36,6
CU914622.2_OralPharEp-36,5
mcl1a_OralPharEp-36,6
si:ch211-149a19.3_OralPharEp-36,5
pvrl2l_OralPharEp-36,5
osbpl3a_OralPharEp-36,6
pard6gb_OralPharEp-36,5
si:ch211-152p11.4_OralPharEp-36,1
elmo1_OralPharEp-36,3
ext1b_OralPharEp-36,5
nme2b.2_OralPharEp-36,3
ftr86_OralPharEp-36,6
slc1a5_OralPharEp-36,6
tmprss4a_OralPharEp-36,3
frya_OralPharEp-36,5
zgc:85932_OralPharEp-36,3
chl1a_OralPharEp-36,4
zgc:154075_OralPharEp-36,6
plekhn1_OralPharEp-36,6
zgc:158263_OralPharEp-36,4
nr4a1_OralPharEp-36,6
dgkaa_OralPharEp-36,1
nfatc2a_OralPharEp-36,5
klf4_OralPharEp-36,6
rpl37.1_OralPharEp-36,4
ccng2_OralPharEp-36,6
whrna_OralPharEp-36,5
tnfrsfa_OralPharEp-36,1
atp2a2b_OralPharEp-36,2
cldnb_OralPharEp-36,6
pcxa_OralPharEp-36,5
klf5l_OralPharEp-36,1
traf4b_OralPharEp-36,5
slco2b1_OralPharEp-36,3
hspa4a_OralPharEp-36,2
rps15_OralPharEp-36,4
adgrl2a_OralPharEp-36,5
rbms1a_OralPharEp-36,1
arrdc2_OralPharEp-36,3
mapkapk2a_OralPharEp-36,1
foxp4_OralPharEp-36,3
nrg1_OralPharEp-36,6
rabgap1_OralPharEp-36,4
rps6kb1a_OralPharEp-36,4
hspa8_OralPharEp-36,1
foxo1b_OralPharEp-36,1
dhrs13a.2_OralPharEp-36,6
klhl24b_OralPharEp-36,4
vav3a_OralPharEp-36,3
wu:fj05g07_OralPharEp-36,2
cnn3a_OralPharEp-36,6
btg2_OralPharEp-36,6
elf3_OralPharEp-36,6
cela1.6_OralPharEp-36,4
midn_OralPharEp-36,6
si:ch211-129c21.1_OralPharEp-36,6
dusp5_OralPharEp-36,6
nav2b_OralPharEp-36,5
ccnd2a_OralPharEp-36,4
pkp3a_OralPharEp-36,6
hsd17b12a_OralPharEp-36,1
tnni2a.4_OralPharEp-36,3
CABZ01080568.1_OralPharEp-36,1
mt-co1_OralPharEp-36,6
evplb_OralPharEp-36,6
crybg1b_OralPharEp-37,3
nampta_OralPharEp-37,1
adipor2_OralPharEp-37,3
chst11_OralPharEp-37,5
hsp90b1_OralPharEp-37,5
CR383662.1_OralPharEp-37,2
rap1b_OralPharEp-37,5
pawr_OralPharEp-37,5
b4galnt3a_OralPharEp-37,4
creld2_OralPharEp-37,5
si:dkey-27n6.4_OralPharEp-37,5
CR926130.2_OralPharEp-37,2
CR926130.1_OralPharEp-37,1
si:cabz01007794.1_OralPharEp-37,1
pnp5a_OralPharEp-37,6
chsy1_OralPharEp-37,5
furina_OralPharEp-37,5
eml3_OralPharEp-37,4
si:dkey-172j4.3_OralPharEp-37,5
arrb2b_OralPharEp-37,5
eif4a1a_OralPharEp-37,1
rps13_OralPharEp-37,4
pde3b_OralPharEp-37,5
vps13c_OralPharEp-37,4
tpma_OralPharEp-37,3
tle3b_OralPharEp-37,1
plekhg4_OralPharEp-37,1
zgc:112160_OralPharEp-37,4
cebpa_OralPharEp-37,6
creb3l1_OralPharEp-37,1
tnnt3b_OralPharEp-37,3
plekhf1_OralPharEp-37,6
si:ch211-260e23.9_OralPharEp-37,4
tp53bp1_OralPharEp-37,5
nqo1_OralPharEp-37,4
sirt3_OralPharEp-37,3
camk2d1_OralPharEp-37,3
SEMA4F_OralPharEp-37,3
rbpjb_OralPharEp-37,3
mical2a_OralPharEp-37,6
sbf2_OralPharEp-37,3
sec24d_OralPharEp-37,5
mbd2_OralPharEp-37,1
nupr1a_OralPharEp-37,3
zgc:158343_OralPharEp-37,6
ypel1_OralPharEp-37,3
hk2_OralPharEp-37,1
coro1ca_OralPharEp-37,1
pik3ip1_OralPharEp-37,3
npas2_OralPharEp-37,5
acsl4b_OralPharEp-37,1
histh1l_OralPharEp-37,4
tcima_OralPharEp-37,2
ftr82_OralPharEp-37,1
myhz2_OralPharEp-37,3
hsd20b2_OralPharEp-37,4
slc12a9_OralPharEp-37,4
rasgef1ba_OralPharEp-37,5
dapk1_OralPharEp-37,3
dmrt2a_OralPharEp-37,3
gcnt4a_OralPharEp-37,1
zmynd19_OralPharEp-37,5
CU467961.1_OralPharEp-37,3
bicdl2_OralPharEp-37,2
pou2f3_OralPharEp-37,4
tbcelb_OralPharEp-37,3
anxa1c_OralPharEp-37,3
stip1_OralPharEp-37,2
ak1_OralPharEp-37,3
abca3b_OralPharEp-37,3
sun1_OralPharEp-37,3
arl5c_OralPharEp-37,6
eps8l1a_OralPharEp-37,4
slc35b1_OralPharEp-37,5
arhgap27l_OralPharEp-37,3
BX322574.1_OralPharEp-37,5
hdac5_OralPharEp-37,5
BX569789.1_OralPharEp-37,5
tom1_OralPharEp-37,3
atp2a1_OralPharEp-37,3
hsp70.2_OralPharEp-37,5
hsp70.3_OralPharEp-37,1
gdpd3a_OralPharEp-37,3
si:ch211-157c3.4_OralPharEp-37,3
trpm4a_OralPharEp-37,2
si:ch73-367p23.2_OralPharEp-37,3
gpatch8_OralPharEp-37,3
zgc:100868_OralPharEp-37,6
pdpk1a_OralPharEp-37,4
dnajb1a_OralPharEp-37,1
ubald2_OralPharEp-37,3
pvalb4_OralPharEp-37,3
pvalb1_OralPharEp-37,3
noxo1a_OralPharEp-37,6
dlgap4b_OralPharEp-37,5
sec23b_OralPharEp-37,6
rgl3a_OralPharEp-37,6
nfe2l2b_OralPharEp-37,4
nck2b_OralPharEp-37,3
agap1_OralPharEp-37,5
glulb_OralPharEp-37,1
ryk_OralPharEp-37,4
slco2a1_OralPharEp-37,1
evi5b_OralPharEp-37,2
dlg1_OralPharEp-37,3
rhcgl1_OralPharEp-37,4
vdrb_OralPharEp-37,4
prss60.2_OralPharEp-37,5
sec61a1_OralPharEp-37,5
ip6k2b_OralPharEp-37,6
pdzrn3b_OralPharEp-37,4
ENSDARG00000091625_OralPharEp-37,3
slc2a1b_OralPharEp-37,1
rplp2_OralPharEp-37,6
ergic3_OralPharEp-37,5
sdc4_OralPharEp-37,6
ddit3_OralPharEp-37,6
prelid3b_OralPharEp-37,6
igfbp1b_OralPharEp-37,4
foxq1a_OralPharEp-37,6
higd1a_OralPharEp-37,1
egfra_OralPharEp-37,2
npc1_OralPharEp-37,1
gipc2_OralPharEp-37,1
gadd45aa_OralPharEp-37,1
gng12a_OralPharEp-37,1
prkag2b_OralPharEp-37,3
amy2a_OralPharEp-37,4
artnb_OralPharEp-37,1
elovl1a_OralPharEp-37,1
ptgs2a_OralPharEp-37,6
amotl2b_OralPharEp-37,6
csrnp1a_OralPharEp-37,1
pde4ca_OralPharEp-37,2
zswim5_OralPharEp-37,1
si:ch211-207d6.2_OralPharEp-37,3
plk3_OralPharEp-37,6
rasal2_OralPharEp-37,5
ccnl1b_OralPharEp-37,1
apoda.2_OralPharEp-37,4
apom_OralPharEp-37,6
crema_OralPharEp-37,1
lig1_OralPharEp-37,3
jund_OralPharEp-37,6
mylz3_OralPharEp-37,3
clta_OralPharEp-37,5
klf3_OralPharEp-37,1
tmem131l_OralPharEp-37,3
igf2bp2b_OralPharEp-37,3
pibf1_OralPharEp-37,4
nr3c2_OralPharEp-37,3
glra3_OralPharEp-37,3
atg4da_OralPharEp-37,2
si:ch211-217k17.8_OralPharEp-37,6
si:ch211-217k17.9_OralPharEp-37,5
abca1a_OralPharEp-37,4
dnajb1b_OralPharEp-37,2
cyp3a65_OralPharEp-37,1
sik1_OralPharEp-37,1
nr1i2_OralPharEp-37,6
cryba2b_OralPharEp-37,4
fam117bb_OralPharEp-37,1
slc37a1_OralPharEp-37,2
neb_OralPharEp-37,3
esyt3_OralPharEp-37,3
nabp1a_OralPharEp-37,5
dnajc3a_OralPharEp-37,5
adcy5_OralPharEp-37,3
myl1_OralPharEp-37,3
abca12_OralPharEp-37,5
glsb_OralPharEp-37,1
nab1b_OralPharEp-37,2
col18a1a_OralPharEp-37,5
ttn.1_OralPharEp-37,3
ttn.2_OralPharEp-37,3
agr1_OralPharEp-37,2
GALNT3_OralPharEp-37,5
tank_OralPharEp-37,5
si:ch73-22o12.1_OralPharEp-37,5
ankib1b_OralPharEp-37,3
gapdh_OralPharEp-37,3
rorc_OralPharEp-37,5
rapgef5b_OralPharEp-37,3
osbpl3b_OralPharEp-37,5
tuft1a_OralPharEp-37,1
cgna_OralPharEp-37,2
efna1b_OralPharEp-37,6
apoa4b.2_OralPharEp-37,5
apoa4b.2.1_OralPharEp-37,3
si:dkey-79d12.5_OralPharEp-37,6
prss1_OralPharEp-37,4
esrp1_OralPharEp-37,3
sec61b_OralPharEp-37,1
nr4a3_OralPharEp-37,6
mef2d_OralPharEp-37,2
ptk2ab_OralPharEp-37,3
pnrc2_OralPharEp-37,6
tent5ba_OralPharEp-37,1
tcea3_OralPharEp-37,4
hivep3b_OralPharEp-37,5
eva1ba_OralPharEp-37,5
stt3b_OralPharEp-37,5
gapdhs_OralPharEp-37,1
paqr6_OralPharEp-37,3
CU861453.1_OralPharEp-37,3
tmem176l.4_OralPharEp-37,6
rab11al_OralPharEp-37,1
eif3ha_OralPharEp-37,5
ext1a_OralPharEp-37,5
sptlc2b_OralPharEp-37,1
jun_OralPharEp-37,6
nfkbiaa_OralPharEp-37,6
cdc42bpb_OralPharEp-37,1
tdh_OralPharEp-37,4
sox7_OralPharEp-37,1
prkchb_OralPharEp-37,6
si:ch211-207i1.2_OralPharEp-37,3
daam1b_OralPharEp-37,3
clocka_OralPharEp-37,5
bach2b_OralPharEp-37,3
gmds_OralPharEp-37,5
chac1_OralPharEp-37,6
ryr3_OralPharEp-37,3
sash1a_OralPharEp-37,4
ptgs2b_OralPharEp-37,1
ivns1abpa_OralPharEp-37,1
niban1a_OralPharEp-37,4
hivep2a_OralPharEp-37,1
atf3_OralPharEp-37,6
fosab_OralPharEp-37,4
hsp90aa1.2_OralPharEp-37,5
pptc7a_OralPharEp-37,6
slc6a8_OralPharEp-37,5
pde4d_OralPharEp-37,5
zgc:92140_OralPharEp-37,3
mknk2b_OralPharEp-37,4
cry3a_OralPharEp-37,3
ela2l_OralPharEp-37,4
slc38a5a_OralPharEp-37,1
cttnbp2nlb_OralPharEp-37,5
RALGDS_OralPharEp-37,6
rab11fip1a_OralPharEp-37,6
acot7_OralPharEp-37,5
entpd4_OralPharEp-37,2
slc25a37_OralPharEp-37,1
egr3_OralPharEp-37,6
bin3_OralPharEp-37,1
si:ch73-340m8.2_OralPharEp-37,3
txlnbb_OralPharEp-37,4
smyd3_OralPharEp-37,6
cnsta_OralPharEp-37,3
nfkbiab_OralPharEp-37,6
mia2_OralPharEp-37,5
gnpnat1_OralPharEp-37,1
ston2_OralPharEp-37,3
entpd6_OralPharEp-37,1
slc8a1b_OralPharEp-37,6
abch1_OralPharEp-37,4
gale_OralPharEp-37,1
grhl3_OralPharEp-37,5
luzp1_OralPharEp-37,5
lpin1_OralPharEp-37,4
tpp1_OralPharEp-37,3
pax9_OralPharEp-37,5
crim1_OralPharEp-37,4
fosl2_OralPharEp-37,1
ahsa1b_OralPharEp-37,2
zgc:162184_OralPharEp-37,1
hbegfa_OralPharEp-37,1
si:ch211-39i2.2_OralPharEp-37,1
zgc:92242_OralPharEp-37,6
nrg2b_OralPharEp-37,3
hspa9_OralPharEp-37,2
canx_OralPharEp-37,5
selenot2_OralPharEp-37,6
egr1_OralPharEp-37,6
nr3c1_OralPharEp-37,3
slc36a1_OralPharEp-37,4
TSC22D3_OralPharEp-37,6
slc7a3b_OralPharEp-37,6
stard14_OralPharEp-37,1
lonrf1_OralPharEp-37,4
ctso_OralPharEp-37,4
gsr_OralPharEp-37,5
nox1_OralPharEp-37,6
nocta_OralPharEp-37,6
pdlim7_OralPharEp-37,5
tnfaip3_OralPharEp-37,6
fam83b_OralPharEp-37,3
klhl31_OralPharEp-37,4
gbf1_OralPharEp-37,5
anxa11a_OralPharEp-37,1
march8_OralPharEp-37,3
prim2_OralPharEp-37,5
adka_OralPharEp-37,3
vcla_OralPharEp-37,4
rel_OralPharEp-37,6
kcnq5a_OralPharEp-37,3
smap1_OralPharEp-37,5
fbxw4_OralPharEp-37,3
rrbp1a_OralPharEp-37,5
si:dkey-157l19.2_OralPharEp-37,3
srsf5a_OralPharEp-37,4
CR376783.1_OralPharEp-37,3
rsrp1_OralPharEp-37,2
ggps1_OralPharEp-37,1
herc4_OralPharEp-37,1
pkma_OralPharEp-37,1
zgc:77650_OralPharEp-37,5
tat_OralPharEp-37,4
cmip_OralPharEp-37,1
ampd3b_OralPharEp-37,3
uacaa_OralPharEp-37,5
igf1ra_OralPharEp-37,4
slco3a1_OralPharEp-37,3
tiparp_OralPharEp-37,1
fosb_OralPharEp-37,6
nucb2b_OralPharEp-37,5
barx2_OralPharEp-37,5
tob1b_OralPharEp-37,6
SLC39A11_OralPharEp-37,5
TANC2_OralPharEp-37,3
arhgap27_OralPharEp-37,3
plce1_OralPharEp-37,3
atp2a1l_OralPharEp-37,4
thrab_OralPharEp-37,3
slc9a3r1a_OralPharEp-37,5
si:ch73-329n5.1_OralPharEp-37,5
trim16_OralPharEp-37,2
mcl1a_OralPharEp-37,6
cyt1l_OralPharEp-37,1
krt17_OralPharEp-37,1
ago3b_OralPharEp-37,5
osbpl3a_OralPharEp-37,1
ptp4a3a_OralPharEp-37,5
jarid2b_OralPharEp-37,1
mylipa_OralPharEp-37,4
si:ch211-152p11.4_OralPharEp-37,6
elmo1_OralPharEp-37,3
ptp4a2b_OralPharEp-37,1
fam83hb_OralPharEp-37,5
nme2b.2_OralPharEp-37,3
ftr86_OralPharEp-37,6
egln2_OralPharEp-37,5
slc1a5_OralPharEp-37,6
prkd2_OralPharEp-37,5
tmprss4a_OralPharEp-37,3
relb_OralPharEp-37,6
zbtb16b_OralPharEp-37,6
ulk2_OralPharEp-37,6
BX663520.2_OralPharEp-37,4
sik2b_OralPharEp-37,1
MARK4_OralPharEp-37,2
ckmb_OralPharEp-37,4
myo1cb_OralPharEp-37,5
ssh2a_OralPharEp-37,1
si:ch211-137a8.2_OralPharEp-37,3
rap1gap2a_OralPharEp-37,3
nlk2_OralPharEp-37,5
frya_OralPharEp-37,5
sh3bp5la_OralPharEp-37,1
ctrl_OralPharEp-37,4
stim1a_OralPharEp-37,5
nlrc8_OralPharEp-37,4
si:ch1073-340i21.2_OralPharEp-37,4
cpeb2_OralPharEp-37,2
CABZ01048666.1_OralPharEp-37,5
lad1_OralPharEp-37,5
chl1a_OralPharEp-37,3
si:rp71-79p20.2_OralPharEp-37,3
tnnc2_OralPharEp-37,3
zgc:154075_OralPharEp-37,6
plekhn1_OralPharEp-37,1
ctdsp2_OralPharEp-37,3
pkig_OralPharEp-37,2
MAGI3_OralPharEp-37,3
zgc:158263_OralPharEp-37,4
nr4a1_OralPharEp-37,6
dgkaa_OralPharEp-37,1
CHST13_OralPharEp-37,5
rarga_OralPharEp-37,3
nfatc2a_OralPharEp-37,5
klf4_OralPharEp-37,6
TCF4_OralPharEp-37,4
shroom3_OralPharEp-37,3
f2rl1.2_OralPharEp-37,6
si:dkey-184p9.7_OralPharEp-37,3
niban2a_OralPharEp-37,1
ulk1b_OralPharEp-37,4
tnfrsfa_OralPharEp-37,1
atp2a2b_OralPharEp-37,5
cldnb_OralPharEp-37,6
actn3a_OralPharEp-37,3
ndst1b_OralPharEp-37,5
klf5l_OralPharEp-37,1
traf4b_OralPharEp-37,5
slco2b1_OralPharEp-37,3
crebrf_OralPharEp-37,3
hspa4a_OralPharEp-37,5
FO704810.1_OralPharEp-37,2
gadd45ba_OralPharEp-37,6
rbms1a_OralPharEp-37,2
jupa_OralPharEp-37,6
mob3c_OralPharEp-37,6
mknk1_OralPharEp-37,6
arrdc2_OralPharEp-37,3
rpn2_OralPharEp-37,5
id1_OralPharEp-37,3
mapkapk2a_OralPharEp-37,1
foxp4_OralPharEp-37,4
inavab_OralPharEp-37,1
cyldb_OralPharEp-37,1
top1l_OralPharEp-37,1
ier2b_OralPharEp-37,6
atp13a3_OralPharEp-37,2
pax7a_OralPharEp-37,2
ets2_OralPharEp-37,6
grk5_OralPharEp-37,5
hmgcs1_OralPharEp-37,5
nrg1_OralPharEp-37,6
rabgap1_OralPharEp-37,4
strbp_OralPharEp-37,3
zfand5b_OralPharEp-37,6
xpo7_OralPharEp-37,5
letm2_OralPharEp-37,6
synj1_OralPharEp-37,5
cltca_OralPharEp-37,1
foxo1b_OralPharEp-37,1
si:dkey-259j3.5_OralPharEp-37,6
si:dkey-259j3.5.1_OralPharEp-37,2
ucp2_OralPharEp-37,6
dhrs13a.2_OralPharEp-37,6
rab11fip1b_OralPharEp-37,2
stau2_OralPharEp-37,3
tram1_OralPharEp-37,5
pdia4_OralPharEp-37,5
cntnap2a_OralPharEp-37,5
csrnp1b_OralPharEp-37,6
myd88_OralPharEp-37,6
pola1_OralPharEp-37,5
zmp:0000000991_OralPharEp-37,3
hhla2b.2_OralPharEp-37,3
klhl24b_OralPharEp-37,4
fndc3bb_OralPharEp-37,2
vav3a_OralPharEp-37,3
wu:fj05g07_OralPharEp-37,2
btg2_OralPharEp-37,6
cdkn1a_OralPharEp-37,6
elf3_OralPharEp-37,6
cela1.6_OralPharEp-37,4
stat1a_OralPharEp-37,4
ahr2_OralPharEp-37,4
midn_OralPharEp-37,1
pvalb7_OralPharEp-37,4
pdcd4b_OralPharEp-37,4
dusp5_OralPharEp-37,6
muc5.2_OralPharEp-37,2
slc7a5_OralPharEp-37,1
ccnd2a_OralPharEp-37,4
celsr1b_OralPharEp-37,5
pkp3a_OralPharEp-37,6
mob2a_OralPharEp-37,6
phlda2_OralPharEp-37,1
cpt1ab_OralPharEp-37,5
hsd17b12a_OralPharEp-37,1
kras_OralPharEp-37,6
CABZ01080568.1_OralPharEp-37,2
chst6_OralPharEp-37,6
ano9a_OralPharEp-37,1
myhz1.2_OsteorDent-217,5
vdrb_OticVesicl-246,4
lpin1_OticVesicl-246,4
ttn.2_PancreaABD-97,3
dusp2_PancreaABD-97,6
trhde.2_PericytUnk-100,5
tpma_PericytUnk-100,3
zgc:136461_PericytUnk-100,4
myhz2_PericytUnk-100,3
atp2a1_PericytUnk-100,4
pvalb1_PericytUnk-100,3
mylz3_PericytUnk-100,4
ttn.1_PericytUnk-100,3
ttn.2_PericytUnk-100,3
prss1_PericytUnk-100,4
actc1b_PericytUnk-100,3
p4ha1b_PericytUnk-100,5
lpin1_PericytUnk-100,1
fosl2_PericytUnk-100,6
ckmb_PericytUnk-100,3
adamts6_PericytUnk-100,5
myhz2_PericytUnk-14,4
myhz1.3_PericytUnk-14,4
myhz1.1_PericytUnk-14,3
mylpfa_PericytUnk-14,3
pvalb1_PericytUnk-14,3
mylz3_PericytUnk-14,3
grid2_PericytUnk-14,5
actc1b_PericytUnk-14,3
egln3_PericytUnk-14,5
p4ha1b_PericytUnk-14,5
lpin1_PericytUnk-14,6
abcc3_PericytUnk-14,6
zgc:123103_PericytUnk-14,1
CR589876.1_PericytUnk-14,1
smyhc2_PericytUnk-14,5
myhz2_Periderm-218,3
lmo3_PeridermHR-229,5
grip1_PeridermHR-229,5
celf2_PeridermHR-229,5
si:cabz01007794.1_PeridermHR-229,1
igdcc3_PeridermHR-229,5
brsk2b_PeridermHR-229,5
ank2b_PeridermHR-229,5
hk2_PeridermHR-229,1
srrm4_PeridermHR-229,5
histh1l_PeridermHR-229,4
myhz2_PeridermHR-229,1
myhz1.3_PeridermHR-229,3
BX465834.1_PeridermHR-229,5
mcama_PeridermHR-229,5
tmem132e_PeridermHR-229,5
ebf2_PeridermHR-229,5
zbtb20_PeridermHR-229,5
scn4ab_PeridermHR-229,4
mpp3a_PeridermHR-229,5
elavl3_PeridermHR-229,5
adgrl1a_PeridermHR-229,5
gas7a_PeridermHR-229,5
pvalb5_PeridermHR-229,6
lrp8_PeridermHR-229,5
pacsin1b_PeridermHR-229,5
ptmab_PeridermHR-229,4
pbx1a_PeridermHR-229,5
XKR4_PeridermHR-229,5
apoda.2_PeridermHR-229,4
spsb4a_PeridermHR-229,5
zgc:110158_PeridermHR-229,5
cntnap2b_PeridermHR-229,5
adgrl3.1_PeridermHR-229,5
rims1b_PeridermHR-229,5
ctnna2_PeridermHR-229,5
lef1_PeridermHR-229,5
tmem198a_PeridermHR-229,5
myo10l3_PeridermHR-229,5
nrp2b_PeridermHR-229,5
creb1b_PeridermHR-229,5
cerkl_PeridermHR-229,5
ephb6_PeridermHR-229,5
cspg5a_PeridermHR-229,5
adam22_PeridermHR-229,5
dpf3_PeridermHR-229,5
BX511178.2_PeridermHR-229,5
nkain2_PeridermHR-229,5
si:dkey-7c18.24_PeridermHR-229,1
hsp90aa1.2_PeridermHR-229,1
si:ch211-166a6.5_PeridermHR-229,1
dock5_PeridermHR-229,6
plxna3_PeridermHR-229,5
pbx3b_PeridermHR-229,5
myl7_PeridermHR-229,5
nrxn3a_PeridermHR-229,5
bcl11ba_PeridermHR-229,5
aff2_PeridermHR-229,5
slit3_PeridermHR-229,5
pcdh11.1_PeridermHR-229,4
ebf3a_PeridermHR-229,5
unc5a_PeridermHR-229,5
CABZ01072077.1_PeridermHR-229,4
ablim1a_PeridermHR-229,5
si:ch73-386h18.1_PeridermHR-229,5
ZNF423_PeridermHR-229,5
gnao1a_PeridermHR-229,5
rbfox3a_PeridermHR-229,5
ttyh2_PeridermHR-229,5
CR847968.1_PeridermHR-229,5
ebf3a.1_PeridermHR-229,5
CABZ01048956.1_PeridermHR-229,6
celf3a_PeridermHR-229,5
BX957317.2_PeridermHR-229,5
atxn1a_PeridermHR-229,1
si:ch211-250g4.3_PeridermHR-229,6
thsd7aa_PeridermHR-229,5
foxo1a_PeridermHR-229,6
dscamb_PeridermHR-229,5
dscaml1_PeridermHR-229,5
blmh_PeridermHR-229,5
nova2_PeridermHR-229,5
aplp1_PeridermHR-229,5
robo1_PeridermHR-229,5
myt1b_PeridermHR-229,5
znf385a_PeridermHR-229,5
plxna1a_PeridermHR-229,5
onecut2_PeridermHR-229,5
celf4_PeridermHR-229,5
gadd45gb.1_PeridermHR-229,5
ncam1a_PeridermHR-229,5
ebf1b_PeridermHR-229,5
slc13a2_PeridermHR-229,6
gdf11_PeridermHR-229,5
rpl22_PeridermHR-229,3
dchs1b_PeridermHR-229,5
dgat2_PeridermHR-229,6
nbeaa_PeridermHR-229,5
vezf1a_PeridermHR-229,5
zfhx4_PeridermHR-229,5
vim_PeridermHR-229,4
tmeff1b_PeridermHR-229,5
cebpd_PeridermHR-229,6
lpl_PeridermHR-229,4
celf5a_PeridermHR-229,5
lrrc4ca_PeridermHR-229,5
BX005417.1_PharArchNC-84,1
myhz2_PharArchNC-84,2
mylpfa_PharArchNC-84,3
pvalb1_PharArchNC-84,3
ttn.1_PharArchNC-84,3
ttn.2_PharArchNC-84,3
apoa2_PharArchNC-84,6
prss1_PharArchNC-84,4
actc1b_PharArchNC-84,3
lpin1_PharArchNC-84,6
dscamb_PharArchNC-84,5
smyhc1_PharArchNC-84,3
mt-atp6_PharArchNC-84,3
mt-cyb_PharArchNC-84,3
BX005417.1_PharEpiPer-221,5
rhcga_PharEpiPer-221,1
myhz1.2_PharEpiPer-221,3
mylpfa_PharEpiPer-221,3
myh11b_PharEpiPer-221,5
sec23b_PharEpiPer-221,6
vdrb_PharEpiPer-221,4
neb_PharEpiPer-221,3
ttn.2_PharEpiPer-221,3
tuft1a_PharEpiPer-221,1
nr4a3_PharEpiPer-221,6
nfkbiaa_PharEpiPer-221,6
ela2l_PharEpiPer-221,3
zgc:92242_PharEpiPer-221,6
ca10a_PharEpiPer-221,5
CR936442.1_PharEpiPer-221,5
klf4_PharEpiPer-221,6
slc38a3a_PharEpiPer-221,5
dhrs13a.2_PharEpiPer-221,6
pou6f2_PharEpiPer-221,5
cela1.6_PharEpiPer-221,4
midn_PharEpiPer-221,1
dusp5_PharEpiPer-221,6
myhz2_PharNeEpit-128,3
myhz1.1_PharNeEpit-128,4
ctrb1_PharynArch-114,4
tnnt3b_PharynArch-114,3
myhz2_PharynArch-114,3
myhz1.3_PharynArch-114,3
myhz1.2_PharynArch-114,3
myhz1.1_PharynArch-114,3
ckma_PharynArch-114,3
atp2a1_PharynArch-114,3
pvalb1_PharynArch-114,3
glula_PharynArch-114,4
ttn.1_PharynArch-114,3
ttn.2_PharynArch-114,3
sesn1_PharynArch-114,3
actc1b_PharynArch-114,3
lpin1_PharynArch-114,4
pdlim7_PharynArch-114,5
pde10a_PharynArch-114,5
nme2b.2_PharynArch-114,3
tagln_PharynArch-114,5
ulk2_PharynArch-114,6
itga1_PharynArch-114,5
fstb_PharynArch-114,4
CABZ01090041.1_PharynArch-114,4
rhcga_PharynArch-115,6
slc7a8a_PharynArch-115,4
tpma_PharynArch-115,3
si:dkey-201c13.2_PharynArch-115,4
myhz2_PharynArch-115,3
myhz1.3_PharynArch-115,3
myhz1.2_PharynArch-115,3
myhz1.1_PharynArch-115,3
ckma_PharynArch-115,3
nupr1b_PharynArch-115,4
atp2a1_PharynArch-115,3
mylpfa_PharynArch-115,3
cyp3c1_PharynArch-115,4
ackr3b_PharynArch-115,4
wnt9a_PharynArch-115,5
tfa_PharynArch-115,6
angptl4_PharynArch-115,5
knop1_PharynArch-115,6
si:ch211-67e16.11_PharynArch-115,6
neb_PharynArch-115,3
ttn.1_PharynArch-115,3
ttn.2_PharynArch-115,3
prss1_PharynArch-115,4
ptprub_PharynArch-115,5
sesn1_PharynArch-115,3
si:dkey-7c18.24_PharynArch-115,1
hsp90aa1.2_PharynArch-115,5
actc1b_PharynArch-115,3
htra1a_PharynArch-115,5
lpin1_PharynArch-115,4
eif4ebp3l_PharynArch-115,4
bcl11aa_PharynArch-115,5
admb_PharynArch-115,6
atp2a1l_PharynArch-115,4
nme2b.2_PharynArch-115,3
ulk2_PharynArch-115,6
chia.2_PharynArch-115,6
BX663516.2_PharynArch-115,4
smyhc1_PharynArch-115,3
lpl_PharynArch-115,4
CABZ01090041.1_PharynArch-115,4
fetub_PharynArch-115,6
rhcga_PharynArch-116,1
aldh1a2_PharynArch-116,5
BX511128.3_PharynArch-116,5
myhz1.2_PharynArch-116,3
myhz1.1_PharynArch-116,3
ckma_PharynArch-116,3
atp2a1_PharynArch-116,3
pvalb1_PharynArch-116,3
mybphb_PharynArch-116,3
mylz3_PharynArch-116,3
neb_PharynArch-116,3
ttn.1_PharynArch-116,3
ttn.2_PharynArch-116,3
apoa4b.2_PharynArch-116,3
prss1_PharynArch-116,4
sesn1_PharynArch-116,4
si:ch211-263k4.2_PharynArch-116,5
lpin1_PharynArch-116,4
elovl6_PharynArch-116,5
mdga1_PharynArch-116,5
atp2a1l_PharynArch-116,3
thrab_PharynArch-116,5
apoea_PharynArch-116,3
ulk2_PharynArch-116,6
CR762400.1_PharynArch-116,5
rxraa_PharynArch-116,5
chia.2_PharynArch-116,6
smyhc1_PharynArch-116,3
CABZ01090041.1_PharynArch-116,4
myhz1.3_PharynArch-117,3
myhz1.1_PharynArch-117,3
myhb_PharynArch-117,3
ttn.1_PharynArch-117,3
ttn.2_PharynArch-117,3
lpin1_PharynArch-117,4
fosb_PharynArch-117,1
ulk2_PharynArch-117,4
slc7a8a_PharynArch-79,4
zgc:112160_PharynArch-79,4
tnnt3b_PharynArch-79,3
myhz1.3_PharynArch-79,3
myhz1.2_PharynArch-79,3
myhz1.1_PharynArch-79,3
ckma_PharynArch-79,3
nfixb_PharynArch-79,5
atp2a1_PharynArch-79,3
si:ch73-367p23.2_PharynArch-79,3
mylpfa_PharynArch-79,3
BX908797.1_PharynArch-79,4
pvalb4_PharynArch-79,3
pvalb1_PharynArch-79,3
pbx1b_PharynArch-79,5
amy2a_PharynArch-79,4
mylz3_PharynArch-79,3
dclk2a_PharynArch-79,5
cyp3a65_PharynArch-79,6
neb_PharynArch-79,3
ttn.1_PharynArch-79,3
ttn.2_PharynArch-79,3
apoa4b.2_PharynArch-79,5
apoa4b.2.1_PharynArch-79,3
prss1_PharynArch-79,4
prss59.1_PharynArch-79,4
rbms3_PharynArch-79,5
igfbp1a_PharynArch-79,6
bach2b_PharynArch-79,3
sesn1_PharynArch-79,4
lpin1_PharynArch-79,4
eif4ebp3l_PharynArch-79,4
egr1_PharynArch-79,6
foxo4_PharynArch-79,4
acta1b_PharynArch-79,3
fosb_PharynArch-79,2
mylpfb_PharynArch-79,3
pvalb2_PharynArch-79,3
si:ch211-250g4.3_PharynArch-79,5
nme2b.2_PharynArch-79,3
ulk2_PharynArch-79,6
ctrl_PharynArch-79,4
tnnc2_PharynArch-79,3
ccn1_PharynArch-79,1
cldnb_PharynArch-79,6
hspa4a_PharynArch-79,2
gnl3_PharynArch-79,5
arrdc2_PharynArch-79,4
wdr18_PharynArch-79,1
dhrs13a.2_PharynArch-79,6
ctdspla_PharynArch-79,3
klhl24b_PharynArch-79,4
vim_PharynArch-79,6
smyhc1_PharynArch-79,3
btg2_PharynArch-79,6
cela1.6_PharynArch-79,4
lpl_PharynArch-79,4
CABZ01090041.1_PharynArch-79,6
midn_PharynArch-79,6
CABZ01080568.1_PharynArch-79,2
rhcga_PharynArch-80,6
tpma_PharynArch-80,3
tnnt3b_PharynArch-80,3
BX511128.3_PharynArch-80,5
myhz2_PharynArch-80,3
myhz1.2_PharynArch-80,3
si:ch73-367p23.2_PharynArch-80,3
pvalb1_PharynArch-80,3
mybphb_PharynArch-80,3
mylz3_PharynArch-80,4
neb_PharynArch-80,3
ttn.1_PharynArch-80,3
ttn.2_PharynArch-80,3
apoa4b.2_PharynArch-80,5
prss1_PharynArch-80,4
sesn1_PharynArch-80,4
aopep_PharynArch-80,5
actc1b_PharynArch-80,3
si:dkey-248g15.3_PharynArch-80,2
lpin1_PharynArch-80,4
eif4ebp3l_PharynArch-80,4
atp2a1l_PharynArch-80,4
mylipa_PharynArch-80,4
ulk2_PharynArch-80,4
ckmb_PharynArch-80,4
actn3a_PharynArch-80,3
arr3a_PharynArch-80,4
ucp2_PharynArch-80,4
tnni2a.4_PharynArch-80,3
CABZ01080568.1_PharynArch-80,2
ms4a17a.9_PharynArch-81,4
slc7a8a_PharynArch-81,4
serpine1_PharynArch-81,2
tpma_PharynArch-81,3
zgc:136461_PharynArch-81,4
ctrb1_PharynArch-81,4
tnnt3b_PharynArch-81,3
BX511128.3_PharynArch-81,5
myhz1.3_PharynArch-81,3
myhz1.2_PharynArch-81,3
myhz1.1_PharynArch-81,3
ckma_PharynArch-81,3
ak1_PharynArch-81,3
atp2a1_PharynArch-81,3
hsp70.2_PharynArch-81,1
si:ch73-367p23.2_PharynArch-81,3
mylpfa_PharynArch-81,3
socs3a_PharynArch-81,6
pvalb1_PharynArch-81,3
igfbp1b_PharynArch-81,4
wnt9a_PharynArch-81,5
f3b_PharynArch-81,1
glula_PharynArch-81,4
abca1a_PharynArch-81,4
ucp1_PharynArch-81,4
dnajb1b_PharynArch-81,2
sik1_PharynArch-81,6
neb_PharynArch-81,3
klf12b_PharynArch-81,5
ttn.1_PharynArch-81,3
ttn.2_PharynArch-81,3
apoa4b.2.1_PharynArch-81,5
si:dkey-79d12.5_PharynArch-81,6
prss1_PharynArch-81,4
prss59.1_PharynArch-81,4
prss59.2_PharynArch-81,4
galnt1_PharynArch-81,5
rbms3_PharynArch-81,5
sesn1_PharynArch-81,4
atf3_PharynArch-81,2
fosab_PharynArch-81,4
hsp90aa1.2_PharynArch-81,5
hsp70l_PharynArch-81,2
glis1b_PharynArch-81,5
lpin1_PharynArch-81,4
eif4ebp3l_PharynArch-81,4
fam107b_PharynArch-81,1
fosb_PharynArch-81,2
fam214a_PharynArch-81,6
atp2a1l_PharynArch-81,3
egln2_PharynArch-81,5
ulk2_PharynArch-81,6
ckmb_PharynArch-81,4
ctrl_PharynArch-81,4
ctdsp2_PharynArch-81,4
itga5_PharynArch-81,5
klf4_PharynArch-81,1
gfpt2_PharynArch-81,2
hspa4a_PharynArch-81,2
igfbp6a_PharynArch-81,3
arrdc2_PharynArch-81,3
klhl24b_PharynArch-81,4
smyhc1_PharynArch-81,3
btg2_PharynArch-81,4
cela1.6_PharynArch-81,4
lpl_PharynArch-81,4
CABZ01090041.1_PharynArch-81,4
midn_PharynArch-81,1
fetub_PharynArch-81,6
cspg4_PharynArch-81,5
CABZ01080568.1_PharynArch-81,2
etnk1_PharynArch-85,6
zgc:112160_PharynArch-85,4
ctrb1_PharynArch-85,4
BX511128.3_PharynArch-85,5
histh1l_PharynArch-85,4
myhz1.3_PharynArch-85,3
myhz1.1_PharynArch-85,3
ckma_PharynArch-85,4
ldlra_PharynArch-85,4
cbx7a_PharynArch-85,4
atp2a1_PharynArch-85,3
hsp70.2_PharynArch-85,1
hsp70.3_PharynArch-85,1
BX908797.1_PharynArch-85,4
pvalb1_PharynArch-85,3
myh7_PharynArch-85,6
myom1a_PharynArch-85,3
apoda.2_PharynArch-85,4
mylz3_PharynArch-85,3
abca1a_PharynArch-85,4
zeb2a_PharynArch-85,5
ttn.1_PharynArch-85,3
ttn.2_PharynArch-85,3
apoa4b.2_PharynArch-85,3
prss1_PharynArch-85,4
apobb.1_PharynArch-85,3
sesn1_PharynArch-85,4
si:dkey-7c18.24_PharynArch-85,1
ela2l_PharynArch-85,4
antxr1a_PharynArch-85,3
actc1b_PharynArch-85,3
lpin1_PharynArch-85,6
acta1b_PharynArch-85,3
atp2a1l_PharynArch-85,4
ulk2_PharynArch-85,1
ctrl_PharynArch-85,4
ccn1_PharynArch-85,2
hspa4a_PharynArch-85,5
loxl2a_PharynArch-85,1
cela1.6_PharynArch-85,4
cpa5_PharynArch-85,4
tnni2a.4_PharynArch-85,3
mt-nd4_PharynArch-85,6
rpl18a_PharynPeri-21,6
csrp2_PharynPeri-21,6
pawr_PharynPeri-21,5
tbc1d22a_PharynPeri-21,5
si:ch73-170d6.2_PharynPeri-21,3
AL935186.10_PharynPeri-21,5
rplp2l_PharynPeri-21,6
si:ch73-335l21.1_PharynPeri-21,1
kdm6ba_PharynPeri-21,6
rorab_PharynPeri-21,4
tpma_PharynPeri-21,3
ctrb1_PharynPeri-21,4
myo9aa_PharynPeri-21,5
rbpjb_PharynPeri-21,5
rplp0_PharynPeri-21,6
npas2_PharynPeri-21,4
acsl4b_PharynPeri-21,6
myhz1.3_PharynPeri-21,3
myhz1.2_PharynPeri-21,3
myhz1.1_PharynPeri-21,3
dab2ipb_PharynPeri-21,3
tmprss13b_PharynPeri-21,4
rasgef1ba_PharynPeri-21,4
arid3c_PharynPeri-21,5
crhr1_PharynPeri-21,5
atp2a1_PharynPeri-21,3
rps15a_PharynPeri-21,6
rpl3_PharynPeri-21,6
mylpfa_PharynPeri-21,3
rpl23_PharynPeri-21,6
PLEKHH3_PharynPeri-21,1
rps11_PharynPeri-21,6
actb2_PharynPeri-21,6
pvalb1_PharynPeri-21,3
sec23b_PharynPeri-21,6
rpsa_PharynPeri-21,6
stx8_PharynPeri-21,3
dlg1_PharynPeri-21,3
rhcgl1_PharynPeri-21,4
vdrb_PharynPeri-21,4
krt4_PharynPeri-21,1
ENSDARG00000091625_PharynPeri-21,4
rplp2_PharynPeri-21,6
rps10_PharynPeri-21,6
tead3b_PharynPeri-21,5
egfra_PharynPeri-21,1
npc1_PharynPeri-21,6
xpr1b_PharynPeri-21,4
elovl1a_PharynPeri-21,6
csrnp1a_PharynPeri-21,6
crema_PharynPeri-21,6
uba52_PharynPeri-21,6
mylz3_PharynPeri-21,3
b4galt1_PharynPeri-21,6
tmem131l_PharynPeri-21,5
tpt1_PharynPeri-21,6
bzw1b_PharynPeri-21,6
neb_PharynPeri-21,3
ttn.1_PharynPeri-21,3
ttn.2_PharynPeri-21,3
ednrbb_PharynPeri-21,4
grb10b_PharynPeri-21,2
nbeal2_PharynPeri-21,5
myh14_PharynPeri-21,5
tax1bp1b_PharynPeri-21,4
mpp6a_PharynPeri-21,6
tuft1a_PharynPeri-21,6
rps19_PharynPeri-21,6
si:dkey-79d12.5_PharynPeri-21,6
prss1_PharynPeri-21,4
prss59.2_PharynPeri-21,4
rpl28_PharynPeri-21,6
flrt2_PharynPeri-21,5
ppp2r5a_PharynPeri-21,5
nfkbiaa_PharynPeri-21,6
prkchb_PharynPeri-21,3
rps7_PharynPeri-21,6
nbas_PharynPeri-21,5
itpkb_PharynPeri-21,5
man1a1_PharynPeri-21,5
hsp90aa1.2_PharynPeri-21,1
CT027638.1_PharynPeri-21,5
mknk2b_PharynPeri-21,4
mgll_PharynPeri-21,5
rab11fip1a_PharynPeri-21,6
ncor2_PharynPeri-21,5
actc1b_PharynPeri-21,3
nfkbiab_PharynPeri-21,6
bcl11ba_PharynPeri-21,5
rpl13a_PharynPeri-21,6
grhl3_PharynPeri-21,2
lpin1_PharynPeri-21,6
crim1_PharynPeri-21,4
si:ch211-39i2.2_PharynPeri-21,1
zgc:92242_PharynPeri-21,6
hspa9_PharynPeri-21,1
selenot2_PharynPeri-21,6
stard14_PharynPeri-21,6
rpl39_PharynPeri-21,6
tnfaip3_PharynPeri-21,6
CU639469.1_PharynPeri-21,5
si:dkey-221j11.3_PharynPeri-21,4
itga9_PharynPeri-21,1
pard6a_PharynPeri-21,2
mctp2a_PharynPeri-21,5
tiparp_PharynPeri-21,6
fosb_PharynPeri-21,6
fam214a_PharynPeri-21,4
rpl35a_PharynPeri-21,1
ptenb_PharynPeri-21,1
cyth3a_PharynPeri-21,5
mcl1a_PharynPeri-21,6
ZC3H12A_PharynPeri-21,6
cyt1l_PharynPeri-21,1
cyt1_PharynPeri-21,1
krt17_PharynPeri-21,1
krt91_PharynPeri-21,6
xkr8.2_PharynPeri-21,4
jarid2b_PharynPeri-21,6
si:ch211-152p11.4_PharynPeri-21,6
eef1a1l1_PharynPeri-21,6
rpl11_PharynPeri-21,6
rpl14_PharynPeri-21,6
apoa1b_PharynPeri-21,6
foxo1a_PharynPeri-21,4
gab2_PharynPeri-21,6
slc1a5_PharynPeri-21,6
zbtb16b_PharynPeri-21,3
BX663520.2_PharynPeri-21,6
sik2b_PharynPeri-21,1
MARK4_PharynPeri-21,1
ksr1b_PharynPeri-21,5
stim1a_PharynPeri-21,6
ngef_PharynPeri-21,6
krt5_PharynPeri-21,1
foxp1a_PharynPeri-21,6
chl1a_PharynPeri-21,3
si:dkey-151g10.6_PharynPeri-21,6
ptpn22_PharynPeri-21,5
rps26_PharynPeri-21,6
dgkaa_PharynPeri-21,1
klf4_PharynPeri-21,6
rpl37.1_PharynPeri-21,6
ccng2_PharynPeri-21,6
prodha_PharynPeri-21,6
niban2a_PharynPeri-21,6
bicdl2l_PharynPeri-21,6
cldnb_PharynPeri-21,6
wwc1_PharynPeri-21,5
klf5l_PharynPeri-21,6
cpeb4b_PharynPeri-21,6
hspa4a_PharynPeri-21,2
arrdc2_PharynPeri-21,3
mapkapk2a_PharynPeri-21,1
cyldb_PharynPeri-21,6
rpl22_PharynPeri-21,6
gnai2a_PharynPeri-21,5
zgc:171772_PharynPeri-21,6
mat2aa_PharynPeri-21,4
ugcg_PharynPeri-21,4
slc20a1b_PharynPeri-21,6
rps6kb1a_PharynPeri-21,6
hspa8_PharynPeri-21,6
rps25_PharynPeri-21,6
CU467905.1_PharynPeri-21,6
ogdhb_PharynPeri-21,6
ncoa2_PharynPeri-21,5
rpl21_PharynPeri-21,6
klhl24b_PharynPeri-21,4
arhgap29a_PharynPeri-21,4
btg2_PharynPeri-21,6
rpl36_PharynPeri-21,6
cela1.6_PharynPeri-21,3
midn_PharynPeri-21,6
si:ch211-129c21.1_PharynPeri-21,6
RPS17_PharynPeri-21,6
prickle1a_PharynPeri-21,6
dgkzb_PharynPeri-21,5
pkp3a_PharynPeri-21,6
phlda2_PharynPeri-21,6
CABZ01080568.1_PharynPeri-21,5
mt-co1_PharynPeri-21,6
mt-co2_PharynPeri-21,6
mt-atp6_PharynPeri-21,6
mt-co3_PharynPeri-21,6
csrp2_PharynPeri-22,6
acsl4b_PharynPeri-22,6
myhz1.2_PharynPeri-22,4
myhz1.1_PharynPeri-22,4
dab2ipb_PharynPeri-22,5
ctsla_PharynPeri-22,4
hsp70.2_PharynPeri-22,2
vdrb_PharynPeri-22,4
rplp2_PharynPeri-22,5
xpr1b_PharynPeri-22,4
gabpa_PharynPeri-22,5
tuft1a_PharynPeri-22,6
si:dkey-79d12.5_PharynPeri-22,6
nfkbiaa_PharynPeri-22,6
prkchb_PharynPeri-22,3
fosab_PharynPeri-22,6
jdp2b_PharynPeri-22,6
RALGDS_PharynPeri-22,6
hps4_PharynPeri-22,4
nfkbiab_PharynPeri-22,6
abch1_PharynPeri-22,4
lpin1_PharynPeri-22,4
crim1_PharynPeri-22,4
ints10_PharynPeri-22,5
zgc:92242_PharynPeri-22,6
slc36a1_PharynPeri-22,4
ctso_PharynPeri-22,4
nocta_PharynPeri-22,6
tnfaip3_PharynPeri-22,6
si:dkey-221j11.3_PharynPeri-22,6
rcn2_PharynPeri-22,5
tiparp_PharynPeri-22,6
fosb_PharynPeri-22,6
zgc:153932.1_PharynPeri-22,3
cyt1l_PharynPeri-22,1
krt17_PharynPeri-22,1
ngef_PharynPeri-22,6
klf4_PharynPeri-22,6
ccng2_PharynPeri-22,6
bicdl2l_PharynPeri-22,6
klf5l_PharynPeri-22,6
midn_PharynPeri-22,6
dusp5_PharynPeri-22,6
glsl_PharynPeri-22,5
si:cabz01007794.1_PharynPeri-222,6
kdm6ba_PharynPeri-222,6
zgc:136461_PharynPeri-222,4
ctrb1_PharynPeri-222,4
apoa1a_PharynPeri-222,3
rasgef1ba_PharynPeri-222,6
ak5l_PharynPeri-222,5
sec23b_PharynPeri-222,6
slco2a1_PharynPeri-222,6
vdrb_PharynPeri-222,4
prelid3b_PharynPeri-222,6
amy2a_PharynPeri-222,4
ptgs2a_PharynPeri-222,6
csrnp1a_PharynPeri-222,4
igsf3_PharynPeri-222,6
ttn.1_PharynPeri-222,3
ttn.2_PharynPeri-222,3
tuft1a_PharynPeri-222,6
apoa4b.2_PharynPeri-222,5
si:dkey-79d12.5_PharynPeri-222,6
nr4a3_PharynPeri-222,6
tent5ba_PharynPeri-222,1
fabp10a_PharynPeri-222,4
fosab_PharynPeri-222,6
RALGDS_PharynPeri-222,6
actc1b_PharynPeri-222,3
nfkbiab_PharynPeri-222,6
abch1_PharynPeri-222,4
lpin1_PharynPeri-222,6
fosl2_PharynPeri-222,6
zgc:92242_PharynPeri-222,6
fosl1a_PharynPeri-222,4
nocta_PharynPeri-222,6
tnfaip3_PharynPeri-222,6
itga9_PharynPeri-222,5
CABZ01048956.1_PharynPeri-222,6
si:ch211-152p11.4_PharynPeri-222,6
mfsd2ab_PharynPeri-222,6
foxo1a_PharynPeri-222,6
slc1a5_PharynPeri-222,6
si:dkey-202l22.6_PharynPeri-222,1
ngef_PharynPeri-222,6
wu:fb18f06_PharynPeri-222,3
si:dkey-9l20.3_PharynPeri-222,6
chl1a_PharynPeri-222,3
dgkaa_PharynPeri-222,1
ccng2_PharynPeri-222,6
pcxa_PharynPeri-222,5
klf5l_PharynPeri-222,1
mapkapk2a_PharynPeri-222,1
cyldb_PharynPeri-222,6
dhrs13a.2_PharynPeri-222,6
arhgap29a_PharynPeri-222,4
btg2_PharynPeri-222,5
midn_PharynPeri-222,6
dusp5_PharynPeri-222,6
fetub_PharynPeri-222,4
prickle1a_PharynPeri-222,4
clcn2b_PharynPeri-222,1
slc38a4_PharynPeri-23,6
csrp2_PharynPeri-23,6
elk3_PharynPeri-23,5
pkp2_PharynPeri-23,6
lrrc17_PharynPeri-23,1
si:dkey-27n6.4_PharynPeri-23,5
CR788316.1_PharynPeri-23,3
AL935186.10_PharynPeri-23,6
ckap4_PharynPeri-23,5
CR926130.2_PharynPeri-23,3
si:cabz01007794.1_PharynPeri-23,4
pnp5a_PharynPeri-23,6
peli3_PharynPeri-23,1
kdm6ba_PharynPeri-23,6
ponzr3_PharynPeri-23,6
tnfsf10l_PharynPeri-23,5
si:dkey-172j4.3_PharynPeri-23,5
alox12_PharynPeri-23,4
eif4a1a_PharynPeri-23,1
rps13_PharynPeri-23,6
pde3b_PharynPeri-23,6
rorab_PharynPeri-23,4
tpma_PharynPeri-23,3
CR356242.1_PharynPeri-23,4
CT030129.1_PharynPeri-23,1
ctrb1_PharynPeri-23,4
creb3l1_PharynPeri-23,1
esyt2b_PharynPeri-23,4
rps17_PharynPeri-23,6
rbpjb_PharynPeri-23,5
stim2b_PharynPeri-23,5
tead1b_PharynPeri-23,3
rplp0_PharynPeri-23,6
ypel1_PharynPeri-23,5
AL954191.2_PharynPeri-23,6
pik3ip1_PharynPeri-23,4
npas2_PharynPeri-23,4
acsl4b_PharynPeri-23,6
klf9_PharynPeri-23,4
ela3l_PharynPeri-23,4
noxa1_PharynPeri-23,5
myhz1.2_PharynPeri-23,3
myhz1.1_PharynPeri-23,3
dab2ipb_PharynPeri-23,3
efnb1_PharynPeri-23,5
ckma_PharynPeri-23,4
slc12a9_PharynPeri-23,4
rasgef1ba_PharynPeri-23,6
mtmr12_PharynPeri-23,4
arid3c_PharynPeri-23,1
ctsla_PharynPeri-23,4
gna14_PharynPeri-23,5
man2a1_PharynPeri-23,5
bicdl2_PharynPeri-23,6
bckdk_PharynPeri-23,4
selenow1_PharynPeri-23,6
specc1_PharynPeri-23,6
amdhd2_PharynPeri-23,4
stat3_PharynPeri-23,3
crhr1_PharynPeri-23,5
BX569789.1_PharynPeri-23,5
hsp70.2_PharynPeri-23,2
rps15a_PharynPeri-23,6
abat_PharynPeri-23,1
rpl3_PharynPeri-23,1
rpl27_PharynPeri-23,6
fthl27_PharynPeri-23,4
mylpfa_PharynPeri-23,3
rpl23_PharynPeri-23,6
tnrc6c1_PharynPeri-23,5
zgc:100868_PharynPeri-23,2
mafk_PharynPeri-23,6
pdpk1a_PharynPeri-23,3
bahcc1a_PharynPeri-23,5
pvalb1_PharynPeri-23,3
sec23b_PharynPeri-23,6
als2b_PharynPeri-23,4
agap1_PharynPeri-23,5
stx8_PharynPeri-23,4
slco2a1_PharynPeri-23,6
dlg1_PharynPeri-23,3
rhcgl1_PharynPeri-23,4
slc9a7_PharynPeri-23,5
vdrb_PharynPeri-23,4
krt4_PharynPeri-23,1
srsf3a.1_PharynPeri-23,4
ENSDARG00000091625_PharynPeri-23,4
rplp2_PharynPeri-23,6
tead3b_PharynPeri-23,5
prelid3b_PharynPeri-23,6
egfra_PharynPeri-23,1
npc1_PharynPeri-23,6
prdx1_PharynPeri-23,2
xpr1b_PharynPeri-23,4
f3b_PharynPeri-23,6
elovl1a_PharynPeri-23,6
ptgs2a_PharynPeri-23,6
rreb1b_PharynPeri-23,5
csrnp1a_PharynPeri-23,6
rpl7_PharynPeri-23,6
apoda.2_PharynPeri-23,4
crema_PharynPeri-23,6
per2_PharynPeri-23,4
rorcb_PharynPeri-23,4
uba52_PharynPeri-23,6
b4galt1_PharynPeri-23,6
rps3a_PharynPeri-23,6
tmem131l_PharynPeri-23,5
tpt1_PharynPeri-23,6
FO834828.2_PharynPeri-23,6
FO681323.1_PharynPeri-23,6
smox_PharynPeri-23,6
nfixa_PharynPeri-23,5
ucp1_PharynPeri-23,4
triobpa_PharynPeri-23,4
dnajb1b_PharynPeri-23,2
bzw1b_PharynPeri-23,6
irs2b_PharynPeri-23,6
sik1_PharynPeri-23,6
si:ch211-214p13.3_PharynPeri-23,4
abcb6b_PharynPeri-23,5
scel_PharynPeri-23,6
tnfsf11_PharynPeri-23,5
tsc22d1_PharynPeri-23,5
neb_PharynPeri-23,3
hs6st3b_PharynPeri-23,5
slc49a4_PharynPeri-23,4
pdia5_PharynPeri-23,5
stat4_PharynPeri-23,5
ttn.1_PharynPeri-23,3
ttn.2_PharynPeri-23,3
ube2e3_PharynPeri-23,5
itprid2_PharynPeri-23,5
stk39_PharynPeri-23,5
rpl31_PharynPeri-23,6
grb10b_PharynPeri-23,2
nbeal2_PharynPeri-23,5
mpp6a_PharynPeri-23,6
tuft1a_PharynPeri-23,6
icn_PharynPeri-23,5
icn2_PharynPeri-23,4
apoa4b.2.1_PharynPeri-23,3
rps19_PharynPeri-23,6
si:dkey-79d12.5_PharynPeri-23,6
prss59.2_PharynPeri-23,4
nr4a3_PharynPeri-23,6
vps72b_PharynPeri-23,4
tent5ba_PharynPeri-23,1
stt3b_PharynPeri-23,5
si:ch211-135n15.2_PharynPeri-23,5
plcl2_PharynPeri-23,5
dab1a_PharynPeri-23,6
flrt2_PharynPeri-23,5
ppp2r5a_PharynPeri-23,5
nfkbiaa_PharynPeri-23,6
prkchb_PharynPeri-23,3
nudt14_PharynPeri-23,5
clocka_PharynPeri-23,3
gmds_PharynPeri-23,6
armc2_PharynPeri-23,4
nbas_PharynPeri-23,5
mycn_PharynPeri-23,2
ivns1abpa_PharynPeri-23,2
itpkb_PharynPeri-23,5
si:dkey-7c18.24_PharynPeri-23,6
fosab_PharynPeri-23,6
hsp90ab1_PharynPeri-23,1
faua_PharynPeri-23,6
CT027638.1_PharynPeri-23,6
lonrf1l_PharynPeri-23,4
ndufaf2_PharynPeri-23,4
mknk2b_PharynPeri-23,4
slc38a5a_PharynPeri-23,6
RALGDS_PharynPeri-23,6
rab11fip1a_PharynPeri-23,6
hps4_PharynPeri-23,4
zgc:194007_PharynPeri-23,3
actc1b_PharynPeri-23,3
ptpn21_PharynPeri-23,6
nfkbiab_PharynPeri-23,6
samd4a_PharynPeri-23,1
bcl11ba_PharynPeri-23,5
ugp2b_PharynPeri-23,5
abch1_PharynPeri-23,4
lpin1_PharynPeri-23,6
tpp1_PharynPeri-23,4
crim1_PharynPeri-23,4
fosl2_PharynPeri-23,6
aspg_PharynPeri-23,4
zgc:92242_PharynPeri-23,6
dusp1_PharynPeri-23,6
selenot2_PharynPeri-23,6
nr3c1_PharynPeri-23,5
slc36a1_PharynPeri-23,4
mid2_PharynPeri-23,6
slc7a2_PharynPeri-23,5
si:rp71-46j2.7_PharynPeri-23,6
stard14_PharynPeri-23,6
rpl39_PharynPeri-23,6
lonrf1_PharynPeri-23,4
ctso_PharynPeri-23,4
si:ch211-195b11.3_PharynPeri-23,5
CR383676.3_PharynPeri-23,5
nocta_PharynPeri-23,6
ddx21_PharynPeri-23,1
tnfaip3_PharynPeri-23,6
elovl6l_PharynPeri-23,6
smap1_PharynPeri-23,1
ldb1a_PharynPeri-23,5
CU639469.1_PharynPeri-23,5
six4a_PharynPeri-23,6
arg2_PharynPeri-23,6
cfl1l_PharynPeri-23,6
rrbp1a_PharynPeri-23,5
lgmn_PharynPeri-23,4
itga9_PharynPeri-23,1
herc4_PharynPeri-23,1
rps3_PharynPeri-23,1
si:dkey-30c15.2_PharynPeri-23,6
ctsd_PharynPeri-23,4
ampd3b_PharynPeri-23,5
admb_PharynPeri-23,4
mctp2a_PharynPeri-23,5
sema4ba_PharynPeri-23,6
malt3_PharynPeri-23,5
gse1_PharynPeri-23,6
tiparp_PharynPeri-23,6
fosb_PharynPeri-23,6
vaspb_PharynPeri-23,5
zgc:158464_PharynPeri-23,5
tob1b_PharynPeri-23,6
atp2a1l_PharynPeri-23,4
ptenb_PharynPeri-23,2
cyth3a_PharynPeri-23,2
plekhs1_PharynPeri-23,3
zgc:158404_PharynPeri-23,5
srsf2a_PharynPeri-23,5
fasn_PharynPeri-23,4
rpl38_PharynPeri-23,6
si:dkey-239b22.1_PharynPeri-23,5
ppp2r2d_PharynPeri-23,2
FO904966.2_PharynPeri-23,6
CABZ01048956.1_PharynPeri-23,6
FO904966.1_PharynPeri-23,3
zgc:153932_PharynPeri-23,3
zgc:153932.1_PharynPeri-23,5
mcl1a_PharynPeri-23,6
rplp1_PharynPeri-23,6
si:ch211-149a19.3_PharynPeri-23,5
krtt1c19e_PharynPeri-23,6
cyt1l_PharynPeri-23,6
cyt1_PharynPeri-23,6
krt17_PharynPeri-23,1
krt91_PharynPeri-23,6
si:ch211-264f5.6_PharynPeri-23,4
rps27.1_PharynPeri-23,6
cited4a_PharynPeri-23,4
spaca4l_PharynPeri-23,6
xkr8.2_PharynPeri-23,4
jarid2b_PharynPeri-23,6
si:ch211-152p11.4_PharynPeri-23,6
mfsd2ab_PharynPeri-23,6
cdk6_PharynPeri-23,5
eef1a1l1_PharynPeri-23,6
nme2b.1_PharynPeri-23,6
rpl14_PharynPeri-23,6
slc25a15a_PharynPeri-23,1
foxo1a_PharynPeri-23,4
gab2_PharynPeri-23,6
slc1a5_PharynPeri-23,6
si:dkey-202l22.6_PharynPeri-23,6
tubd1_PharynPeri-23,6
zbtb16b_PharynPeri-23,4
ppp1r14ab_PharynPeri-23,5
BX663520.2_PharynPeri-23,4
sik2b_PharynPeri-23,1
BX572077.1_PharynPeri-23,4
laynb_PharynPeri-23,6
tlcd2_PharynPeri-23,6
myo1cb_PharynPeri-23,5
ssh2a_PharynPeri-23,6
nf1a_PharynPeri-23,5
ksr1b_PharynPeri-23,5
arl4aa_PharynPeri-23,5
ngef_PharynPeri-23,6
nlrc8_PharynPeri-23,4
krt5_PharynPeri-23,6
chl1a_PharynPeri-23,3
zgc:154075_PharynPeri-23,4
plekhn1_PharynPeri-23,6
ptpn22_PharynPeri-23,2
galnt6_PharynPeri-23,3
rps12_PharynPeri-23,6
sgk1_PharynPeri-23,6
dgkaa_PharynPeri-23,1
hoxc3a_PharynPeri-23,5
pfn1_PharynPeri-23,5
klf4_PharynPeri-23,6
rpl37.1_PharynPeri-23,6
ccng2_PharynPeri-23,6
prodha_PharynPeri-23,4
celf4_PharynPeri-23,5
rxraa_PharynPeri-23,5
rpl17_PharynPeri-23,6
cldnb_PharynPeri-23,6
pcxa_PharynPeri-23,3
pacs1a_PharynPeri-23,5
gfpt2_PharynPeri-23,5
rps14_PharynPeri-23,6
klf5l_PharynPeri-23,6
siah2l_PharynPeri-23,5
traf4b_PharynPeri-23,5
cpeb4b_PharynPeri-23,1
p4ha2_PharynPeri-23,1
hspa4a_PharynPeri-23,1
rps15_PharynPeri-23,6
cdh27_PharynPeri-23,6
arrdc2_PharynPeri-23,3
mapkapk2a_PharynPeri-23,1
srgap2_PharynPeri-23,3
maf1_PharynPeri-23,3
cyldb_PharynPeri-23,6
rpl22_PharynPeri-23,6
ier2b_PharynPeri-23,6
gnai2a_PharynPeri-23,5
rps23_PharynPeri-23,6
zgc:171772_PharynPeri-23,6
grk5_PharynPeri-23,5
plpp1a_PharynPeri-23,6
rabgap1_PharynPeri-23,5
ugcg_PharynPeri-23,4
zfand5b_PharynPeri-23,6
slc12a2_PharynPeri-23,5
slc20a1b_PharynPeri-23,6
slc43a2b_PharynPeri-23,4
rps6kb1a_PharynPeri-23,1
hspa8_PharynPeri-23,1
robo3_PharynPeri-23,5
fryb_PharynPeri-23,4
ccdc169_PharynPeri-23,4
sparta_PharynPeri-23,6
si:dkey-259j3.5_PharynPeri-23,6
rps25_PharynPeri-23,6
zgc:113625_PharynPeri-23,5
CU467905.1_PharynPeri-23,6
ogdhb_PharynPeri-23,4
ipo4_PharynPeri-23,5
pck2_PharynPeri-23,5
csrnp1b_PharynPeri-23,6
rpl21_PharynPeri-23,6
zmp:0000000991_PharynPeri-23,4
hhla2b.2_PharynPeri-23,4
adgrg2a_PharynPeri-23,1
klhl24b_PharynPeri-23,4
arhgap29a_PharynPeri-23,4
cpne3_PharynPeri-23,4
btg2_PharynPeri-23,6
nuak2_PharynPeri-23,6
cela1.6_PharynPeri-23,4
midn_PharynPeri-23,6
si:ch211-129c21.1_PharynPeri-23,6
rgs2_PharynPeri-23,1
dusp5_PharynPeri-23,6
fetub_PharynPeri-23,6
RPS17_PharynPeri-23,6
prickle1a_PharynPeri-23,6
hbp1_PharynPeri-23,4
dgkzb_PharynPeri-23,5
ca5a_PharynPeri-23,6
nav2b_PharynPeri-23,5
immp2l_PharynPeri-23,5
pkp3a_PharynPeri-23,6
phlda2_PharynPeri-23,1
si:dkeyp-19e1.3_PharynPeri-23,1
CABZ01080568.1_PharynPeri-23,2
ano9a_PharynPeri-23,4
clcn2b_PharynPeri-23,6
CABZ01069162.1_PharynPeri-23,4
slc38a4_PharynPeri-25,4
tm7sf3_PharynPeri-25,5
csrp2_PharynPeri-25,6
snd1_PharynPeri-25,5
tmcc3_PharynPeri-25,5
si:dkey-27n6.4_PharynPeri-25,5
AL935186.10_PharynPeri-25,6
CR926130.2_PharynPeri-25,6
si:dkey-187j14.4_PharynPeri-25,5
dusp19b_PharynPeri-25,4
pnp5a_PharynPeri-25,6
lrrk1_PharynPeri-25,5
rplp2l_PharynPeri-25,6
peli3_PharynPeri-25,1
kdm6ba_PharynPeri-25,6
ponzr3_PharynPeri-25,6
tnfsf10l_PharynPeri-25,5
si:dkey-172j4.3_PharynPeri-25,5
arrb2b_PharynPeri-25,5
pde3b_PharynPeri-25,6
herc1_PharynPeri-25,5
rorab_PharynPeri-25,6
CT030129.1_PharynPeri-25,1
zgc:136461_PharynPeri-25,4
si:ch211-260e23.9_PharynPeri-25,4
myzap_PharynPeri-25,6
camk2d1_PharynPeri-25,3
stim2b_PharynPeri-25,5
tead1b_PharynPeri-25,3
swap70a_PharynPeri-25,5
ppargc1a_PharynPeri-25,1
ypel1_PharynPeri-25,3
AL954191.2_PharynPeri-25,6
limk2_PharynPeri-25,4
pik3ip1_PharynPeri-25,3
chmp1b_PharynPeri-25,4
acsl4b_PharynPeri-25,6
arap1a_PharynPeri-25,3
zfand5a_PharynPeri-25,6
noxa1_PharynPeri-25,5
myhz1.3_PharynPeri-25,3
myhz1.2_PharynPeri-25,3
myhz1.1_PharynPeri-25,3
dab2ipb_PharynPeri-25,5
tmprss13b_PharynPeri-25,6
apoa1a_PharynPeri-25,6
rasgef1ba_PharynPeri-25,6
mtmr12_PharynPeri-25,4
ctsla_PharynPeri-25,4
cert1a_PharynPeri-25,5
gna14_PharynPeri-25,5
bicdl2_PharynPeri-25,6
bckdk_PharynPeri-25,4
rxrab_PharynPeri-25,4
stip1_PharynPeri-25,1
amdhd2_PharynPeri-25,4
hspbp1_PharynPeri-25,1
arl5c_PharynPeri-25,6
stat3_PharynPeri-25,5
crhr1_PharynPeri-25,5
atp2a1_PharynPeri-25,3
hsp70.2_PharynPeri-25,2
hsp70.3_PharynPeri-25,1
arhgdig_PharynPeri-25,5
si:ch73-367p23.2_PharynPeri-25,3
mylpfa_PharynPeri-25,3
tnrc6c1_PharynPeri-25,5
rps11_PharynPeri-25,6
zgc:100868_PharynPeri-25,2
pdpk1a_PharynPeri-25,4
sec23b_PharynPeri-25,6
pik3r6a_PharynPeri-25,3
lmo4b_PharynPeri-25,5
slc9a7_PharynPeri-25,5
vdrb_PharynPeri-25,4
krt4_PharynPeri-25,1
ip6k2a_PharynPeri-25,4
ENSDARG00000091625_PharynPeri-25,4
rplp2_PharynPeri-25,6
prelid3b_PharynPeri-25,6
foxq1a_PharynPeri-25,4
egfra_PharynPeri-25,1
npc1_PharynPeri-25,6
xpr1b_PharynPeri-25,4
prkag2b_PharynPeri-25,5
f3b_PharynPeri-25,6
elovl1a_PharynPeri-25,5
rreb1b_PharynPeri-25,5
rps28_PharynPeri-25,4
crema_PharynPeri-25,6
ccl20a.3_PharynPeri-25,5
rorcb_PharynPeri-25,4
farp1_PharynPeri-25,5
mylz3_PharynPeri-25,3
b4galt1_PharynPeri-25,6
FNIP2_PharynPeri-25,4
gab1_PharynPeri-25,5
nr3c2_PharynPeri-25,3
FO834828.2_PharynPeri-25,6
FO681323.1_PharynPeri-25,6
smox_PharynPeri-25,4
si:dkey-9i23.6_PharynPeri-25,5
lef1_PharynPeri-25,6
ucp1_PharynPeri-25,4
triobpa_PharynPeri-25,4
dnajb1b_PharynPeri-25,4
bzw1b_PharynPeri-25,6
irs2b_PharynPeri-25,6
ankrd10b_PharynPeri-25,5
sik1_PharynPeri-25,6
lacc1_PharynPeri-25,5
tsc22d1_PharynPeri-25,5
lmo7a_PharynPeri-25,4
neb_PharynPeri-25,3
hs6st3b_PharynPeri-25,5
hspd1_PharynPeri-25,2
slc49a4_PharynPeri-25,4
stat4_PharynPeri-25,3
glsb_PharynPeri-25,5
ttn.1_PharynPeri-25,3
ttn.2_PharynPeri-25,3
itprid2_PharynPeri-25,5
tank_PharynPeri-25,3
zc3h12a_PharynPeri-25,5
mboat1_PharynPeri-25,4
grb10b_PharynPeri-25,2
hdac9b_PharynPeri-25,5
mpp6a_PharynPeri-25,6
tuft1a_PharynPeri-25,6
icn2_PharynPeri-25,4
si:dkey-79d12.5_PharynPeri-25,6
prss1_PharynPeri-25,4
bcl3_PharynPeri-25,5
prss59.1_PharynPeri-25,4
prss59.2_PharynPeri-25,4
nr4a3_PharynPeri-25,6
rhbg_PharynPeri-25,5
vps72b_PharynPeri-25,4
tent5ba_PharynPeri-25,1
si:ch211-135n15.2_PharynPeri-25,3
plcl2_PharynPeri-25,5
fabp10a_PharynPeri-25,4
igfbp1a_PharynPeri-25,6
serpina1_PharynPeri-25,6
ppp2r5a_PharynPeri-25,5
nfkbiaa_PharynPeri-25,6
tdh_PharynPeri-25,4
prkchb_PharynPeri-25,3
adam17b_PharynPeri-25,5
armc2_PharynPeri-25,4
ivns1abpa_PharynPeri-25,2
niban1a_PharynPeri-25,4
adgrf8_PharynPeri-25,5
itpkb_PharynPeri-25,5
fosab_PharynPeri-25,6
hsp90aa1.2_PharynPeri-25,5
faua_PharynPeri-25,6
CABZ01037174.1_PharynPeri-25,5
stap2b_PharynPeri-25,5
mpeg1.2_PharynPeri-25,5
mknk2b_PharynPeri-25,4
mgll_PharynPeri-25,5
RALGDS_PharynPeri-25,6
TMEM132C.1_PharynPeri-25,5
rab11fip1a_PharynPeri-25,6
hps4_PharynPeri-25,4
CABZ01044746.1_PharynPeri-25,6
zgc:194007_PharynPeri-25,5
nfkbiab_PharynPeri-25,6
znf395a_PharynPeri-25,5
ston2_PharynPeri-25,4
abch1_PharynPeri-25,4
lpin1_PharynPeri-25,6
crim1_PharynPeri-25,4
fosl2_PharynPeri-25,6
aspg_PharynPeri-25,4
PIGG_PharynPeri-25,5
si:ch211-39i2.2_PharynPeri-25,1
zgc:92242_PharynPeri-25,6
tcirg1b_PharynPeri-25,5
selenot2_PharynPeri-25,6
egr1_PharynPeri-25,6
nr3c1_PharynPeri-25,5
arhgef37_PharynPeri-25,2
slc36a1_PharynPeri-25,4
klhl4_PharynPeri-25,5
fosl1a_PharynPeri-25,6
stard14_PharynPeri-25,6
lonrf1_PharynPeri-25,4
ctso_PharynPeri-25,4
nocta_PharynPeri-25,6
tnfaip3_PharynPeri-25,6
CABZ01033394.1_PharynPeri-25,5
epcam_PharynPeri-25,6
march8_PharynPeri-25,5
zgc:193505_PharynPeri-25,6
nfkb2_PharynPeri-25,3
smap1_PharynPeri-25,1
six4a_PharynPeri-25,6
arg2_PharynPeri-25,6
rrbp1a_PharynPeri-25,6
lgmn_PharynPeri-25,4
si:dkey-221j11.3_PharynPeri-25,6
rsrp1_PharynPeri-25,2
itga9_PharynPeri-25,6
herc4_PharynPeri-25,5
ric8b_PharynPeri-25,6
ctsh_PharynPeri-25,5
plekha7a_PharynPeri-25,5
tiparp_PharynPeri-25,6
fosb_PharynPeri-25,6
barx2_PharynPeri-25,5
ca15a_PharynPeri-25,2
ca15c_PharynPeri-25,1
plekha1b_PharynPeri-25,5
cyth3a_PharynPeri-25,2
plekhs1_PharynPeri-25,3
zgc:158404_PharynPeri-25,5
thbs2b_PharynPeri-25,4
fasn_PharynPeri-25,4
si:dkey-239b22.1_PharynPeri-25,5
si:ch73-181m17.1_PharynPeri-25,4
CU914622.2_PharynPeri-25,5
FO904966.2_PharynPeri-25,6
CABZ01048956.1_PharynPeri-25,6
FO904966.1_PharynPeri-25,3
zgc:153932_PharynPeri-25,3
zgc:153932.1_PharynPeri-25,5
trim16_PharynPeri-25,6
mcl1a_PharynPeri-25,6
si:ch211-149a19.3_PharynPeri-25,5
krtt1c19e_PharynPeri-25,1
cyt1l_PharynPeri-25,6
krt17_PharynPeri-25,1
krt91_PharynPeri-25,6
pvrl2l_PharynPeri-25,5
urgcp_PharynPeri-25,3
spaca4l_PharynPeri-25,6
grb10a_PharynPeri-25,1
si:ch211-152p11.4_PharynPeri-25,6
mfsd2ab_PharynPeri-25,6
fuca1.2_PharynPeri-25,3
si:ch211-250g4.3_PharynPeri-25,6
cdk6_PharynPeri-25,5
apoa1b_PharynPeri-25,6
porb_PharynPeri-25,1
foxo1a_PharynPeri-25,6
gab2_PharynPeri-25,6
slc1a5_PharynPeri-25,6
tubd1_PharynPeri-25,6
zbtb16b_PharynPeri-25,4
ppp1r14ab_PharynPeri-25,5
ulk2_PharynPeri-25,6
BX663520.2_PharynPeri-25,4
sik2b_PharynPeri-25,1
tlcd2_PharynPeri-25,4
pitpnm3_PharynPeri-25,5
bcas3_PharynPeri-25,1
myo1cb_PharynPeri-25,5
ssh2a_PharynPeri-25,6
ksr1b_PharynPeri-25,5
arl4aa_PharynPeri-25,5
ngef_PharynPeri-25,6
nlrc8_PharynPeri-25,4
slc25a36b_PharynPeri-25,4
wu:fb18f06_PharynPeri-25,4
foxp1a_PharynPeri-25,4
chl1a_PharynPeri-25,3
dnmt3bb.1_PharynPeri-25,5
zgc:154075_PharynPeri-25,6
plekhn1_PharynPeri-25,6
rps26_PharynPeri-25,6
znf385a_PharynPeri-25,6
tnfrsf9a_PharynPeri-25,3
rps12_PharynPeri-25,6
sgk1_PharynPeri-25,6
dgkaa_PharynPeri-25,1
klf4_PharynPeri-25,6
ccni_PharynPeri-25,6
ccng2_PharynPeri-25,6
prodha_PharynPeri-25,4
cel.1_PharynPeri-25,4
rxraa_PharynPeri-25,5
bicdl2l_PharynPeri-25,6
cldnb_PharynPeri-25,6
pcxa_PharynPeri-25,5
actn3a_PharynPeri-25,3
TENM2.1_PharynPeri-25,3
klf5l_PharynPeri-25,6
cpeb4b_PharynPeri-25,1
hspa4a_PharynPeri-25,2
pparg_PharynPeri-25,5
b3gnt5a_PharynPeri-25,6
arrdc2_PharynPeri-25,3
srgap2_PharynPeri-25,5
cyldb_PharynPeri-25,6
ier2b_PharynPeri-25,6
gnai2a_PharynPeri-25,5
trim62.1_PharynPeri-25,5
grk5_PharynPeri-25,5
mat2aa_PharynPeri-25,4
strbp_PharynPeri-25,5
ugcg_PharynPeri-25,4
zfand5b_PharynPeri-25,6
slc20a1b_PharynPeri-25,6
efnb3a_PharynPeri-25,5
slc7a1a_PharynPeri-25,1
rps6kb1a_PharynPeri-25,4
hyou1_PharynPeri-25,5
hspa8_PharynPeri-25,1
cux1a_PharynPeri-25,5
sparta_PharynPeri-25,6
ypel2a_PharynPeri-25,6
si:dkey-259j3.5_PharynPeri-25,6
si:dkey-259j3.5.1_PharynPeri-25,4
dhrs13a.2_PharynPeri-25,6
dhrs13a.1_PharynPeri-25,6
zgc:172131_PharynPeri-25,5
zgc:113625_PharynPeri-25,5
CU467905.1_PharynPeri-25,6
ssbp2_PharynPeri-25,2
ogdhb_PharynPeri-25,4
rreb1a_PharynPeri-25,5
arfgef1_PharynPeri-25,5
myd88_PharynPeri-25,6
klhl24b_PharynPeri-25,4
pld1b_PharynPeri-25,5
arhgap29a_PharynPeri-25,4
wu:fj05g07_PharynPeri-25,2
atg9b_PharynPeri-25,4
btg2_PharynPeri-25,6
nuak2_PharynPeri-25,6
cela1.6_PharynPeri-25,4
si:ch211-156p11.1_PharynPeri-25,4
rad54l2_PharynPeri-25,6
mgat5_PharynPeri-25,5
stat1a_PharynPeri-25,4
midn_PharynPeri-25,6
cdc34a_PharynPeri-25,4
si:ch211-129c21.1_PharynPeri-25,6
rgs2_PharynPeri-25,6
p3h2_PharynPeri-25,5
hmox2a_PharynPeri-25,4
hbp1_PharynPeri-25,4
dgkzb_PharynPeri-25,5
muc5.1_PharynPeri-25,5
ca5a_PharynPeri-25,6
nav2b_PharynPeri-25,5
immp2l_PharynPeri-25,5
pkp3a_PharynPeri-25,6
si:dkeyp-19e1.3_PharynPeri-25,4
hsd17b12a_PharynPeri-25,1
CABZ01080568.1_PharynPeri-25,2
clcn2b_PharynPeri-25,1
CABZ01069162.1_PharynPeri-25,4
slc38a4_PharynPeri-26,6
csrp2_PharynPeri-26,6
pde3a_PharynPeri-26,6
net1_PharynPeri-26,6
BX465862.4_PharynPeri-26,4
pkp2_PharynPeri-26,6
tcp11l2_PharynPeri-26,4
snd1_PharynPeri-26,5
si:dkeyp-4c4.1_PharynPeri-26,4
si:ch211-258f1.3_PharynPeri-26,5
si:dkey-27n6.4_PharynPeri-26,5
si:dkey-84h14.1.1_PharynPeri-26,5
AL935186.10_PharynPeri-26,6
CR926130.2_PharynPeri-26,3
si:cabz01007794.1_PharynPeri-26,6
pnp5a_PharynPeri-26,6
si:ch73-335l21.4_PharynPeri-26,6
kdm6ba_PharynPeri-26,6
si:dkey-85k7.7_PharynPeri-26,6
tnfsf10l_PharynPeri-26,5
si:dkey-172j4.3_PharynPeri-26,5
arrb2b_PharynPeri-26,5
eif4a1a_PharynPeri-26,6
si:dkey-62k3.6_PharynPeri-26,5
pde3b_PharynPeri-26,6
herc1_PharynPeri-26,5
vps13c_PharynPeri-26,3
tpma_PharynPeri-26,3
CT030129.1_PharynPeri-26,1
zgc:112160_PharynPeri-26,4
zgc:136461_PharynPeri-26,4
ctrb1_PharynPeri-26,4
creb3l1_PharynPeri-26,1
tnnt3b_PharynPeri-26,3
si:ch211-260e23.9_PharynPeri-26,4
cdh29_PharynPeri-26,1
myo9aa_PharynPeri-26,5
SEMA4F_PharynPeri-26,5
rbpjb_PharynPeri-26,5
stim2b_PharynPeri-26,5
swap70a_PharynPeri-26,5
rplp0_PharynPeri-26,6
sat1a.2_PharynPeri-26,1
ypel1_PharynPeri-26,3
mxd1_PharynPeri-26,3
arap1a_PharynPeri-26,3
ela3l_PharynPeri-26,4
histh1l_PharynPeri-26,4
tcima_PharynPeri-26,6
adam28_PharynPeri-26,6
grin1b_PharynPeri-26,6
myhz1.3_PharynPeri-26,3
myhz1.2_PharynPeri-26,3
myhz1.1_PharynPeri-26,3
dab2ipb_PharynPeri-26,5
efnb1_PharynPeri-26,5
ckma_PharynPeri-26,4
tmprss13b_PharynPeri-26,1
slc12a9_PharynPeri-26,4
rasgef1ba_PharynPeri-26,6
ctsla_PharynPeri-26,4
kank1a_PharynPeri-26,4
zgc:110626_PharynPeri-26,4
gcnt4a_PharynPeri-26,6
slc14a2_PharynPeri-26,6
gna14_PharynPeri-26,5
rasa4_PharynPeri-26,5
bckdk_PharynPeri-26,2
ak5l_PharynPeri-26,5
gldc_PharynPeri-26,1
stip1_PharynPeri-26,1
mmd_PharynPeri-26,5
vasnb_PharynPeri-26,4
amdhd2_PharynPeri-26,4
arl5c_PharynPeri-26,6
zgc:113333_PharynPeri-26,5
crhr1_PharynPeri-26,5
ep300b_PharynPeri-26,5
atp2a1_PharynPeri-26,3
hsp70.1_PharynPeri-26,2
hsp70.2_PharynPeri-26,2
hsp70.3_PharynPeri-26,1
arhgdig_PharynPeri-26,5
rpl27_PharynPeri-26,6
si:ch73-367p23.2_PharynPeri-26,3
rpl23_PharynPeri-26,4
ier2a_PharynPeri-26,6
pdxdc1_PharynPeri-26,5
abcc6b.2_PharynPeri-26,6
PLEKHH3_PharynPeri-26,1
actb2_PharynPeri-26,6
mafk_PharynPeri-26,6
pdpk1a_PharynPeri-26,4
epn3a_PharynPeri-26,5
rhbdf1a_PharynPeri-26,5
socs3a_PharynPeri-26,6
pvalb1_PharynPeri-26,3
st3gal3a_PharynPeri-26,3
sec23b_PharynPeri-26,6
agap1_PharynPeri-26,5
stx8_PharynPeri-26,3
prkcaa_PharynPeri-26,3
pik3r6a_PharynPeri-26,5
PKN2_PharynPeri-26,5
hdlbpa_PharynPeri-26,1
slco2a1_PharynPeri-26,1
atp1b1a_PharynPeri-26,6
dlg1_PharynPeri-26,5
rhcgl1_PharynPeri-26,4
traf3ip2l_PharynPeri-26,5
slc9a7_PharynPeri-26,5
atp10a_PharynPeri-26,5
vdrb_PharynPeri-26,1
krt4_PharynPeri-26,1
ppil1_PharynPeri-26,2
arl8ba_PharynPeri-26,4
ENSDARG00000091625_PharynPeri-26,4
rplp2_PharynPeri-26,6
rps26l_PharynPeri-26,4
sdc4_PharynPeri-26,6
tead3b_PharynPeri-26,5
prelid3b_PharynPeri-26,6
igfbp1b_PharynPeri-26,6
foxq1a_PharynPeri-26,4
egfra_PharynPeri-26,1
npc1_PharynPeri-26,6
xpr1b_PharynPeri-26,4
f3b_PharynPeri-26,6
amy2a_PharynPeri-26,4
arhgef4_PharynPeri-26,3
tfa_PharynPeri-26,6
elovl1a_PharynPeri-26,6
ptgs2a_PharynPeri-26,6
plcd1b_PharynPeri-26,4
mllt1b_PharynPeri-26,5
rps28_PharynPeri-26,4
pde4ca_PharynPeri-26,5
apoda.2_PharynPeri-26,4
uggt1_PharynPeri-26,5
crema_PharynPeri-26,6
per2_PharynPeri-26,4
rorcb_PharynPeri-26,4
jund_PharynPeri-26,6
uba52_PharynPeri-26,6
farp1_PharynPeri-26,5
mylz3_PharynPeri-26,3
b4galt1_PharynPeri-26,6
FNIP2_PharynPeri-26,4
slit2_PharynPeri-26,5
tmem131l_PharynPeri-26,5
psip1a_PharynPeri-26,5
irs2a_PharynPeri-26,6
prkx_PharynPeri-26,5
nr3c2_PharynPeri-26,3
FO834828.2_PharynPeri-26,6
FO681323.1_PharynPeri-26,6
CABZ01072532.1_PharynPeri-26,6
smox_PharynPeri-26,6
rnf11a_PharynPeri-26,4
abca1a_PharynPeri-26,4
ucp1_PharynPeri-26,4
dnajb1b_PharynPeri-26,2
bzw1b_PharynPeri-26,6
kalrna_PharynPeri-26,5
st6gal2a_PharynPeri-26,5
irs2b_PharynPeri-26,6
ankrd10b_PharynPeri-26,5
sik1_PharynPeri-26,6
si:ch211-214p13.3_PharynPeri-26,4
abcb6b_PharynPeri-26,4
lacc1_PharynPeri-26,3
lmo7a_PharynPeri-26,6
neb_PharynPeri-26,3
hspd1_PharynPeri-26,5
ddx3xa_PharynPeri-26,6
slc49a4_PharynPeri-26,4
pdia5_PharynPeri-26,5
stat4_PharynPeri-26,3
nab1b_PharynPeri-26,5
ttn.1_PharynPeri-26,3
ttn.2_PharynPeri-26,3
itprid2_PharynPeri-26,5
stk39_PharynPeri-26,5
fign_PharynPeri-26,4
tank_PharynPeri-26,5
ednrbb_PharynPeri-26,4
zc3h12a_PharynPeri-26,5
mboat1_PharynPeri-26,1
grb10b_PharynPeri-26,2
si:ch73-22o12.1_PharynPeri-26,5
ankib1b_PharynPeri-26,3
hdac9b_PharynPeri-26,5
osbpl3b_PharynPeri-26,1
tuft1a_PharynPeri-26,6
efna1b_PharynPeri-26,4
apoa4b.2_PharynPeri-26,5
apoa4b.2.1_PharynPeri-26,3
si:dkey-79d12.5_PharynPeri-26,6
prss1_PharynPeri-26,4
fbxo32_PharynPeri-26,4
bcl3_PharynPeri-26,5
prss59.1_PharynPeri-26,4
prss59.2_PharynPeri-26,4
nr4a3_PharynPeri-26,6
pnrc2_PharynPeri-26,6
tent5ba_PharynPeri-26,4
stt3b_PharynPeri-26,5
si:ch211-135n15.2_PharynPeri-26,5
gapdhs_PharynPeri-26,2
tmem176l.4_PharynPeri-26,5
si:ch73-31d8.2_PharynPeri-26,5
plcl2_PharynPeri-26,5
serpinb14_PharynPeri-26,1
sptlc2b_PharynPeri-26,6
igfbp1a_PharynPeri-26,6
dsc2l_PharynPeri-26,4
serpina1_PharynPeri-26,6
ppp2r5a_PharynPeri-26,5
nfkbiaa_PharynPeri-26,6
tdh_PharynPeri-26,4
prkchb_PharynPeri-26,3
daam1b_PharynPeri-26,4
clocka_PharynPeri-26,5
pdia6_PharynPeri-26,5
apobb.1_PharynPeri-26,3
sash1a_PharynPeri-26,3
armc2_PharynPeri-26,4
ostm1_PharynPeri-26,4
nbas_PharynPeri-26,5
ptgs2b_PharynPeri-26,6
ivns1abpa_PharynPeri-26,1
adgrf8_PharynPeri-26,5
itpkb_PharynPeri-26,5
smpdl3a_PharynPeri-26,4
dcbld1_PharynPeri-26,5
fosab_PharynPeri-26,6
jdp2b_PharynPeri-26,6
nfkbie_PharynPeri-26,3
hsp90aa1.2_PharynPeri-26,5
rps29_PharynPeri-26,4
faua_PharynPeri-26,4
CT027638.1_PharynPeri-26,6
pim2_PharynPeri-26,4
ampd1_PharynPeri-26,3
lonrf1l_PharynPeri-26,4
mpeg1.2_PharynPeri-26,3
mknk2b_PharynPeri-26,4
itpr3_PharynPeri-26,5
ela2l_PharynPeri-26,4
si:ch211-196c10.15_PharynPeri-26,5
nt5dc2_PharynPeri-26,5
slc38a5a_PharynPeri-26,6
cebpb_PharynPeri-26,6
dock8_PharynPeri-26,5
RALGDS_PharynPeri-26,6
lmx1bb_PharynPeri-26,6
rab11fip1a_PharynPeri-26,6
pdlim2_PharynPeri-26,1
sorbs3_PharynPeri-26,5
hps4_PharynPeri-26,4
zgc:194007_PharynPeri-26,5
egr3_PharynPeri-26,6
actc1b_PharynPeri-26,3
si:ch73-340m8.2_PharynPeri-26,5
nfkbiab_PharynPeri-26,6
ston2_PharynPeri-26,3
bcl11ba_PharynPeri-26,5
ank3a_PharynPeri-26,4
atp6v1ba_PharynPeri-26,2
pank1a_PharynPeri-26,4
abch1_PharynPeri-26,4
grhl3_PharynPeri-26,2
ctsl.1_PharynPeri-26,3
lpin1_PharynPeri-26,6
tpp1_PharynPeri-26,4
eml1_PharynPeri-26,3
crip1_PharynPeri-26,5
pax9_PharynPeri-26,5
crim1_PharynPeri-26,4
zgc:174356_PharynPeri-26,4
fosl2_PharynPeri-26,6
aspg_PharynPeri-26,4
si:ch211-39i2.2_PharynPeri-26,1
zgc:92242_PharynPeri-26,6
si:ch211-153b23.4_PharynPeri-26,5
si:ch211-153b23.5_PharynPeri-26,5
znf185_PharynPeri-26,3
dusp1_PharynPeri-26,6
selenot2_PharynPeri-26,6
ids_PharynPeri-26,5
egr1_PharynPeri-26,6
nr3c1_PharynPeri-26,5
slc26a2_PharynPeri-26,1
slc36a1_PharynPeri-26,4
TSC22D3_PharynPeri-26,4
fosl1a_PharynPeri-26,4
si:rp71-46j2.7_PharynPeri-26,6
stard14_PharynPeri-26,6
rpl39_PharynPeri-26,4
lonrf1_PharynPeri-26,4
sh3tc2_PharynPeri-26,4
ctso_PharynPeri-26,4
nocta_PharynPeri-26,6
tnfaip3_PharynPeri-26,6
epcam_PharynPeri-26,6
march8_PharynPeri-26,3
zgc:193505_PharynPeri-26,6
galnt2_PharynPeri-26,5
acta1b_PharynPeri-26,3
osr1_PharynPeri-26,2
sobpa_PharynPeri-26,6
arg2_PharynPeri-26,6
macrod2_PharynPeri-26,5
lgmn_PharynPeri-26,4
FRMD1_PharynPeri-26,4
si:dkey-221j11.3_PharynPeri-26,6
CR376783.1_PharynPeri-26,5
itga9_PharynPeri-26,6
herc4_PharynPeri-26,1
fgd4a_PharynPeri-26,5
ric8b_PharynPeri-26,6
ampd3b_PharynPeri-26,5
cbfb_PharynPeri-26,5
mctp2a_PharynPeri-26,5
slco3a1_PharynPeri-26,5
plekha7a_PharynPeri-26,5
tiparp_PharynPeri-26,6
itpkcb_PharynPeri-26,6
fosb_PharynPeri-26,6
fam214a_PharynPeri-26,6
barx2_PharynPeri-26,5
tob1b_PharynPeri-26,6
SLC39A11_PharynPeri-26,5
TANC2_PharynPeri-26,3
ca15c_PharynPeri-26,1
dlx3b_PharynPeri-26,4
plekha1b_PharynPeri-26,5
atp2a1l_PharynPeri-26,3
ptenb_PharynPeri-26,2
cyth3a_PharynPeri-26,5
si:rp71-1c10.11_PharynPeri-26,5
plekhs1_PharynPeri-26,3
kcnk1a_PharynPeri-26,6
fasn_PharynPeri-26,1
bahcc1b_PharynPeri-26,5
si:dkey-239b22.1_PharynPeri-26,5
CU914622.2_PharynPeri-26,3
FO904966.2_PharynPeri-26,6
CABZ01048956.1_PharynPeri-26,6
FO904966.1_PharynPeri-26,3
zgc:153932_PharynPeri-26,3
zgc:153932.1_PharynPeri-26,5
mcl1a_PharynPeri-26,6
si:ch211-149a19.3_PharynPeri-26,5
thrap3b_PharynPeri-26,5
krtt1c19e_PharynPeri-26,6
urgcp_PharynPeri-26,3
tent5bb_PharynPeri-26,6
osbpl3a_PharynPeri-26,6
pkhd1l1_PharynPeri-26,1
pard6gb_PharynPeri-26,5
mylipa_PharynPeri-26,4
si:ch211-152p11.4_PharynPeri-26,6
mfsd2ab_PharynPeri-26,6
fuca1.2_PharynPeri-26,3
ctnnal1_PharynPeri-26,1
nme2b.2_PharynPeri-26,3
nme2b.1_PharynPeri-26,6
porb_PharynPeri-26,1
foxo1a_PharynPeri-26,6
slc1a5_PharynPeri-26,6
zbtb16b_PharynPeri-26,4
ppp1r14ab_PharynPeri-26,5
BX663520.2_PharynPeri-26,6
sik2b_PharynPeri-26,1
pitpnm3_PharynPeri-26,5
myo1cb_PharynPeri-26,5
ssh2a_PharynPeri-26,6
ksr1b_PharynPeri-26,5
stard13b_PharynPeri-26,6
ctrl_PharynPeri-26,4
ngef_PharynPeri-26,6
si:ch211-281l24.3_PharynPeri-26,4
nlrc8_PharynPeri-26,4
slc25a36b_PharynPeri-26,4
si:ch211-191a16.2_PharynPeri-26,5
wu:fb18f06_PharynPeri-26,4
tead3a_PharynPeri-26,5
NAV1_PharynPeri-26,5
krt18a.1_PharynPeri-26,6
chl1a_PharynPeri-26,3
tnnc2_PharynPeri-26,3
zgc:154075_PharynPeri-26,6
rap1gap_PharynPeri-26,3
plekhn1_PharynPeri-26,6
ctdsp2_PharynPeri-26,3
si:dkey-205h13.2_PharynPeri-26,6
zgc:158263_PharynPeri-26,3
slc25a33_PharynPeri-26,6
tnfrsf9a_PharynPeri-26,3
sgk1_PharynPeri-26,6
nr4a1_PharynPeri-26,6
dgkaa_PharynPeri-26,6
hoxc3a_PharynPeri-26,5
mical1_PharynPeri-26,3
stk35_PharynPeri-26,1
klf4_PharynPeri-26,6
rpl37.1_PharynPeri-26,4
ccni_PharynPeri-26,6
ccng2_PharynPeri-26,6
prodha_PharynPeri-26,6
f2rl1.2_PharynPeri-26,6
cel.1_PharynPeri-26,4
niban2a_PharynPeri-26,6
rxraa_PharynPeri-26,5
dub_PharynPeri-26,5
bicdl2l_PharynPeri-26,6
cldnb_PharynPeri-26,6
pcxa_PharynPeri-26,5
pacs1a_PharynPeri-26,5
gfpt2_PharynPeri-26,5
klf5l_PharynPeri-26,6
traf4b_PharynPeri-26,5
cpeb4b_PharynPeri-26,4
p4ha2_PharynPeri-26,5
hspa4a_PharynPeri-26,2
cdh27_PharynPeri-26,6
krt15_PharynPeri-26,6
arrdc2_PharynPeri-26,4
prkcdb_PharynPeri-26,1
cdh4_PharynPeri-26,5
srgap2_PharynPeri-26,5
top1l_PharynPeri-26,6
ephb2b_PharynPeri-26,4
plekha3_PharynPeri-26,3
ier2b_PharynPeri-26,6
gnai2a_PharynPeri-26,5
sox13_PharynPeri-26,5
errfi1a_PharynPeri-26,1
ets2_PharynPeri-26,6
grk5_PharynPeri-26,5
rabgap1_PharynPeri-26,4
strbp_PharynPeri-26,5
ugcg_PharynPeri-26,4
zfand5b_PharynPeri-26,6
slc20a1b_PharynPeri-26,6
synj1_PharynPeri-26,3
rps6kb1a_PharynPeri-26,1
hspa8_PharynPeri-26,1
si:dkey-259j3.5_PharynPeri-26,6
si:dkey-259j3.5.1_PharynPeri-26,6
ucp2_PharynPeri-26,6
dhrs13a.2_PharynPeri-26,6
myo18aa_PharynPeri-26,5
zgc:172131_PharynPeri-26,5
zgc:113625_PharynPeri-26,5
si:ch211-139n6.3_PharynPeri-26,5
ssbp2_PharynPeri-26,2
ogdhb_PharynPeri-26,4
rreb1a_PharynPeri-26,5
klf6a_PharynPeri-26,1
ncoa2_PharynPeri-26,5
klhl24b_PharynPeri-26,4
CR352209.2_PharynPeri-26,5
arhgap29a_PharynPeri-26,4
vav3a_PharynPeri-26,4
wu:fj05g07_PharynPeri-26,2
si:ch73-78o10.1_PharynPeri-26,5
atg9b_PharynPeri-26,6
CABZ01055347.1_PharynPeri-26,5
smyhc2_PharynPeri-26,3
btg2_PharynPeri-26,6
nuak2_PharynPeri-26,6
rpl36_PharynPeri-26,4
cela1.6_PharynPeri-26,4
mgat5_PharynPeri-26,5
lpl_PharynPeri-26,4
midn_PharynPeri-26,6
cdc34a_PharynPeri-26,6
si:ch211-129c21.1_PharynPeri-26,6
rgs2_PharynPeri-26,6
p3h2_PharynPeri-26,5
dusp5_PharynPeri-26,6
fetub_PharynPeri-26,6
prickle1a_PharynPeri-26,1
hbp1_PharynPeri-26,4
dgkzb_PharynPeri-26,5
anpepb_PharynPeri-26,6
ca5a_PharynPeri-26,6
TMEM263.1_PharynPeri-26,3
actc1c_PharynPeri-26,4
nav2b_PharynPeri-26,5
ccnd2a_PharynPeri-26,4
cpa5_PharynPeri-26,4
pkp3a_PharynPeri-26,6
phlda2_PharynPeri-26,5
si:dkeyp-19e1.3_PharynPeri-26,1
tmem86a_PharynPeri-26,4
hsd17b12a_PharynPeri-26,1
tnni2a.4_PharynPeri-26,3
CABZ01080568.1_PharynPeri-26,2
chst6_PharynPeri-26,1
ano9a_PharynPeri-26,6
mt-nd1_PharynPeri-26,6
mt-co1_PharynPeri-26,6
mt-co2_PharynPeri-26,6
mt-atp6_PharynPeri-26,6
mt-co3_PharynPeri-26,6
mt-nd4_PharynPeri-26,6
mt-nd5_PharynPeri-26,6
mt-cyb_PharynPeri-26,6
clcn2b_PharynPeri-26,1
slc38a4_PharynPeri-28,6
csrp2_PharynPeri-28,6
pkp2_PharynPeri-28,6
si:dkey-27n6.4_PharynPeri-28,5
AL935186.10_PharynPeri-28,6
CR926130.2_PharynPeri-28,3
C7H4orf54_PharynPeri-28,6
si:ch73-335l21.1_PharynPeri-28,1
kdm6ba_PharynPeri-28,6
pde3b_PharynPeri-28,6
ctrb1_PharynPeri-28,4
tnnt3b_PharynPeri-28,3
myo9aa_PharynPeri-28,5
rbpjb_PharynPeri-28,5
stim2b_PharynPeri-28,5
mbd2_PharynPeri-28,6
npas2_PharynPeri-28,4
acsl4b_PharynPeri-28,6
myhz2_PharynPeri-28,3
myhz1.3_PharynPeri-28,5
myhz1.2_PharynPeri-28,3
myhz1.1_PharynPeri-28,3
tmprss13b_PharynPeri-28,4
slc12a9_PharynPeri-28,4
rasgef1ba_PharynPeri-28,6
arid3c_PharynPeri-28,5
UBB_PharynPeri-28,4
gna14_PharynPeri-28,5
pisd_PharynPeri-28,5
stip1_PharynPeri-28,2
amdhd2_PharynPeri-28,4
hspbp1_PharynPeri-28,2
arl5c_PharynPeri-28,6
zgc:113333_PharynPeri-28,5
crhr1_PharynPeri-28,5
atp2a1_PharynPeri-28,3
hsp70.1_PharynPeri-28,2
hsp70.2_PharynPeri-28,2
hsp70.3_PharynPeri-28,2
mylpfa_PharynPeri-28,3
dlx4a_PharynPeri-28,1
zgc:100868_PharynPeri-28,2
mafk_PharynPeri-28,6
sec23b_PharynPeri-28,6
stx8_PharynPeri-28,3
slco2a1_PharynPeri-28,4
dlg1_PharynPeri-28,5
vdrb_PharynPeri-28,4
krt4_PharynPeri-28,1
rplp2_PharynPeri-28,6
prelid3b_PharynPeri-28,6
foxq1a_PharynPeri-28,4
egfra_PharynPeri-28,1
npc1_PharynPeri-28,6
bambib_PharynPeri-28,4
xpr1b_PharynPeri-28,4
f3b_PharynPeri-28,6
ptgs2a_PharynPeri-28,6
csrnp1a_PharynPeri-28,4
crema_PharynPeri-28,6
tgm1l1_PharynPeri-28,6
jund_PharynPeri-28,1
mylz3_PharynPeri-28,4
b4galt1_PharynPeri-28,6
FO834828.2_PharynPeri-28,6
FO681323.1_PharynPeri-28,6
CABZ01072532.1_PharynPeri-28,6
smox_PharynPeri-28,4
lef1_PharynPeri-28,1
abca1a_PharynPeri-28,4
bzw1b_PharynPeri-28,6
ankrd10b_PharynPeri-28,5
sik1_PharynPeri-28,6
lacc1_PharynPeri-28,5
tsc22d1_PharynPeri-28,5
lmo7a_PharynPeri-28,6
ttn.1_PharynPeri-28,3
ttn.2_PharynPeri-28,3
itprid2_PharynPeri-28,5
cobll1b_PharynPeri-28,3
ednrbb_PharynPeri-28,4
grb10b_PharynPeri-28,2
tuft1a_PharynPeri-28,6
si:dkey-79d12.5_PharynPeri-28,6
prss1_PharynPeri-28,4
dtnbp1a_PharynPeri-28,4
nr4a3_PharynPeri-28,6
vps72b_PharynPeri-28,4
stt3b_PharynPeri-28,5
plcl2_PharynPeri-28,3
sptlc2b_PharynPeri-28,6
nfkbiaa_PharynPeri-28,6
prkchb_PharynPeri-28,3
nudt14_PharynPeri-28,5
fryl_PharynPeri-28,1
si:dkey-177p2.6_PharynPeri-28,1
apobb.1_PharynPeri-28,3
armc2_PharynPeri-28,4
nbas_PharynPeri-28,5
itpkb_PharynPeri-28,5
smpdl3a_PharynPeri-28,4
dcbld1_PharynPeri-28,5
fosab_PharynPeri-28,6
jdp2b_PharynPeri-28,6
CT027638.1_PharynPeri-28,6
hsp70l_PharynPeri-28,2
cebpb_PharynPeri-28,1
RALGDS_PharynPeri-28,6
slc15a4_PharynPeri-28,4
hps4_PharynPeri-28,4
actc1b_PharynPeri-28,3
nfkbiab_PharynPeri-28,6
abch1_PharynPeri-28,4
lpin1_PharynPeri-28,4
crim1_PharynPeri-28,4
fosl2_PharynPeri-28,6
ahsa1b_PharynPeri-28,1
aspg_PharynPeri-28,4
si:ch211-39i2.2_PharynPeri-28,2
zgc:92242_PharynPeri-28,6
selenot2_PharynPeri-28,6
arhgef37_PharynPeri-28,2
slc36a1_PharynPeri-28,4
fosl1a_PharynPeri-28,1
stard14_PharynPeri-28,6
sh3tc2_PharynPeri-28,3
ctso_PharynPeri-28,4
nocta_PharynPeri-28,6
tnfaip3_PharynPeri-28,6
smap1_PharynPeri-28,1
arg2_PharynPeri-28,4
lgmn_PharynPeri-28,4
si:dkey-221j11.3_PharynPeri-28,6
rsrp1_PharynPeri-28,4
itga9_PharynPeri-28,1
herc4_PharynPeri-28,1
ric8b_PharynPeri-28,6
pard6a_PharynPeri-28,2
mctp2a_PharynPeri-28,5
tiparp_PharynPeri-28,6
fosb_PharynPeri-28,6
barx2_PharynPeri-28,5
tob1b_PharynPeri-28,6
nbr1a_PharynPeri-28,4
zgc:158404_PharynPeri-28,5
fasn_PharynPeri-28,1
FO904966.1_PharynPeri-28,3
mcl1a_PharynPeri-28,6
si:ch211-80h18.1_PharynPeri-28,5
apoea_PharynPeri-28,3
osbpl3a_PharynPeri-28,6
jarid2b_PharynPeri-28,6
si:ch211-152p11.4_PharynPeri-28,6
mfsd2ab_PharynPeri-28,6
macf1a_PharynPeri-28,5
nme2b.2_PharynPeri-28,3
apoa1b_PharynPeri-28,6
foxo1a_PharynPeri-28,6
gab2_PharynPeri-28,6
slc1a5_PharynPeri-28,6
zbtb16b_PharynPeri-28,3
BX663520.2_PharynPeri-28,6
sik2b_PharynPeri-28,6
hif1al_PharynPeri-28,6
ssh2a_PharynPeri-28,6
ksr1b_PharynPeri-28,5
ngef_PharynPeri-28,6
chl1a_PharynPeri-28,3
dgkaa_PharynPeri-28,1
hoxc3a_PharynPeri-28,5
klf4_PharynPeri-28,6
ccni_PharynPeri-28,6
ccng2_PharynPeri-28,6
prodha_PharynPeri-28,4
niban2a_PharynPeri-28,6
rxraa_PharynPeri-28,5
pacs1a_PharynPeri-28,5
klf5l_PharynPeri-28,6
hspa4a_PharynPeri-28,2
si:ch211-63i20.3_PharynPeri-28,5
arrdc2_PharynPeri-28,4
mapkapk2a_PharynPeri-28,1
gnai2a_PharynPeri-28,5
mat2aa_PharynPeri-28,4
rabgap1_PharynPeri-28,4
strbp_PharynPeri-28,5
zfand5b_PharynPeri-28,6
slc20a1b_PharynPeri-28,6
rps6kb1a_PharynPeri-28,1
ripk4_PharynPeri-28,2
si:dkey-259j3.5_PharynPeri-28,6
dhrs13a.2_PharynPeri-28,6
myo18aa_PharynPeri-28,5
zgc:113625_PharynPeri-28,5
CU467905.1_PharynPeri-28,6
rreb1a_PharynPeri-28,5
hhla2b.2_PharynPeri-28,4
adgrg2a_PharynPeri-28,1
klhl24b_PharynPeri-28,4
pld1b_PharynPeri-28,3
arhgap29a_PharynPeri-28,4
wu:fj05g07_PharynPeri-28,2
CABZ01055347.1_PharynPeri-28,5
btg2_PharynPeri-28,6
nuak2_PharynPeri-28,6
BX323453.1_PharynPeri-28,1
midn_PharynPeri-28,6
si:ch211-129c21.1_PharynPeri-28,6
p3h2_PharynPeri-28,1
hbp1_PharynPeri-28,4
ccnd2a_PharynPeri-28,4
immp2l_PharynPeri-28,5
pkp3a_PharynPeri-28,6
tnni2a.4_PharynPeri-28,3
CABZ01080568.1_PharynPeri-28,2
chst6_PharynPeri-28,6
myhz1.2_PharynPeri-31,3
myhz1.1_PharynPeri-31,3
hsp90aa1.2_PharynPeri-31,1
klf4_PharynPeri-31,6
midn_PharynPeri-31,6
arhgap10_Pharynx-264,5
ttn.1_Pharynx-264,3
ttn.2_Pharynx-264,3
icn_Pharynx-264,1
vipas39_Pharynx-264,5
actc1b_Pharynx-264,3
jmjd7_Pharynx-264,5
si:ch73-288o11.5_Pharynx-264,5
pitx2_Pharynx-264,5
itga6l_Pharynx-264,5
si:dkey-96g2.1_Pharynx-264,5
hoxc3a_Pharynx-264,5
anxa4_Pharynx-264,5
chsy1_PharynxClo-67,1
tpma_PharynxClo-67,3
tnnt3b_PharynxClo-67,3
rplp0_PharynxClo-67,3
acsl4b_PharynxClo-67,2
myhz1.2_PharynxClo-67,3
myhz1.1_PharynxClo-67,3
ckma_PharynxClo-67,3
rpl27_PharynxClo-67,4
mylpfa_PharynxClo-67,4
pvalb4_PharynxClo-67,3
pvalb1_PharynxClo-67,3
clstn2_PharynxClo-67,5
eef2b_PharynxClo-67,3
mylz3_PharynxClo-67,3
ttn.2_PharynxClo-67,3
kcnn4_PharynxClo-67,4
rps9_PharynxClo-67,3
hsp90aa1.2_PharynxClo-67,5
actc1b_PharynxClo-67,3
lpin1_PharynxClo-67,6
acta1b_PharynxClo-67,3
pvalb2_PharynxClo-67,3
rplp1_PharynxClo-67,4
nme2b.2_PharynxClo-67,3
rps14_PharynxClo-67,4
slc20a1b_PharynxClo-67,1
tnni2a.4_PharynxClo-67,3
ttn.2_PharyPouch-89,3
hsp90aa1.2_PharyPouch-89,1
kif26ba_PharyPouch-89,3
lpin1_PharyPouch-89,4
myhz1.3_PhotRecPre-204,3
myhz1.1_PhotRecPre-204,3
ttn.2_PhotRecPre-204,3
tfa_PneumDucSu-88,4
ttn.1_PneumDucSu-88,3
ttn.2_PneumDucSu-88,3
actc1b_PneumDucSu-88,3
sftpba_PneumDucSu-88,4
ntf3_PostEpider-71,1
CR356233.1_PostEpider-71,5
foxp2_PostEpider-71,5
AL935186.10_PostEpider-71,6
dusp19b_PostEpider-71,4
pnp5a_PostEpider-71,6
clcn5b_PostEpider-71,1
slc7a8a_PostEpider-71,6
rps13_PostEpider-71,6
ctrb1_PostEpider-71,4
dgkza_PostEpider-71,5
tnnt3b_PostEpider-71,3
col4a6_PostEpider-71,5
camk2d1_PostEpider-71,3
galnt18b_PostEpider-71,5
zgc:158463_PostEpider-71,6
rplp0_PostEpider-71,6
dhrs11a_PostEpider-71,5
hk2_PostEpider-71,1
znrf3_PostEpider-71,5
rpl36a_PostEpider-71,6
acsl4b_PostEpider-71,6
zfand5a_PostEpider-71,4
klf9_PostEpider-71,4
myhz1.3_PostEpider-71,3
myhz1.2_PostEpider-71,4
rpl7a_PostEpider-71,6
apoa1a_PostEpider-71,6
si:ch211-210g13.5_PostEpider-71,5
ddx5_PostEpider-71,1
atp2a1_PostEpider-71,3
rbfox1_PostEpider-71,5
sept12_PostEpider-71,5
si:ch73-367p23.2_PostEpider-71,3
rpl23_PostEpider-71,6
rps11_PostEpider-71,4
actb2_PostEpider-71,6
rhbdf1a_PostEpider-71,5
pvalb1_PostEpider-71,3
rps27a_PostEpider-71,6
hs2st1b_PostEpider-71,3
farp2_PostEpider-71,5
krt4_PostEpider-71,6
padi2_PostEpider-71,5
rplp2_PostEpider-71,6
rps26l_PostEpider-71,6
gnai2b_PostEpider-71,5
rps10_PostEpider-71,6
prelid3b_PostEpider-71,6
wnt9a_PostEpider-71,5
egfra_PostEpider-71,4
fndc3ba_PostEpider-71,5
rps8a_PostEpider-71,6
rpl7_PostEpider-71,6
crema_PostEpider-71,6
per2_PostEpider-71,4
sh3gl1a_PostEpider-71,3
sema4e_PostEpider-71,5
rpl24_PostEpider-71,4
mylz3_PostEpider-71,3
pcdh7a_PostEpider-71,5
bnc2_PostEpider-71,5
rnf24_PostEpider-71,5
abca1a_PostEpider-71,4
bzw1b_PostEpider-71,1
gsk3ba_PostEpider-71,2
neb_PostEpider-71,3
hspd1_PostEpider-71,1
rftn2_PostEpider-71,5
ttn.1_PostEpider-71,3
ttn.2_PostEpider-71,3
rpl31_PostEpider-71,6
rpl18_PostEpider-71,6
nop2_PostEpider-71,1
ddr1_PostEpider-71,5
tuft1a_PostEpider-71,6
apoa4b.2.1_PostEpider-71,3
rps19_PostEpider-71,6
si:dkey-79d12.5_PostEpider-71,4
prss1_PostEpider-71,3
prss59.2_PostEpider-71,4
rps9_PostEpider-71,6
znf385d_PostEpider-71,5
rpl28_PostEpider-71,6
sptlc2b_PostEpider-71,1
igfbp1a_PostEpider-71,4
dsc2l_PostEpider-71,4
flrt2_PostEpider-71,5
thbs1b_PostEpider-71,1
rps7_PostEpider-71,6
sesn1_PostEpider-71,6
BX088686.1_PostEpider-71,2
hivep2a_PostEpider-71,1
si:dkey-7c18.24_PostEpider-71,1
rps29_PostEpider-71,4
CT027638.1_PostEpider-71,6
skia_PostEpider-71,5
mknk2b_PostEpider-71,4
ela2l_PostEpider-71,4
slc15a4_PostEpider-71,4
tp73_PostEpider-71,5
actc1b_PostEpider-71,3
runx2a_PostEpider-71,4
rpl13a_PostEpider-71,6
arhgef10_PostEpider-71,5
rps6ka1_PostEpider-71,5
ctsl.1_PostEpider-71,5
lpin1_PostEpider-71,6
kidins220a_PostEpider-71,3
rnf144aa_PostEpider-71,5
fosl2_PostEpider-71,6
odc1_PostEpider-71,6
hbegfa_PostEpider-71,6
fosl1a_PostEpider-71,2
atp11c_PostEpider-71,5
nocta_PostEpider-71,6
ube2d2l_PostEpider-71,2
VIT_PostEpider-71,5
si:ch211-165e15.1_PostEpider-71,5
mcu_PostEpider-71,5
meis1b_PostEpider-71,5
epcam_PostEpider-71,1
rps24_PostEpider-71,4
plek2_PostEpider-71,2
actn1_PostEpider-71,5
rps3_PostEpider-71,6
fam107b_PostEpider-71,1
mtss1la_PostEpider-71,6
selenoo1_PostEpider-71,6
rpl4_PostEpider-71,6
itga3b_PostEpider-71,5
mylpfb_PostEpider-71,3
rbfox3a_PostEpider-71,5
rplp1_PostEpider-71,6
krtt1c19e_PostEpider-71,6
cyt1_PostEpider-71,6
krt91_PostEpider-71,6
pdk2b_PostEpider-71,4
rpl30_PostEpider-71,6
eef1a1l1_PostEpider-71,6
rpl11_PostEpider-71,6
nme2b.2_PostEpider-71,3
rpl14_PostEpider-71,4
porb_PostEpider-71,6
slc25a15a_PostEpider-71,1
foxo1a_PostEpider-71,1
traf4a_PostEpider-71,5
ulk2_PostEpider-71,6
sik2b_PostEpider-71,6
ckmb_PostEpider-71,3
postnb_PostEpider-71,5
rps5_PostEpider-71,4
actn4_PostEpider-71,1
krt5_PostEpider-71,6
tnnc2_PostEpider-71,3
noc2l_PostEpider-71,1
si:dkey-151g10.6_PostEpider-71,4
znf385a_PostEpider-71,5
rps12_PostEpider-71,4
lima1a_PostEpider-71,2
plekhg5b_PostEpider-71,4
pfn1_PostEpider-71,5
klf4_PostEpider-71,6
TCF4_PostEpider-71,1
rpl37.1_PostEpider-71,4
ccng2_PostEpider-71,6
actn3a_PostEpider-71,3
cxxc5a_PostEpider-71,5
rps14_PostEpider-71,6
hspa4a_PostEpider-71,2
rpl29_PostEpider-71,4
MDFI_PostEpider-71,5
rpl22_PostEpider-71,6
zgc:171772_PostEpider-71,6
ets2_PostEpider-71,6
zfand5b_PostEpider-71,6
slc20a1b_PostEpider-71,1
postna_PostEpider-71,5
alcama_PostEpider-71,5
stard13a_PostEpider-71,5
hhla2a.1_PostEpider-71,4
hhla2a.2_PostEpider-71,4
mmp30_PostEpider-71,6
rps25_PostEpider-71,4
sulf1_PostEpider-71,5
klhl24b_PostEpider-71,4
col11a1a_PostEpider-71,5
cebpd_PostEpider-71,6
rnd3a_PostEpider-71,6
tpm4a_PostEpider-71,6
midn_PostEpider-71,6
si:ch211-117l17.6_PostEpider-71,4
rpl32_PostEpider-71,6
GRM7_PostEpider-71,3
snrkb_PostEpider-71,6
ccnd2a_PostEpider-71,3
pkp3a_PostEpider-71,6
rassf7a_PostEpider-71,2
CR381618.1_PostEpider-71,5
tnni2a.4_PostEpider-71,3
myhz1.2_PronCilPod-39,5
myhz1.1_PronCilPod-39,5
mylpfa_PronCilPod-39,3
hsp90aa1.2_PronCilPod-39,5
myhz2_PronGlomer-134,3
myhz1.1_PronGlomer-134,3
atp2a1_PronGlomer-134,3
mylpfa_PronGlomer-134,5
ttn.1_PronGlomer-134,3
ttn.2_PronGlomer-134,3
actc1b_PronGlomer-134,3
iqsec1b_PronGlomer-134,5
mt-co1_PronGlomer-134,4
mt-co2_PronGlomer-134,4
mt-atp6_PronGlomer-134,3
chsy1_PronProxCT-190,6
tpma_PronProxCT-190,3
zgc:136461_PronProxCT-190,4
ctrb1_PronProxCT-190,4
tnnt3b_PronProxCT-190,4
kremen1_PronProxCT-190,3
SUSD2_PronProxCT-190,3
myhz2_PronProxCT-190,3
myhz1.1_PronProxCT-190,3
ckma_PronProxCT-190,4
si:ch73-141c7.1_PronProxCT-190,6
mylpfa_PronProxCT-190,4
pvalb4_PronProxCT-190,4
pvalb1_PronProxCT-190,3
kalrnb_PronProxCT-190,6
lurap1_PronProxCT-190,6
pck1_PronProxCT-190,6
prelid3b_PronProxCT-190,6
mylz3_PronProxCT-190,4
grb10b_PronProxCT-190,4
prss1_PronProxCT-190,4
prss59.2_PronProxCT-190,4
LO017815.1_PronProxCT-190,5
igfbp1a_PronProxCT-190,6
hsp90aa1.2_PronProxCT-190,1
slc6a8_PronProxCT-190,6
ela2l_PronProxCT-190,4
ggt1a_PronProxCT-190,1
actc1b_PronProxCT-190,4
lpin1_PronProxCT-190,6
nocta_PronProxCT-190,6
phactr2_PronProxCT-190,6
atp2a1l_PronProxCT-190,4
crygmx_PronProxCT-190,3
oat_PronProxCT-190,6
slc6a19a.1_PronProxCT-190,5
dscamb_PronProxCT-190,6
sik2b_PronProxCT-190,6
ckmb_PronProxCT-190,3
krt18a.1_PronProxCT-190,2
slc25a33_PronProxCT-190,4
prodha_PronProxCT-190,6
polq_PronProxCT-190,1
hspa4a_PronProxCT-190,1
pde4cb_PronProxCT-190,3
opn1lw2_PronProxCT-190,4
rreb1a_PronProxCT-190,5
grid1b_PronProxST-189,2
ctrb1_PurkinjeNe-188,4
tnnt3b_PurkinjeNe-188,4
myhz1.2_PurkinjeNe-188,6
myhz1.1_PurkinjeNe-188,3
mylpfa_PurkinjeNe-188,3
mylz3_PurkinjeNe-188,4
ttn.1_PurkinjeNe-188,3
ttn.2_PurkinjeNe-188,3
cadm4_PurkinjeNe-188,6
hsp90aa1.2_PurkinjeNe-188,1
pbx3b_PurkinjeNe-188,5
ptprua_PurkinjeNe-188,5
myhz2_PurkorReGa-179,3
myhz1.2_Radialgli-109,3
lpin1_Radialgli-109,4
myhz1.1_Radialgli-111,5
lpin1_Radialgli-111,4
BX322555.3_Radialgli-201,2
si:dkey-183j2.10_Radialgli-201,1
ctrb1_RetGangCel-173,4
tnnt3b_RetGangCel-173,4
lpp_RetGangCel-173,6
fkbp5_RetGangCel-173,1
tnr_RetGangCel-173,4
mylz3_RetGangCel-173,3
ttn.1_RetGangCel-173,3
tns1b_RetGangCel-173,3
prss1_RetGangCel-173,4
ptprub_RetGangCel-173,6
satb1b_RetGangCel-173,5
actc1b_RetGangCel-173,3
aff2_RetGangCel-173,5
grid1b_RetGangCel-173,5
atp2a1l_RetGangCel-173,3
pvalb2_RetGangCel-173,3
nxph1_RetGangCel-173,4
cela1.6_RetGangCel-173,4
tpma_RetialConN-167,3
tnnt3b_RetialConN-167,3
myhz1.3_RetialConN-167,3
ckma_RetialConN-167,3
ak1_RetialConN-167,3
atp2a1_RetialConN-167,4
mylpfa_RetialConN-167,3
gpr146_RetialConN-167,4
pvalb1_RetialConN-167,3
krt4_RetialConN-167,6
rorcb_RetialConN-167,4
mylz3_RetialConN-167,4
abca1a_RetialConN-167,4
ttn.1_RetialConN-167,3
ttn.2_RetialConN-167,3
neurod1_RetialConN-167,4
prss59.2_RetialConN-167,3
apobb.1_RetialConN-167,3
plch2a_RetialConN-167,4
actc1b_RetialConN-167,3
lpin1_RetialConN-167,4
si:ch211-221f10.2_RetialConN-167,1
CR383676.3_RetialConN-167,5
atp2a1l_RetialConN-167,4
tcf7l2_RetialConN-167,5
hivep1_RetialConN-167,6
mylipa_RetialConN-167,4
nme2b.2_RetialConN-167,3
foxo1a_RetialConN-167,4
camk1gb_RetialConN-167,4
ppm1e_RetialConN-167,1
cela1.6_RetialConN-167,4
dgkzb_RetialConN-167,4
ccnd2a_RetialConN-167,3
mt-co1_RetialConN-167,4
myhz2_RetinalRod-258,3
myhz1.2_RetinalRod-258,5
myhz1.1_RetinalRod-258,3
zgc:194659_RetinalRod-258,1
pvalb1_RetinalRod-258,3
pde6ha_RetinalRod-258,4
ttn.1_RetinalRod-258,3
ttn.2_RetinalRod-258,3
ckbb_RetinalRod-258,4
slc8a1b_RetinalRod-258,5
rps3_RetinalRod-258,3
rpl35a_RetinalRod-258,4
atp2a1l_RetinalRod-258,4
slc25a32a_RetinalRod-258,6
gngt1_RetinalRod-258,4
abcg1_RetinalRod-258,6
rbp2a_RetinalRod-258,4
ctrl_RetinalRod-258,4
rpl37.1_RetinalRod-258,4
rps25_RetinalRod-258,4
cela1.6_RetinalRod-258,4
rpl32_RetinalRod-258,4
hmg20a_RetinalRod-258,1
myhz1.2_RetPigEpit-136,3
myhz1.1_RetPigEpit-136,3
ifitm1_RetPigEpit-136,4
olfm2a_RetPigEpit-136,5
rps3a_RetPigEpit-136,4
crygm2d12_RetPigEpit-136,2
crygm2d4_RetPigEpit-136,4
crygm2d2_RetPigEpit-136,2
ttn.1_RetPigEpit-136,3
ttn.2_RetPigEpit-136,3
faua_RetPigEpit-136,4
lpin1_RetPigEpit-136,4
unc5a_RetPigEpit-136,5
crygmx_RetPigEpit-136,2
serpinh1b_RetPigEpit-136,5
rpl37.1_RetPigEpit-136,4
slc43a2b_RetPigEpit-136,6
smyhc2_RetPigEpit-136,4
wnt5b_RetPigEpit-137,5
pcxb_RetPigEpit-137,1
myhz1.2_RetPigEpit-137,3
rbfox1_RetPigEpit-137,5
hs3st4_RetPigEpit-137,4
rab6ba_RetPigEpit-137,5
lrp8_RetPigEpit-137,5
prdx1_RetPigEpit-137,6
apoda.2_RetPigEpit-137,4
mylz3_RetPigEpit-137,4
neb_RetPigEpit-137,3
ttn.2_RetPigEpit-137,3
apoa4b.2.1_RetPigEpit-137,5
hsp90aa1.2_RetPigEpit-137,5
si:ch211-263k4.2_RetPigEpit-137,5
slc16a9a_RetPigEpit-137,5
lpin1_RetPigEpit-137,4
mgat4b_RetPigEpit-137,5
aff2_RetPigEpit-137,5
ldb2a_RetPigEpit-137,5
pcdh15a_RetPigEpit-137,1
ulk2_RetPigEpit-137,4
robo1_RetPigEpit-137,5
agrn_RetPigEpit-137,5
actn3a_RetPigEpit-137,3
TENM2.1_RetPigEpit-137,5
slc43a2b_RetPigEpit-137,4
myrip_RetPigEpit-137,5
cntnap2a_RetPigEpit-137,5
phldb2b_RetPigEpit-137,4
grip2b_RetPigEpit-137,5
mt-co1_RetPigEpit-137,4
chsy1_RetPigEpit-138,5
myhz1.2_RetPigEpit-138,4
myhz1.1_RetPigEpit-138,3
slc4a1a_RetPigEpit-138,3
mylpfa_RetPigEpit-138,3
hbbe1.1_RetPigEpit-138,3
ttn.1_RetPigEpit-138,3
zgc:114181_RetPigEpit-138,5
tenm4_RetPigEpit-138,5
smyhc1_RetPigEpit-138,3
BRSK2_RetPigEpit-138,5
tnni2a.4_RetPigEpit-138,5
mt-nd2_RetPigEpit-138,4
mt-co1_RetPigEpit-138,4
mt-atp6_RetPigEpit-138,4
mt-co3_RetPigEpit-138,4
vegfab_RetPigEpit-144,5
chst11_RetPigEpit-144,5
sfmbt2_RetPigEpit-144,6
prkcq_RetPigEpit-144,4
clpxa_RetPigEpit-144,4
rtn3_RetPigEpit-144,4
ugt5g1_RetPigEpit-144,4
nucb2a_RetPigEpit-144,4
rhpn2_RetPigEpit-144,4
gramd2aa_RetPigEpit-144,5
rbpjb_RetPigEpit-144,5
zgc:73226_RetPigEpit-144,4
taok3a_RetPigEpit-144,5
fbrsl1_RetPigEpit-144,5
mvk_RetPigEpit-144,4
myhz1.2_RetPigEpit-144,3
myhz1.1_RetPigEpit-144,3
ckma_RetPigEpit-144,3
il13ra2_RetPigEpit-144,4
FP102018.1_RetPigEpit-144,5
hsd20b2_RetPigEpit-144,6
slc12a9_RetPigEpit-144,4
adora2b_RetPigEpit-144,5
ak1_RetPigEpit-144,3
ypel3_RetPigEpit-144,4
si:ch73-367p23.2_RetPigEpit-144,3
cdr2a_RetPigEpit-144,4
dlgap4b_RetPigEpit-144,5
sema5bb_RetPigEpit-144,6
inpp5d_RetPigEpit-144,5
stat2_RetPigEpit-144,4
cables1_RetPigEpit-144,6
ssbp3a_RetPigEpit-144,5
march6_RetPigEpit-144,4
per2_RetPigEpit-144,4
plpp2a_RetPigEpit-144,1
LPL_RetPigEpit-144,4
tyrp1b_RetPigEpit-144,5
slit2_RetPigEpit-144,5
maml3_RetPigEpit-144,1
inpp4b_RetPigEpit-144,5
cbsb_RetPigEpit-144,5
ttn.1_RetPigEpit-144,3
ttn.2_RetPigEpit-144,3
fign_RetPigEpit-144,5
grb10b_RetPigEpit-144,4
ddr1_RetPigEpit-144,5
bcam_RetPigEpit-144,5
prss59.1_RetPigEpit-144,4
adam15_RetPigEpit-144,5
dyrk1b_RetPigEpit-144,5
LO017815.1_RetPigEpit-144,4
epha7_RetPigEpit-144,5
hivep2a_RetPigEpit-144,4
si:dkey-7c18.24_RetPigEpit-144,1
hsp90aa1.2_RetPigEpit-144,5
hsp70l_RetPigEpit-144,5
pip5k1bb_RetPigEpit-144,4
ela2_RetPigEpit-144,3
prkar2aa_RetPigEpit-144,5
gadd45ga_RetPigEpit-144,4
pbx3b_RetPigEpit-144,5
msi1_RetPigEpit-144,5
rflna_RetPigEpit-144,4
si:ch211-263k4.2_RetPigEpit-144,5
egln3_RetPigEpit-144,1
sptbn5_RetPigEpit-144,5
ccng1_RetPigEpit-144,4
apln_RetPigEpit-144,5
pcdh19_RetPigEpit-144,5
tjap1_RetPigEpit-144,5
tet1_RetPigEpit-144,4
CU639469.1_RetPigEpit-144,5
si:dkey-221j11.3_RetPigEpit-144,4
CU459145.1_RetPigEpit-144,4
gdpd4a_RetPigEpit-144,4
srgap1a_RetPigEpit-144,5
tob1b_RetPigEpit-144,6
atp2a1l_RetPigEpit-144,4
afap1_RetPigEpit-144,5
gch2_RetPigEpit-144,4
mylipa_RetPigEpit-144,4
ctnnal1_RetPigEpit-144,5
limk1a_RetPigEpit-144,5
foxo1a_RetPigEpit-144,6
ckmb_RetPigEpit-144,3
hif1al_RetPigEpit-144,4
gdpd5b_RetPigEpit-144,4
zgc:153372_RetPigEpit-144,5
ctrl_RetPigEpit-144,4
plxnb1a_RetPigEpit-144,1
tns2a_RetPigEpit-144,6
nol4lb_RetPigEpit-144,5
si:dkey-205h13.1_RetPigEpit-144,5
prodha_RetPigEpit-144,1
rbp4l_RetPigEpit-144,4
ripply1_RetPigEpit-144,4
taok1b_RetPigEpit-144,4
pdlim4_RetPigEpit-144,5
chia.2_RetPigEpit-144,6
zfand5b_RetPigEpit-144,6
foxo1b_RetPigEpit-144,5
hmgb1a_RetPigEpit-144,4
si:ch73-1a9.4_RetPigEpit-144,4
tnikb_RetPigEpit-144,3
prkag2a_RetPigEpit-144,5
cry3b_RetPigEpit-144,4
cela1.6_RetPigEpit-144,4
hbp1_RetPigEpit-144,4
mfge8b_RetPigEpit-144,4
ckmt1_RetPigEpit-144,5
abtb2b_RetPigEpit-144,4
clcn2b_RetPigEpit-144,6
vegfab_RetPigEpit-145,5
si:ch73-352p4.8_RetPigEpit-145,5
sbf1_RetPigEpit-145,5
slc26a5_RetPigEpit-145,4
clpxa_RetPigEpit-145,4
rtn3_RetPigEpit-145,4
pias1a_RetPigEpit-145,5
zgc:112160_RetPigEpit-145,4
hsd11b2_RetPigEpit-145,6
BX323855.2_RetPigEpit-145,4
C7H16orf87_RetPigEpit-145,4
gramd2aa_RetPigEpit-145,5
zgc:73226_RetPigEpit-145,4
taok3a_RetPigEpit-145,5
aldh3b2_RetPigEpit-145,4
ctsll_RetPigEpit-145,4
emid1_RetPigEpit-145,5
myhz1.2_RetPigEpit-145,3
myhz1.1_RetPigEpit-145,3
ckma_RetPigEpit-145,4
FP102018.1_RetPigEpit-145,5
stip1_RetPigEpit-145,5
rbfox3b_RetPigEpit-145,5
si:ch73-367p23.2_RetPigEpit-145,3
hs3st4_RetPigEpit-145,3
dlgap4b_RetPigEpit-145,5
sema5bb_RetPigEpit-145,6
inpp5d_RetPigEpit-145,5
stat2_RetPigEpit-145,4
sycp1_RetPigEpit-145,5
slc5a8l_RetPigEpit-145,2
tshba_RetPigEpit-145,2
slc25a55a_RetPigEpit-145,4
cables1_RetPigEpit-145,6
angptl4_RetPigEpit-145,1
rbp1.1_RetPigEpit-145,5
zgc:110158_RetPigEpit-145,5
kcnab1b_RetPigEpit-145,6
lratb.2_RetPigEpit-145,4
vps37a_RetPigEpit-145,6
slit2_RetPigEpit-145,5
dnajb1b_RetPigEpit-145,5
sik1_RetPigEpit-145,6
neb_RetPigEpit-145,3
ttn.1_RetPigEpit-145,3
ttn.2_RetPigEpit-145,3
vegfaa_RetPigEpit-145,5
grb10b_RetPigEpit-145,4
ankib1b_RetPigEpit-145,6
ddr1_RetPigEpit-145,5
bcam_RetPigEpit-145,5
rbp5_RetPigEpit-145,2
phactr4b_RetPigEpit-145,5
si:dkey-22o22.2_RetPigEpit-145,5
afp4.1_RetPigEpit-145,3
epha7_RetPigEpit-145,5
BX088686.1_RetPigEpit-145,4
hivep2a_RetPigEpit-145,4
hsp90aa1.2_RetPigEpit-145,1
pip5k1bb_RetPigEpit-145,4
alkal1_RetPigEpit-145,4
sema3gb_RetPigEpit-145,5
prkar2aa_RetPigEpit-145,5
gadd45ga_RetPigEpit-145,4
si:ch211-263k4.2_RetPigEpit-145,5
edrf1_RetPigEpit-145,1
egln3_RetPigEpit-145,5
ttc6_RetPigEpit-145,1
TSC22D3_RetPigEpit-145,6
atp11c_RetPigEpit-145,5
apln_RetPigEpit-145,5
lonrf1_RetPigEpit-145,4
igfbp7_RetPigEpit-145,5
gfra4a_RetPigEpit-145,5
acta1b_RetPigEpit-145,3
CU639469.1_RetPigEpit-145,5
rsrp1_RetPigEpit-145,1
egln1a_RetPigEpit-145,5
herc4_RetPigEpit-145,1
nedd4a_RetPigEpit-145,4
CU459145.1_RetPigEpit-145,4
gdpd4a_RetPigEpit-145,4
plekhg7_RetPigEpit-145,4
dusp22a_RetPigEpit-145,6
BX663503.3_RetPigEpit-145,4
atp2a1l_RetPigEpit-145,4
pdap1a_RetPigEpit-145,5
gch2_RetPigEpit-145,4
zgc:158404_RetPigEpit-145,4
rims2b_RetPigEpit-145,3
foxo1a_RetPigEpit-145,6
prkd2_RetPigEpit-145,5
sorl1_RetPigEpit-145,3
ckmb_RetPigEpit-145,3
hif1al_RetPigEpit-145,4
msi2b_RetPigEpit-145,5
sesn3_RetPigEpit-145,3
ctrl_RetPigEpit-145,4
si:rp71-79p20.2_RetPigEpit-145,5
nol4lb_RetPigEpit-145,5
tnnc2_RetPigEpit-145,3
si:dkey-205h13.1_RetPigEpit-145,5
cables2a_RetPigEpit-145,4
pmelb_RetPigEpit-145,2
prodha_RetPigEpit-145,6
rxraa_RetPigEpit-145,5
rbp4l_RetPigEpit-145,4
pcxa_RetPigEpit-145,5
taok1b_RetPigEpit-145,4
p4ha2_RetPigEpit-145,1
hspa4a_RetPigEpit-145,6
pdlim4_RetPigEpit-145,5
ugcg_RetPigEpit-145,4
dgat2_RetPigEpit-145,4
ucp2_RetPigEpit-145,6
dipk1c_RetPigEpit-145,6
pfkpa_RetPigEpit-145,5
si:ch211-285f17.1_RetPigEpit-145,5
prkag2a_RetPigEpit-145,5
smyhc1_RetPigEpit-145,2
fbn2b_RetPigEpit-145,5
dusp5_RetPigEpit-145,4
hbp1_RetPigEpit-145,4
mfge8b_RetPigEpit-145,4
abtb2b_RetPigEpit-145,6
CABZ01080568.1_RetPigEpit-145,5
clcn2b_RetPigEpit-145,6
myhz2_RetPigEpit-146,3
atp2a1_RetPigEpit-146,3
cntn4_RetPigEpit-146,5
crybb1l2_RetPigEpit-146,4
thsd7ba_RetPigEpit-146,3
hsp90aa1.2_RetPigEpit-146,1
gch2_RetPigEpit-146,6
crygmx_RetPigEpit-146,2
foxo1a_RetPigEpit-146,6
cryba1b_RetPigEpit-146,1
slc41a1_RetPigEpit-146,6
tpma_RetPigEpit-147,3
zgc:112160_RetPigEpit-147,4
tnnt3b_RetPigEpit-147,3
rpl36a_RetPigEpit-147,4
myhz1.2_RetPigEpit-147,3
ckma_RetPigEpit-147,3
rps2_RetPigEpit-147,4
hsp70.2_RetPigEpit-147,1
si:ch73-367p23.2_RetPigEpit-147,3
pvalb1_RetPigEpit-147,3
sycp1_RetPigEpit-147,5
rps28_RetPigEpit-147,4
mylz3_RetPigEpit-147,3
neb_RetPigEpit-147,3
ttn.1_RetPigEpit-147,3
ttn.2_RetPigEpit-147,3
grb10b_RetPigEpit-147,4
prss1_RetPigEpit-147,4
si:dkey-22o22.2_RetPigEpit-147,5
hsp90aa1.2_RetPigEpit-147,5
ela2_RetPigEpit-147,4
ppiaa_RetPigEpit-147,2
nhsl1a_RetPigEpit-147,5
si:dkey-221j11.3_RetPigEpit-147,4
CR792417.1_RetPigEpit-147,4
rsrp1_RetPigEpit-147,1
herc4_RetPigEpit-147,1
rpl4_RetPigEpit-147,3
spon1a_RetPigEpit-147,5
atp2a1l_RetPigEpit-147,4
gch2_RetPigEpit-147,4
rpl30_RetPigEpit-147,4
eef1a1l1_RetPigEpit-147,4
foxo1a_RetPigEpit-147,6
serpinh1b_RetPigEpit-147,1
ctrl_RetPigEpit-147,4
prodha_RetPigEpit-147,6
p4ha2_RetPigEpit-147,1
rpl29_RetPigEpit-147,4
zgc:171772_RetPigEpit-147,3
ucp2_RetPigEpit-147,6
crispld1a_RetPigEpit-147,5
rpl21_RetPigEpit-147,4
abtb2b_RetPigEpit-147,4
CABZ01080568.1_RetPigEpit-147,2
mt-atp6_RetPigEpit-147,3
mt-co3_RetPigEpit-147,4
ela3l_Roofplate-104,4
myhz2_Roofplate-104,3
ckma_Roofplate-104,3
FQ378016.1_Roofplate-104,5
atp2a1_Roofplate-104,3
ttn.1_Roofplate-104,3
ttn.2_Roofplate-104,3
prss59.2_Roofplate-104,4
hsp90aa1.2_Roofplate-104,1
lpin1_Roofplate-104,4
rpl39_Roofplate-104,4
cela1.6_Roofplate-104,3
mt-co1_Roofplate-104,4
mt-nd4_Roofplate-104,4
myhz1.3_Roofplate-132,4
myhz1.2_Roofplate-132,5
myhz1.1_Roofplate-132,5
atp2a1_Roofplate-132,3
ttn.1_Roofplate-132,3
ttn.2_Roofplate-132,3
hsp90aa1.2_Roofplate-132,2
hsp70l_Roofplate-132,2
lpin1_Roofplate-132,6
herc4_Roofplate-132,1
foxo1a_Roofplate-132,6
serpinh1b_Roofplate-132,1
hsph1_Roofplate-132,1
ccn1_Roofplate-132,6
pknox2_Roofplate-132,5
CABZ01080568.1_Roofplate-132,5
BX465862.4_Roofplate-133,4
ctrb1_Roofplate-133,4
si:ch211-186j3.6_Roofplate-133,2
htr7c_Roofplate-133,4
myhz2_Roofplate-133,3
myhz1.3_Roofplate-133,3
myhz1.1_Roofplate-133,3
ckma_Roofplate-133,3
adgrl1a_Roofplate-133,5
baiap2a_Roofplate-133,5
slc25a55a_Roofplate-133,6
crispld1b_Roofplate-133,1
mylz3_Roofplate-133,3
tll1_Roofplate-133,5
dnajb1b_Roofplate-133,4
dnajb2_Roofplate-133,1
sik1_Roofplate-133,6
neb_Roofplate-133,3
ttn.1_Roofplate-133,3
ttn.2_Roofplate-133,3
tuft1a_Roofplate-133,6
lmna_Roofplate-133,6
daam1b_Roofplate-133,6
actc1b_Roofplate-133,3
sntg2_Roofplate-133,5
actn1_Roofplate-133,1
herc4_Roofplate-133,1
mlf1_Roofplate-133,1
foxo1a_Roofplate-133,6
hspa8b_Roofplate-133,1
ulk2_Roofplate-133,1
usp2a_Roofplate-133,1
hsph1_Roofplate-133,1
ccn1_Roofplate-133,1
prodha_Roofplate-133,1
p4ha2_Roofplate-133,1
hspa4a_Roofplate-133,2
KCNB2_Roofplate-133,5
myhz1.1.1_Roofplate-133,2
celf5a_Roofplate-133,1
snd1_SensEpiHCO-38,5
pawr_SensEpiHCO-38,5
dgkza_SensEpiHCO-38,5
rassf7b_SensEpiHCO-38,1
stim2b_SensEpiHCO-38,5
hk2_SensEpiHCO-38,2
gas2l1_SensEpiHCO-38,2
noxa1_SensEpiHCO-38,5
GARNL3_SensEpiHCO-38,4
arhgef28a_SensEpiHCO-38,4
BX465834.1_SensEpiHCO-38,4
sun1_SensEpiHCO-38,5
tspan35_SensEpiHCO-38,5
stat3_SensEpiHCO-38,5
hsd3b7_SensEpiHCO-38,4
noxo1a_SensEpiHCO-38,5
st3gal3a_SensEpiHCO-38,3
erbb3a_SensEpiHCO-38,4
rgl3a_SensEpiHCO-38,1
card14_SensEpiHCO-38,5
lrp8_SensEpiHCO-38,5
prss60.2_SensEpiHCO-38,2
epha2a_SensEpiHCO-38,2
glula_SensEpiHCO-38,4
pde4ca_SensEpiHCO-38,6
lrba_SensEpiHCO-38,5
atg4da_SensEpiHCO-38,5
sik1_SensEpiHCO-38,6
esyt3_SensEpiHCO-38,4
zc3h12a_SensEpiHCO-38,5
sntb1_SensEpiHCO-38,3
tuft1a_SensEpiHCO-38,6
stt3b_SensEpiHCO-38,5
slc4a7_SensEpiHCO-38,2
ccdc85cb_SensEpiHCO-38,1
sirt5_SensEpiHCO-38,5
palld_SensEpiHCO-38,4
atf3_SensEpiHCO-38,1
tfe3a_SensEpiHCO-38,5
bcar3_SensEpiHCO-38,5
rhocb_SensEpiHCO-38,5
slc8a1b_SensEpiHCO-38,4
acss1_SensEpiHCO-38,5
lpin1_SensEpiHCO-38,6
gstp1_SensEpiHCO-38,3
si:ch211-39i2.2_SensEpiHCO-38,2
zgc:92242_SensEpiHCO-38,1
irg1l_SensEpiHCO-38,2
si:ch211-153b23.3_SensEpiHCO-38,5
si:ch211-153b23.4_SensEpiHCO-38,5
si:ch211-153b23.5_SensEpiHCO-38,5
zgc:174917_SensEpiHCO-38,5
elf1_SensEpiHCO-38,1
wu:fj16a03_SensEpiHCO-38,4
gng2_SensEpiHCO-38,4
CR762483.1_SensEpiHCO-38,5
ces2a_SensEpiHCO-38,3
tp53i11b_SensEpiHCO-38,4
tmod2_SensEpiHCO-38,1
arid5b_SensEpiHCO-38,3
nrxn1a_SensEpiHCO-38,6
zgc:158404_SensEpiHCO-38,5
FO904966.1_SensEpiHCO-38,5
pvrl2l_SensEpiHCO-38,5
spag1a_SensEpiHCO-38,1
phactr4a_SensEpiHCO-38,5
cited4a_SensEpiHCO-38,6
si:ch211-195b13.1_SensEpiHCO-38,4
tmprss4a_SensEpiHCO-38,5
gdpd5b_SensEpiHCO-38,1
stard13b_SensEpiHCO-38,6
tshz2_SensEpiHCO-38,5
ccng2_SensEpiHCO-38,6
prodha_SensEpiHCO-38,4
rpn2_SensEpiHCO-38,5
srgap2_SensEpiHCO-38,5
si:ch211-243g18.2_SensEpiHCO-38,3
ugcg_SensEpiHCO-38,2
slc12a2_SensEpiHCO-38,4
gramd1ba_SensEpiHCO-38,3
il1b_SensEpiHCO-38,1
itprid1_SensEpiHCO-38,3
ctnna1_SensEpiHCO-38,5
nuak2_SensEpiHCO-38,5
elf3_SensEpiHCO-38,1
SBNO2_SensEpiHCO-38,5
phlda2_SensEpiHCO-38,5
igf2b_SensEpiHCO-38,6
CABZ01069184.1_SensEpiHCO-38,5
ppfia2_SkelFastMu-270,5
sstr1b_SkelFastMu-270,5
ctrb1_SkelFastMu-270,4
cdh11_SkelFastMu-270,5
CT476811.1_SkelFastMu-270,5
brwd3_SkelFastMu-270,5
efnb1_SkelFastMu-270,5
crebbpb_SkelFastMu-270,5
tanc2a_SkelFastMu-270,5
pcbp3_SkelFastMu-270,5
gcgb_SkelFastMu-270,5
igfbp1a_SkelFastMu-270,6
cdh2_SkelFastMu-270,5
ctbp2a_SkelFastMu-270,5
pnoca_SkelFastMu-270,5
vsx1_SkelFastMu-270,5
nr3c1_SkelFastMu-270,5
pcdh11.1_SkelFastMu-270,5
CR383676.2_SkelFastMu-270,5
unc5a_SkelFastMu-270,5
zfand4_SkelFastMu-270,5
fam107b_SkelFastMu-270,5
bahcc1b_SkelFastMu-270,5
ptprua_SkelFastMu-270,5
top2b_SkelFastMu-270,5
tenm4_SkelFastMu-270,5
nova2_SkelFastMu-270,5
actn4_SkelFastMu-270,5
hmga1a_SkelFastMu-270,5
plxna1a_SkelFastMu-270,5
tshz2_SkelFastMu-270,5
hnrnpabb_SkelFastMu-270,5
olfm1b_SkelFastMu-270,5
crb2a_SkelFastMu-270,5
ptprga_SkelFastMu-270,5
pcdh17_SkelFastMu-270,5
CABZ01092982.2_SkelFastMu-270,5
cux1a_SkelFastMu-270,5
zgc:112332_SkelFastMu-270,5
zfhx4_SkelFastMu-270,5
gcga_SkelFastMu-270,5
adipor2_SkelMuscle-251,4
hsp90b1_SkelMuscle-251,5
pfkfb3_SkelMuscle-251,4
zgc:136461_SkelMuscle-251,4
ctrb1_SkelMuscle-251,4
si:ch211-186j3.6_SkelMuscle-251,5
klf9_SkelMuscle-251,4
si:dkey-35m8.1_SkelMuscle-251,5
tcap_SkelMuscle-251,2
nfe2l1a_SkelMuscle-251,4
hsp70.2_SkelMuscle-251,5
CU138533.1_SkelMuscle-251,6
vdrb_SkelMuscle-251,4
prelid3b_SkelMuscle-251,1
apoda.2_SkelMuscle-251,4
casq1a_SkelMuscle-251,5
lmo7a_SkelMuscle-251,6
asb18_SkelMuscle-251,4
GRIK2_SkelMuscle-251,6
apoa4b.2.1_SkelMuscle-251,5
apoc1_SkelMuscle-251,6
klhl38b_SkelMuscle-251,4
fbxo32_SkelMuscle-251,4
prss59.2_SkelMuscle-251,4
nr4a3_SkelMuscle-251,1
afp4.1_SkelMuscle-251,3
amd1_SkelMuscle-251,4
sesn1_SkelMuscle-251,4
foxo3b_SkelMuscle-251,4
si:dkey-7c18.24_SkelMuscle-251,1
hsp90aa1.2_SkelMuscle-251,1
smyd1b_SkelMuscle-251,5
unc45b_SkelMuscle-251,5
mknk2b_SkelMuscle-251,4
ela2l_SkelMuscle-251,3
RALGDS_SkelMuscle-251,1
ulk1a_SkelMuscle-251,4
slc16a9a_SkelMuscle-251,4
ctsl.1_SkelMuscle-251,3
lpin1_SkelMuscle-251,6
eif4ebp3l_SkelMuscle-251,4
si:ch211-159i8.4_SkelMuscle-251,5
smap1_SkelMuscle-251,5
psme4a_SkelMuscle-251,4
ampd3b_SkelMuscle-251,4
pdk2a_SkelMuscle-251,4
tbx21_SkelMuscle-251,2
pmp22b_SkelMuscle-251,5
pdk2b_SkelMuscle-251,6
egln2_SkelMuscle-251,4
slc1a5_SkelMuscle-251,6
ulk2_SkelMuscle-251,4
slc43a2a_SkelMuscle-251,6
ctrl_SkelMuscle-251,4
slc25a33_SkelMuscle-251,6
prodha_SkelMuscle-251,4
ghrb_SkelMuscle-251,4
pygma_SkelMuscle-251,5
hspa4a_SkelMuscle-251,5
cntfr_SkelMuscle-251,5
ucp3_SkelMuscle-251,6
atg9b_SkelMuscle-251,4
myhz1.1.1_SkelMuscle-251,1
cela1.6_SkelMuscle-251,4
mid1ip1b_SkelMuscle-251,4
midn_SkelMuscle-251,1
cpa5_SkelMuscle-251,4
pkmb_SkelMuscle-251,5
CABZ01080568.1_SkelMuscle-251,5
ahcyl2b_SkelMuscle-254,6
opn1sw1_SkelMuscle-254,5
BX005417.1_SkelMuscle-254,6
slc7a8a_SkelMuscle-254,4
zgc:112160_SkelMuscle-254,4
klf9_SkelMuscle-254,4
ela3l_SkelMuscle-254,3
hsp70.2_SkelMuscle-254,5
trim63a_SkelMuscle-254,4
vdrb_SkelMuscle-254,4
twf2a_SkelMuscle-254,4
mylk4a_SkelMuscle-254,2
retreg1_SkelMuscle-254,4
asb18_SkelMuscle-254,4
apoa4b.2_SkelMuscle-254,5
cadm4_SkelMuscle-254,5
prss1_SkelMuscle-254,4
klhl38b_SkelMuscle-254,4
fbxo32_SkelMuscle-254,4
nr4a3_SkelMuscle-254,1
satb1b_SkelMuscle-254,5
sesn1_SkelMuscle-254,4
hsp70l_SkelMuscle-254,5
kcnd1_SkelMuscle-254,5
ulk1a_SkelMuscle-254,4
lpin1_SkelMuscle-254,4
fat1b_SkelMuscle-254,5
psme4a_SkelMuscle-254,4
slc16a12b_SkelMuscle-254,4
pdk2a_SkelMuscle-254,4
pdk2b_SkelMuscle-254,4
mylipa_SkelMuscle-254,4
ulk2_SkelMuscle-254,4
slc43a2a_SkelMuscle-254,6
serpinh1b_SkelMuscle-254,1
calcoco1a_SkelMuscle-254,4
pygma_SkelMuscle-254,5
phka1b_SkelMuscle-254,5
slc41a1_SkelMuscle-254,4
zfand5b_SkelMuscle-254,4
pcmtd1_SkelMuscle-254,4
spsb3b_SkelMuscle-254,4
mid1ip1b_SkelMuscle-254,4
slc6a6b_SkelMuscle-254,4
pnpla2_SkelMuscle-254,4
pkmb_SkelMuscle-254,5
CABZ01080568.1_SkelMuscle-254,5
dhrs11a_SkFaMuCeCr-248,5
myhz2_SkFaMuCeCr-248,6
myhz1.2_SkFaMuCeCr-248,4
mybpc2a_SkFaMuCeCr-248,3
pde6ha_SkFaMuCeCr-248,4
calcrla_SkFaMuCeCr-248,4
fbxo32_SkFaMuCeCr-248,4
hsp90aa1.1_SkFaMuCeCr-248,2
ank3a_SkFaMuCeCr-248,5
lpin1_SkFaMuCeCr-248,4
sorbs2b_SkFaMuCeCr-248,5
ulk2_SkFaMuCeCr-248,4
myhz1.1.1_SkFaMuCeCr-248,6
mt-nd1_SkFaMuCeCr-248,6
wnk1b_SlowMuscle-253,4
adipor2_SlowMuscle-253,4
atp2b1a_SlowMuscle-253,5
mybpc1_SlowMuscle-253,3
fgf11a_SlowMuscle-253,1
zgc:92429_SlowMuscle-253,5
ampd3a_SlowMuscle-253,4
pik3ip1_SlowMuscle-253,4
adamts8a_SlowMuscle-253,1
DAB2_SlowMuscle-253,6
srl_SlowMuscle-253,5
hsp70.2_SlowMuscle-253,2
rbfox1_SlowMuscle-253,5
notum2_SlowMuscle-253,4
raver2_SlowMuscle-253,6
vdrb_SlowMuscle-253,4
agla_SlowMuscle-253,3
retreg1_SlowMuscle-253,4
per2_SlowMuscle-253,4
acss2l_SlowMuscle-253,5
GALNTL6_SlowMuscle-253,5
rgcc_SlowMuscle-253,4
hspd1_SlowMuscle-253,5
ankib1b_SlowMuscle-253,4
prss1_SlowMuscle-253,4
klhl38b_SlowMuscle-253,4
fbxo32_SlowMuscle-253,4
txnipb_SlowMuscle-253,3
hjv_SlowMuscle-253,3
afp4.1_SlowMuscle-253,3
rhag_SlowMuscle-253,4
clocka_SlowMuscle-253,4
sesn1_SlowMuscle-253,4
smyd1b_SlowMuscle-253,2
hsp70l_SlowMuscle-253,5
unc45b_SlowMuscle-253,5
atp2a2a_SlowMuscle-253,1
mknk2b_SlowMuscle-253,4
slc16a1b_SlowMuscle-253,1
lipg_SlowMuscle-253,4
lpin1_SlowMuscle-253,6
eif4ebp3l_SlowMuscle-253,4
si:ch211-221f10.2_SlowMuscle-253,4
psme4a_SlowMuscle-253,4
mtss1la_SlowMuscle-253,6
ryr1b_SlowMuscle-253,5
si:ch211-131k2.3_SlowMuscle-253,2
pdk2b_SlowMuscle-253,4
jarid2b_SlowMuscle-253,1
foxo1a_SlowMuscle-253,4
SLC7A1_SlowMuscle-253,4
slc1a5_SlowMuscle-253,4
ulk2_SlowMuscle-253,4
MARK4_SlowMuscle-253,1
hsph1_SlowMuscle-253,1
myh7bb_SlowMuscle-253,5
atp5fa1_SlowMuscle-253,1
prodha_SlowMuscle-253,6
ptprga_SlowMuscle-253,5
KCNB2_SlowMuscle-253,6
ctdspla_SlowMuscle-253,4
hhatlb_SlowMuscle-253,5
map3k15_SlowMuscle-253,6
cela1.6_SlowMuscle-253,4
hbp1_SlowMuscle-253,4
ptdss2_SlowMuscle-253,4
pkmb_SlowMuscle-253,5
CABZ01080568.1_SlowMuscle-253,5
pomca_SlowMuscle-260,5
myhz1.3_SpinCorInt-159,3
ttn.1_SpinCorInt-159,3
ttn.2_SpinCorInt-159,3
apoa4b.2_SpinCorInt-159,5
myhz1.1.1_SpinCorInt-159,4
hsp90b1_Stromal-48,5
spns2_Stromal-48,3
myhz2_Stromal-48,3
myhz1.3_Stromal-48,3
myhz1.1_Stromal-48,3
ckma_Stromal-48,4
atp2a1_Stromal-48,3
rps15a_Stromal-48,4
mylpfa_Stromal-48,3
pde6ha_Stromal-48,4
gpc1b_Stromal-48,5
mylz3_Stromal-48,3
sdk1b_Stromal-48,3
neb_Stromal-48,3
ttn.1_Stromal-48,3
ttn.2_Stromal-48,3
prss59.2_Stromal-48,4
hsp90aa1.2_Stromal-48,2
rps29_Stromal-48,4
ntng2a_Stromal-48,5
kcnd3_Stromal-48,1
actc1b_Stromal-48,3
lpin1_Stromal-48,4
rpl39_Stromal-48,4
unc5b_Stromal-48,5
itga9_Stromal-48,5
luzp2_Stromal-48,2
gngt2b_Stromal-48,4
pvalb2_Stromal-48,3
rpl38_Stromal-48,4
krt91_Stromal-48,4
pag1_Stromal-48,1
eef1a1l1_Stromal-48,4
nme2b.2_Stromal-48,3
rpl14_Stromal-48,4
serpinh1b_Stromal-48,5
lama5_Stromal-48,5
ccng2_Stromal-48,4
ccbe1_Stromal-48,5
rxraa_Stromal-48,5
cdh4_Stromal-48,5
abcc8_Stromal-48,5
myhz1.1_Stromal-63,3
ttn.2_Stromal-63,3
lpin1_Stromal-63,6
rhcga_TasteBud12-10,4
tnnt3b_TasteBud12-10,3
myhz1.3_TasteBud12-10,3
myhz1.2_TasteBud12-10,3
myhz1.1_TasteBud12-10,3
atp2a1_TasteBud12-10,3
si:ch73-367p23.2_TasteBud12-10,3
pvalb1_TasteBud12-10,3
mylz3_TasteBud12-10,3
neb_TasteBud12-10,3
ttn.1_TasteBud12-10,3
ttn.2_TasteBud12-10,3
prss59.1_TasteBud12-10,4
si:dkey-7c18.24_TasteBud12-10,1
actc1b_TasteBud12-10,3
pax2b_TasteBud12-10,5
cyt1l_TasteBud12-10,4
nme2b.2_TasteBud12-10,3
cela1.6_TasteBud12-10,4
tpma_TasteBud12-11,3
zgc:136461_TasteBud12-11,4
ctrb1_TasteBud12-11,4
tnnt3b_TasteBud12-11,3
myhz2_TasteBud12-11,3
myhz1.3_TasteBud12-11,3
ckma_TasteBud12-11,3
ak1_TasteBud12-11,3
atp2a1_TasteBud12-11,3
mylpfa_TasteBud12-11,3
zgc:100868_TasteBud12-11,1
pvalb1_TasteBud12-11,3
mylz3_TasteBud12-11,3
neb_TasteBud12-11,3
ttn.1_TasteBud12-11,3
ttn.2_TasteBud12-11,3
actc1b_TasteBud12-11,3
bcl11ba_TasteBud12-11,5
luzp2_TasteBud12-11,5
atp2a1l_TasteBud12-11,4
nme2b.2_TasteBud12-11,3
ckmb_TasteBud12-11,3
pcdh17_TasteBud12-11,5
smyhc1_TasteBud12-11,4
tnni2a.4_TasteBud12-11,3
ano2b_TasteBud3-121,5
nell2b_TasteBud3-121,5
myhz2_TasteBud3-121,3
myhz1.3_TasteBud3-121,3
myhz1.1_TasteBud3-121,3
ckma_TasteBud3-121,3
atp2a1_TasteBud3-121,3
si:ch73-367p23.2_TasteBud3-121,3
mylpfa_TasteBud3-121,3
mylz3_TasteBud3-121,3
ttn.2_TasteBud3-121,3
icn_TasteBud3-121,5
mtmr9_TasteBud3-121,3
TENM2_TasteBud3-121,5
pcdh15a_TasteBud3-121,5
dscamb_TasteBud3-121,5
zgc:101731_TasteBud3-121,5
ctrl_TasteBud3-121,4
rpl29_TasteBud3-121,4
chsy1_TasteBud3-122,1
tpma_TasteBud3-122,3
zgc:136461_TasteBud3-122,4
ctrb1_TasteBud3-122,4
tnnt3b_TasteBud3-122,4
myhz2_TasteBud3-122,2
myhz1.3_TasteBud3-122,4
myhz1.2_TasteBud3-122,3
myhz1.1_TasteBud3-122,3
ckma_TasteBud3-122,4
atp2a1_TasteBud3-122,4
pvalb1_TasteBud3-122,3
mylz3_TasteBud3-122,3
ttn.1_TasteBud3-122,3
ttn.2_TasteBud3-122,3
prss59.2_TasteBud3-122,4
gmds_TasteBud3-122,5
ela2l_TasteBud3-122,4
atp2a1l_TasteBud3-122,3
cela1.6_TasteBud3-122,4
tnni2a.4_TasteBud3-122,3
ctrb1_TasteBud3-129,4
myhz1.3_TasteBud3-129,3
myhz1.2_TasteBud3-129,5
myhz1.1_TasteBud3-129,3
pvalb1_TasteBud3-129,3
ttn.1_TasteBud3-129,3
ttn.2_TasteBud3-129,3
rps19_TasteBud3-129,3
hsp90aa1.2_TasteBud3-129,1
actc1b_TasteBud3-129,3
atp2a1l_TasteBud3-129,4
s100a11_TasteBud3-129,2
nme2b.2_TasteBud3-129,3
cela1.6_TasteBud3-129,4
ccnd2a_TasteBud3-129,4
myhz1.1_VagalNeuro-157,3
igfbp1b_VagalNeuro-157,6
agxtb_VagalNeuro-157,4
ucp1_VagalNeuro-157,4
neb_VagalNeuro-157,3
ttn.1_VagalNeuro-157,3
ttn.2_VagalNeuro-157,3
apoa4b.2_VagalNeuro-157,5
apoa4b.2.1_VagalNeuro-157,3
pabpc4_VagalNeuro-157,3
eif4ebp3l_VagalNeuro-157,4
fosb_VagalNeuro-157,2
mbpa_VagalNeuro-157,4
foxo1a_VagalNeuro-157,6
ctrl_VagalNeuro-157,4
tnnc2_VagalNeuro-157,3
tpma_VagalNeuro-161,3
zgc:112160_VagalNeuro-161,4
tnnt3b_VagalNeuro-161,3
si:ch211-186j3.6_VagalNeuro-161,5
myhz2_VagalNeuro-161,3
myhz1.3_VagalNeuro-161,3
myhz1.2_VagalNeuro-161,3
myhz1.1_VagalNeuro-161,3
ckma_VagalNeuro-161,3
si:ch73-367p23.2_VagalNeuro-161,3
mylpfa_VagalNeuro-161,3
pvalb1_VagalNeuro-161,3
lpp_VagalNeuro-161,3
vdrb_VagalNeuro-161,4
apoda.2_VagalNeuro-161,4
mylz3_VagalNeuro-161,3
CR361551.1_VagalNeuro-161,5
neb_VagalNeuro-161,3
ttn.1_VagalNeuro-161,3
ttn.2_VagalNeuro-161,3
apoa4b.2_VagalNeuro-161,5
prss1_VagalNeuro-161,4
elavl4_VagalNeuro-161,4
arr3b_VagalNeuro-161,4
acta1b_VagalNeuro-161,3
atp2a1l_VagalNeuro-161,3
mbpa_VagalNeuro-161,4
nme2b.2_VagalNeuro-161,3
tnnc2_VagalNeuro-161,3
actn3a_VagalNeuro-161,3
myhz1.1.1_VagalNeuro-161,3
ccnd2a_VagalNeuro-161,3
tnni2a.4_VagalNeuro-161,3
si:dkey-14d8.6_VagalNeuro-169,4
tpma_VagalNeuro-169,3
tnni2b.2_VagalNeuro-169,4
myhz2_VagalNeuro-169,3
myhz1.2_VagalNeuro-169,5
myhz1.1_VagalNeuro-169,3
ckmt2b_VagalNeuro-169,3
hsp70.2_VagalNeuro-169,1
si:ch73-367p23.2_VagalNeuro-169,3
pvalb1_VagalNeuro-169,3
igfbp1b_VagalNeuro-169,4
amy2a_VagalNeuro-169,4
agxtb_VagalNeuro-169,4
apoda.2_VagalNeuro-169,4
eef2b_VagalNeuro-169,3
mylz3_VagalNeuro-169,3
lef1_VagalNeuro-169,4
ttn.1_VagalNeuro-169,3
ttn.2_VagalNeuro-169,3
apoa4b.2_VagalNeuro-169,5
apoa4b.2.1_VagalNeuro-169,3
igfbp1a_VagalNeuro-169,6
actc1b_VagalNeuro-169,3
lpin1_VagalNeuro-169,4
pde10a_VagalNeuro-169,1
acta1b_VagalNeuro-169,3
atp2a1l_VagalNeuro-169,3
mylpfb_VagalNeuro-169,3
tfap2e_VagalNeuro-169,4
nme2b.2_VagalNeuro-169,3
foxo1a_VagalNeuro-169,6
tnnc2_VagalNeuro-169,3
cel.1_VagalNeuro-169,4
arr3a_VagalNeuro-169,4
si:ch211-103f14.3_VagalNeuro-169,1
cpb1_VagalNeuro-169,4
myhz1.1.1_VagalNeuro-169,2
lpl_VagalNeuro-169,4
actc1c_VagalNeuro-169,4
pkmb_VagalNeuro-169,3
tnni2a.4_VagalNeuro-169,3
tpma_VasBlBrBar-102,3
zgc:112160_VasBlBrBar-102,4
ctrb1_VasBlBrBar-102,4
tnnt3b_VasBlBrBar-102,3
ADAMTS7_VasBlBrBar-102,5
myhz2_VasBlBrBar-102,3
myhz1.3_VasBlBrBar-102,3
ckma_VasBlBrBar-102,3
atp2a1_VasBlBrBar-102,3
sept12_VasBlBrBar-102,5
mylpfa_VasBlBrBar-102,4
pvalb1_VasBlBrBar-102,3
amotl2a_VasBlBrBar-102,5
slc16a1a_VasBlBrBar-102,5
sycp1_VasBlBrBar-102,5
tfa_VasBlBrBar-102,6
palm1b_VasBlBrBar-102,5
mmp15b_VasBlBrBar-102,5
spsb4a_VasBlBrBar-102,4
mylz3_VasBlBrBar-102,3
abca1a_VasBlBrBar-102,4
neb_VasBlBrBar-102,3
sema5ba_VasBlBrBar-102,5
ttn.1_VasBlBrBar-102,3
ttn.2_VasBlBrBar-102,3
enpp1_VasBlBrBar-102,3
si:dkey-7c18.24_VasBlBrBar-102,1
ela2l_VasBlBrBar-102,4
actc1b_VasBlBrBar-102,3
nfkbiab_VasBlBrBar-102,6
lpin1_VasBlBrBar-102,6
zgc:92242_VasBlBrBar-102,6
pcdh1b_VasBlBrBar-102,5
atp2a1l_VasBlBrBar-102,4
ulk2_VasBlBrBar-102,4
ckmb_VasBlBrBar-102,4
tnfrsf9a_VasBlBrBar-102,1
vav2_VasBlBrBar-102,5
chia.2_VasBlBrBar-102,6
lpl_VasBlBrBar-102,4
tnni2a.4_VasBlBrBar-102,3
mt-nd4_VasBlBrBar-102,6
mt-nd5_VasBlBrBar-102,3
clcn2b_VasBlBrBar-102,1
tpma_VascEndoth-42,3
tnnt3b_VascEndoth-42,3
myhz1.3_VascEndoth-42,3
ckma_VascEndoth-42,3
atp2a1_VascEndoth-42,3
pvalb1_VascEndoth-42,3
nrp2a_VascEndoth-42,4
mylz3_VascEndoth-42,3
adgrl3.1_VascEndoth-42,5
hpgd_VascEndoth-42,3
abca1a_VascEndoth-42,4
neb_VascEndoth-42,3
ttn.1_VascEndoth-42,3
ttn.2_VascEndoth-42,3
gapdh_VascEndoth-42,4
si:dkey-7c18.24_VascEndoth-42,1
fam102aa_VascEndoth-42,4
ela2l_VascEndoth-42,4
RALGDS_VascEndoth-42,6
lpin1_VascEndoth-42,6
lgmn_VascEndoth-42,4
jarid2b_VascEndoth-42,5
itga1_VascEndoth-42,5
cebpd_VascEndoth-42,6
smyhc1_VascEndoth-42,4
myhz1.1.1_VascEndoth-42,1
cela1.6_VascEndoth-42,4
tnni2a.4_VascEndoth-42,3
mt-co1_VascEndoth-42,6
mt-nd4_VascEndoth-42,6
mt-cyb_VascEndoth-42,3
mb_VascularHR-226,5
nfia_VascularHR-226,5
myhz1.3_VascuLymph-44,5
atp2a1_VascuLymph-44,4
nrp2a_VascuLymph-44,5
neb_VascuLymph-44,3
abca12_VascuLymph-44,6
ttn.1_VascuLymph-44,3
ttn.2_VascuLymph-44,3
mt-co2_VascuLymph-44,6
mt-atp6_VascuLymph-44,6
mt-co3_VascuLymph-44,6
mt-cyb_VascuLymph-44,6
cdk17_VasSmooMus-192,5
sema3aa_VasSmooMus-192,5
ppfia2_VasSmooMus-192,5
celf2_VasSmooMus-192,5
si:dkey-172k15.6_VasSmooMus-192,5
si:dkey-28d5.14_VasSmooMus-192,5
C7H20orf27_VasSmooMus-192,5
BX957325.1_VasSmooMus-192,5
cd82a_VasSmooMus-192,5
trim66_VasSmooMus-192,5
dok4_VasSmooMus-192,5
CR356242.1_VasSmooMus-192,5
brsk2b_VasSmooMus-192,5
camk2d1_VasSmooMus-192,5
ank2b_VasSmooMus-192,5
galnt18b_VasSmooMus-192,5
dnm1a_VasSmooMus-192,5
sart3_VasSmooMus-192,5
hs3st1l2_VasSmooMus-192,5
gria3a_VasSmooMus-192,5
abca2_VasSmooMus-192,5
rorb_VasSmooMus-192,5
enc1_VasSmooMus-192,5
sptbn2_VasSmooMus-192,5
fras1_VasSmooMus-192,5
znf385c_VasSmooMus-192,5
BX901973.1_VasSmooMus-192,5
kansl1b_VasSmooMus-192,5
CABZ01050944.1_VasSmooMus-192,5
cacng2a_VasSmooMus-192,5
asic2_VasSmooMus-192,5
shisa9b_VasSmooMus-192,5
adgrl1a_VasSmooMus-192,5
cyth1a_VasSmooMus-192,5
inpp4ab_VasSmooMus-192,5
agap1_VasSmooMus-192,5
ntn1a_VasSmooMus-192,5
pde4ba_VasSmooMus-192,5
rims4_VasSmooMus-192,5
matn4_VasSmooMus-192,5
cacna2d2a_VasSmooMus-192,5
igsf8_VasSmooMus-192,4
cacna1eb_VasSmooMus-192,5
st6galnac5a_VasSmooMus-192,5
dpp6b_VasSmooMus-192,5
tox_VasSmooMus-192,5
XKR4_VasSmooMus-192,5
cdh6_VasSmooMus-192,5
tnr_VasSmooMus-192,5
rem2_VasSmooMus-192,5
ap1m1_VasSmooMus-192,5
pip5k1cb_VasSmooMus-192,5
nlgn4xa_VasSmooMus-192,5
dgkh_VasSmooMus-192,5
dgkg_VasSmooMus-192,5
creb1b_VasSmooMus-192,5
SENP7_VasSmooMus-192,5
nalcn_VasSmooMus-192,5
pcbp3_VasSmooMus-192,5
gulp1a_VasSmooMus-192,5
ttn.2_VasSmooMus-192,3
GRIK2_VasSmooMus-192,5
mtf1_VasSmooMus-192,5
CR361564.1_VasSmooMus-192,5
osbpl3b_VasSmooMus-192,5
apoa4b.1_VasSmooMus-192,5
apoa4b.2.1_VasSmooMus-192,5
apoc1_VasSmooMus-192,3
phactr4b_VasSmooMus-192,5
adam22_VasSmooMus-192,5
syngap1b_VasSmooMus-192,5
dab1a_VasSmooMus-192,5
ACTC1_VasSmooMus-192,5
si:dkey-97l20.6_VasSmooMus-192,5
hif1ab_VasSmooMus-192,5
daam1b_VasSmooMus-192,5
sh3rf1_VasSmooMus-192,5
cep85l_VasSmooMus-192,5
itpr3_VasSmooMus-192,5
grid2_VasSmooMus-192,5
hsd17b3_VasSmooMus-192,5
lrrc75ba_VasSmooMus-192,5
CABZ01044746.1_VasSmooMus-192,5
gfra2a_VasSmooMus-192,5
slc23a2_VasSmooMus-192,5
elmod3_VasSmooMus-192,5
stambpb_VasSmooMus-192,5
bcl11ba_VasSmooMus-192,5
slc35f4_VasSmooMus-192,5
si:dkey-206p8.1_VasSmooMus-192,5
gria3b_VasSmooMus-192,5
nlgn3a_VasSmooMus-192,5
limch1b_VasSmooMus-192,5
smim19_VasSmooMus-192,5
ebf3a_VasSmooMus-192,5
CR318607.1_VasSmooMus-192,5
shank3a_VasSmooMus-192,5
srgap1a_VasSmooMus-192,5
si:dkey-246g23.2_VasSmooMus-192,5
mgat4c_VasSmooMus-192,5
nup93_VasSmooMus-192,5
necab2_VasSmooMus-192,5
bcar1_VasSmooMus-192,5
fkbp16_VasSmooMus-192,5
myo5aa_VasSmooMus-192,5
arhgap42b_VasSmooMus-192,5
gramd1bb_VasSmooMus-192,5
prkg1b_VasSmooMus-192,5
sema4gb_VasSmooMus-192,5
RYR2_VasSmooMus-192,5
ppp1r1b_VasSmooMus-192,5
krt1-19d_VasSmooMus-192,5
ctps1a_VasSmooMus-192,5
cspg5b_VasSmooMus-192,5
elmo1_VasSmooMus-192,5
adgrb2_VasSmooMus-192,5
dscamb_VasSmooMus-192,5
cadm1b_VasSmooMus-192,5
msi2b_VasSmooMus-192,5
zbtb46_VasSmooMus-192,5
camkvl_VasSmooMus-192,5
acvrl1_VasSmooMus-192,5
TMEM132C.2_VasSmooMus-192,5
gria4b_VasSmooMus-192,5
ncam1a_VasSmooMus-192,5
ppp3ca_VasSmooMus-192,5
clint1b_VasSmooMus-192,5
ebf1b_VasSmooMus-192,5
BX936439.1_VasSmooMus-192,5
nfasca_VasSmooMus-192,5
ttbk1a_VasSmooMus-192,5
camkvb_VasSmooMus-192,5
itpr1b_VasSmooMus-192,5
sptlc1_VasSmooMus-192,5
sppl3_VasSmooMus-192,5
auts2a_VasSmooMus-192,5
ntm_VasSmooMus-192,5
myo18aa_VasSmooMus-192,5
dgcr2_VasSmooMus-192,5
kmt2ca_VasSmooMus-192,5
cntnap2a_VasSmooMus-192,5
slco5a1a.1_VasSmooMus-192,5
dram2b_VasSmooMus-192,5
oaz1a_VasSmooMus-192,5
ntrk3a_VasSmooMus-192,5
shank2b_VasSmooMus-192,5
wnk1a_VasSmooMus-192,5
immp2l_VasSmooMus-192,5
tnni2a.1_VasSmooMus-192,5
scaper_VasSmooMus-192,5
mt-nd1_VasSmooMus-192,5
csrp2_Xanthophor-141,4
tpma_Xanthophor-141,5
myhz2_Xanthophor-141,3
myhz1.3_Xanthophor-141,3
apoa1a_Xanthophor-141,5
myhb_Xanthophor-141,2
actc1b_Xanthophor-141,3
lpin1_Xanthophor-141,6
gch2_Xanthophor-141,1
FO904880.1_Xanthophor-141,4
ucp2_Xanthophor-141,4
CU633479.2_Xanthophor-141,6
