Phase,BaselineProp,PropMean.t0_UF,PropMean.t1_15HF,PropMean.t2_30HF,PropMean.t3_60HF,PropMean.t4_120HF,PropMean.t5_240HF,Fstatistic,P.Value,FDR,cluster
S,0.01171303074670571,0.003300330033003304,-0,-0,0.031056910569105697,0.07499999999999997,-9.813077866773593e-18,2.8523075916933878,0.037549395147909274,0.11264818544372782,MeningePre_135
G1,0.986822840409956,0.9966996699669969,1.0000000000000002,0.9924242424242421,0.9689430894308942,0.9249999999999997,0.9999999999999997,2.248572469204129,0.08303686771544089,0.12455530157316133,MeningePre_135
G2M,0.0014641288433382138,-0,-0,0.007575757575757575,-0,-6.133173666733496e-19,4.3368086899420173e-19,1.011278226869191,0.43323436524337566,0.43323436524337566,MeningePre_135
S,0.010962241169305725,0.0036630036630036647,-0,0.006250000000000002,0.011312434090691213,0.012820512820512817,0.03124999999999999,1.6173966902471801,0.15150650444134528,0.3686278257237837,HairCell_8
G2M,0.010962241169305725,0.010989010989010992,0.01508295625942685,-0,0.011312434090691213,-0,0.009999999999999995,1.3354974134103537,0.2457518838158558,0.3686278257237837,HairCell_8
G1,0.9780755176613886,0.9853479853479856,0.9849170437405733,0.9937499999999999,0.9773751318186175,0.9871794871794869,0.9587499999999997,0.8564710958231615,0.5095201998686726,0.5095201998686726,HairCell_8
G1,0.9915966386554622,1,1.0000000000000002,0.9999999999999999,0.9999999999999999,0.9999999999999996,0.9374999999999993,0.4738877857534036,0.7960164005763983,0.7960164005763983,PecFinMCho_237
S,0.008403361344537815,-0,-0,-0,-0,-0,0.06249999999999999,0.47388778575340373,0.7960164005763983,0.7960164005763983,PecFinMCho_237
G2M,0.008695652173913044,0.014853881627557403,0.007054673721340391,-0,0.041666666666666685,0.18749999999999997,-9.813077866773593e-18,3.201088400063445,0.0068285539302920814,0.020485661790876245,SkelFastMu_270
G1,0.9879598662207358,0.9845218986470993,0.9911816578483248,0.9983870967741935,0.9166666666666667,0.7812499999999997,0.9999999999999996,2.588023367534304,0.023946447383138905,0.03591967107470836,SkelFastMu_270
S,0.0033444816053511705,6.242197253433146e-4,0.0017636684303350978,0.0016129032258064512,0.04166666666666667,0.031249999999999997,-9.813077866773593e-18,1.590820735106832,0.15878326930329562,0.15878326930329562,SkelFastMu_270
G2M,0.004733727810650888,-0,-0,0.006493506493506494,0.007407407407407405,0.02777777777777776,0.009999999999999988,2.372768814993449,0.05173804563719118,0.07790908713604894,RetPigEpit_144
G1,0.9940828402366864,1,1.0000000000000002,0.9935064935064932,0.9925925925925924,0.9722222222222219,0.9820634920634915,2.370359667510976,0.05193939142403263,0.07790908713604894,RetPigEpit_144
S,0.001183431952662722,-0,-0,-0,-0,-0,0.007936507936507936,1.765799289292046,0.13639079217708266,0.13639079217708266,RetPigEpit_144
S,0.00851063829787234,0.014488741232927285,-0,0.007812499999999999,0.015873015873015883,-1.2266347333466992e-18,0.055555555555555546,2.3263844273990357,0.04019462037703226,0.12058386113109679,GutProgeHM_228
G1,0.9702127659574468,0.9426172019195278,0.9785694598528826,0.97704529494382,0.9627894873796515,0.9916666666666661,0.9444444444444436,0.9884033203637328,0.42299751807366337,0.634496277110495,GutProgeHM_228
G2M,0.02127659574468085,0.042894056847545235,0.021430540147117694,0.015142205056179773,0.021337496747332825,0.00833333333333333,-1.2266347333466992e-18,0.6333368453172439,0.6743056945867653,0.6743056945867653,GutProgeHM_228
G1,0.8565891472868217,0.824214792299899,0.8443978569764734,0.9011183597390494,0.8583333333333335,0.6547619047619045,0.8471582181259598,2.1211166803586283,0.1304052286054637,0.3912156858163911,MullerGlia_227
G2M,0.12790697674418605,0.12702634245187439,0.12147682273468438,0.08191985088536811,0.1416666666666667,0.27380952380952367,0.13671274961597532,1.2572113482086706,0.34131939215813095,0.5119790882371964,MullerGlia_227
S,0.015503875968992248,0.04875886524822696,0.0341253202888423,0.01696178937558248,2.0030861316495456e-18,0.07142857142857141,0.016129032258064505,0.8829717429884418,0.5205664273486651,0.5205664273486651,MullerGlia_227
S,0.008438818565400843,-0,0.009009009009009014,0.004310344827586206,0.03333333333333334,0.010416666666666664,0.006849315068493149,0.788406977042525,0.5577913955058431,0.7575474405291664,IonoKplusS_119
G1,0.9901547116736991,1.0000000000000002,0.9909909909909912,0.9913793103448274,0.9666666666666665,0.989583333333333,0.9931506849315062,0.6552091515482684,0.6575110141351493,0.7575474405291664,IonoKplusS_119
G2M,0.0014064697609001407,-0,-0,0.004310344827586206,-0,-6.133173666733496e-19,2.8035152732586433e-19,0.5250207772543678,0.7575474405291664,0.7575474405291664,IonoKplusS_119
S,0.009940357852882704,0.004728132387706881,-0,-0,0.17708333333333337,0.035714285714285705,-4.906538933386797e-18,2.3037253213656186,0.08223308354768843,0.2466992506430653,OligodenHR_195
G1,0.9423459244532804,0.9460563077584354,0.9627215551743855,0.9569277108433732,0.8020833333333335,0.9285714285714284,0.9999999999999999,1.1976801696700914,0.3450917840374513,0.5176376760561769,OligodenHR_195
G2M,0.04771371769383698,0.049215559853857734,0.03727844482561465,0.0430722891566265,0.02083333333333334,0.0357142857142857,-1.471961680016039e-17,0.7551208865406234,0.5920939443304394,0.5920939443304394,OligodenHR_195
S,0.0079960019990005,0.011126267425504162,-0,0.008547632963179426,0.002989536621823618,0.0144656118824669,0.003937007874015743,1.3930733714130674,0.2591084351762166,0.7773253055286499,ConePhotUV_213
G2M,0.010494752623688156,0.0077007700770077014,0.009132420091324202,0.006392460549386324,0.010926044558331557,0.005699063609945105,0.007874015748031492,0.4426630551035884,0.8146072240233158,0.9875771251903533,ConePhotUV_213
G1,0.9815092453773113,0.9811729624974884,0.9908675799086759,0.9850599064874338,0.9860844188198452,0.9798353245075876,0.9881889763779526,0.11668454157561456,0.9875771251903533,0.9875771251903533,ConePhotUV_213
S,0.013565891472868217,-0,0.009523809523809525,-0,-1.251928832280966e-18,0.06118881118881117,0.011627906976744165,0.9240937777017392,0.4639286557833747,0.6166667172232676,EnteroLyso_16
G1,0.9806201550387597,0.9761904761904763,0.9846282372598164,0.9999999999999999,1.0000000000000004,0.9259906759906756,0.9883720930232552,0.7104370264449065,0.61550648452976775,0.6166667172232676,EnteroLyso_16
G2M,0.005813953488372093,0.023809523809523815,0.005847953216374268,-0,4.006172263299091e-18,0.012820512820512817,-2.4532694666933983e-18,0.7088979481296018,0.6166667172232676,0.6166667172232676,EnteroLyso_16
G2M,0.011093502377179081,0.0058479532163742695,-0,0.014425072644250723,0.03195352214960058,-2.4532694666933983e-18,0.012820512820512818,2.8817714640740726,0.013210629240491987,0.03963188772147596,TasteBud12_10
G1,0.9809825673534073,0.9877417903733694,0.9863945578231295,0.9711498547114986,0.9680464778503995,1.0000000000000002,0.9871794871794868,1.3966966847906312,0.2218715678081309,0.33280735171219633,TasteBud12_10
S,0.00792393026941363,0.006410256410256412,0.01360544217687075,0.014425072644250723,-1.0015430658247728e-18,-2.4532694666933983e-18,-2.856395320907325e-20,0.6759773023447848,0.6416350403689319,0.6416350403689319,TasteBud12_10
G2M,0.011689691817215728,0.012392597488433578,-0,0.02189270733681654,0.013888888888888886,0.018771929824561395,-3.8332335417084346e-18,1.3880136495148423,0.2251358051192176,0.35324363378959206,TasteBud12_11
S,0.009564293304994687,0.007490636704119851,0.010416666666666668,0.007874015748031494,0.018455098934550985,-1.2266347333466992e-18,0.010638297872340424,1.3611414598390859,0.23549575585972804,0.35324363378959206,TasteBud12_11
G1,0.9787460148777896,0.9801167658074469,0.9895833333333335,0.9702332769151519,0.9676560121765605,0.9812280701754383,0.9893617021276592,0.6768982374493029,0.6409330169545117,0.6409330169545117,TasteBud12_11
G2M,0.007757404795486601,0.008272859216255445,0.01234567901234568,0.010761238337574211,1.0015430658247728e-18,0.01162790697674418,-1.2266347333466992e-18,1.3544308486467647,0.2381444163895969,0.39937205859625874,PharynArch_79
S,0.013399153737658674,0.015387666331062562,-0,0.013888888888888885,0.00724637681159421,0.030718500520652538,0.019568151147098492,1.2868005488553782,0.2662480390641725,0.39937205859625874,PharynArch_79
G1,0.9788434414668548,0.9763394744526821,0.9876543209876545,0.9753498727735367,0.992753623188406,0.9576535925026026,0.980431848852901,0.3438406470773734,0.8864716523419958,0.8864716523419958,PharynArch_79
S,0.008641975308641974,-0,0.00723622782446312,-0,0.002150537634408601,0.07142857142857138,0.03351648351648348,2.2367531146157797,0.047855763742902416,0.14356729122870726,Periderm_218
G1,0.9666666666666667,0.9972677595628414,0.966386554621849,0.9458333333333331,0.9892473118279568,0.9285714285714284,0.952197802197802,0.9205718758970418,0.4662402531794084,0.5815387834659332,Periderm_218
G2M,0.024691358024691357,0.0027322404371584704,0.02637721755368815,0.054166666666666655,0.008602150537634407,-7.359808400080195e-18,0.014285714285714284,0.7559543266032858,0.5815387834659332,0.5815387834659332,Periderm_218
S,0.007857142857142858,0.02229601518026566,0.006211180124223605,0.0014925373134328315,0.0512820512820513,0.03846153846153844,-4.906538933386797e-18,0.7058172301627427,0.6198631341584931,0.9573779405017131,FastMuscle_271
G1,0.9814285714285714,0.9701515014607996,0.9519036116862206,0.9910447761194029,0.9453846153846157,0.961538461538461,0.9907407407407401,0.3813941574480418,0.861000452445572,0.9573779405017131,FastMuscle_271
G2M,0.010714285714285714,0.007552483358934973,0.041885208189556024,0.007462686567164177,0.0033333333333333283,-2.4532694666933983e-18,0.009259259259259254,0.21121508895728264,0.9573779405017131,0.9573779405017131,FastMuscle_271
S,0.012377850162866449,0.003490401396160559,0.006802721088435375,0.011564449064449067,0.007659932659932661,0.045470144131777614,0.01337889752523898,2.820176982571738,0.014981122983079357,0.044943368949238074,CraniaCart_240
G2M,0.021498371335504887,0.01824981301421092,0.022517479213907787,0.011261261261261259,0.03527516544757924,0.026767330130404936,0.015121057803984626,1.69279685321294,0.13245068733458343,0.19867603100187514,CraniaCart_240
G1,0.9661237785016287,0.9782597855896287,0.9706797996976569,0.9771742896742895,0.957064901892488,0.9277625257378171,0.971500044670776,1.3055595303059695,0.258192079672756,0.258192079672756,CraniaCart_240
G2M,0.005970149253731343,0.03097435897435898,0.009432182607055271,0.008474576271186439,3.0046291974743185e-18,-1.2266347333466992e-18,5.607030546517287e-19,1.0527624981742452,0.3845397157967919,0.5144690132036971,PharEpiPer_221
S,0.020895522388059702,0.03364102564102565,0.018864365214110543,0.010989010989010988,0.011296859169199605,0.052631578947368404,0.036603692571919255,1.0168356311612938,0.4056936644813427,0.5144690132036971,PharEpiPer_221
G1,0.9731343283582089,0.9353846153846155,0.9717034521788344,0.9805364127398024,0.9887031408308007,0.947368421052631,0.9633963074280802,0.849343088090217,0.5144690132036971,0.5144690132036971,PharEpiPer_221
G2M,0.007716049382716049,0.01935336976320583,0.009661835748792272,-0,1.7527003651933522e-18,-0,0,1.7993757669061377,0.1343061447999017,0.4029184343997051,Mesenchyme_47
G1,0.9845679012345679,0.9697176684881605,0.9903381642512079,0.9999999999999999,0.983739837398374,0.9999999999999996,0.9913793103448272,0.9551528974548329,0.4562360792782302,0.6843541189173452,Mesenchyme_47
S,0.007716049382716049,0.010928961748633882,-0,-0,0.016260162601626015,-0,0.008620689655172408,0.4289929089740035,0.8257674986790724,0.8257674986790724,Mesenchyme_47
S,0.025380710659898477,0.009578544061302683,-0,0.006493506493506494,0.020289855072463763,0.0849673202614379,0.06500251298374936,3.758638810936576,0.0021002585856257578,0.006300775756877273,PharynPeri_25
G1,0.9724437998549673,0.9855558946190623,1.0000000000000002,0.9935064935064932,0.9753811405985324,0.9150326797385618,0.9349974870162502,2.3735590772716333,0.036644887433010205,0.05496733114951531,PharynPeri_25
G2M,0.002175489485134155,0.004865561319635168,-0,-0,0.004329004329004329,-0,0,0.8019489661815313,0.548013786691288,0.548013786691288,PharynPeri_25
G2M,0.008858267716535433,0.005038256913503657,0.01893939393939394,-0,0.004761904761904762,0.009999999999999998,-2.4532694666933983e-18,2.0655407099673657,0.07846289902849723,0.22661422777971507,PharynArch_116
G1,0.985236220472441,0.9829492457798817,0.9759324009324011,0.9956140350877193,0.9904761904761907,0.9899999999999994,0.9999999999999993,1.6718500281040463,0.15107615185314338,0.22661422777971507,PharynArch_116
S,0.005905511811023622,0.012012497306614956,0.00512820512820513,0.004385964912280701,0.004761904761904764,-6.133173666733496e-19,2.8035152732586433e-19,0.661139415896571,0.65395582713042,0.65395582713042,PharynArch_116
G2M,0.0049261083743842365,0.00308641975308642,0.01388888888888889,-0,-5.007715329123864e-19,0.03333333333333332,-9.813077866773593e-18,1.8864148350863856,0.09302244257084262,0.1588011194543778,FastMuscle_269
G1,0.9938423645320197,0.9969135802469138,0.9861111111111113,0.9999999999999999,1.0000000000000002,0.9333333333333328,0.9999999999999996,1.8162474878368626,0.10586741296958521,0.1588011194543778,FastMuscle_269
S,0.0012315270935960591,-0,-0,-0,-0,0.03333333333333332,-9.813077866773593e-18,1.5414102424888472,0.1731367898445758,0.1731367898445758,FastMuscle_269
S,0.025790349417637273,0.010660731021555767,-0,0.011795859412614346,0.01728110599078341,0.1075187969924812,0.031016696077100565,5.028901601686517,1.3066073170032533e-4,3.91982195100976e-4,PharynPeri_28
G1,0.9700499168053245,0.9859028428616059,0.9905684754521964,0.9882041405873854,0.9827188940092166,0.8859022556390971,0.9642663227908236,2.9253864765943574,0.012081200710082153,0.01812180106512323,PharynPeri_28
G2M,0.004159733777038269,0.0034364261168384888,0.009431524547803619,-0,-7.511572993685796e-19,0.006578947368421051,0.004716981132075469,1.8638010378118708,0.0969968917345104,0.0969968917345104,PharynPeri_28
G1,0.9747191011235955,0.9547251782034392,1.0000000000000002,0.9782608695652173,0.9731738790878579,0.9693627450980389,0.969456254195569,0.5007525664075818,0.7759282748051973,0.8311235923745799,ConePhoRed_207
G2M,0.014747191011235955,0.029711834059660155,-0,0.0108695652173913,0.016073432740099414,0.01021241830065359,0.013761467889908247,0.46355781779277844,0.8036506327755821,0.8311235923745799,ConePhoRed_207
S,0.010533707865168539,0.015562987736900786,-0,0.010869565217391302,0.010752688172043017,0.020424836601307186,0.016782277914522255,0.42565861762662976,0.8311235923745799,0.8311235923745799,ConePhoRed_207
S,0.049484536082474224,0.03343388637506286,0.04435185185185186,0.056191950464396276,0.07573812580231064,0.11111111111111106,0.12779941577409928,0.7033275397469169,0.6208716412307501,0.9037787676513971,VascularHR_226
G2M,0.09175257731958762,0.08337523043405398,0.09592592592592596,0.14055727554179565,0.13126719237117182,0.03333333333333331,0.07010710808179162,0.3697902439061779,0.869625750370843,0.9037787676513971,VascularHR_226
G1,0.8587628865979381,0.8831908831908835,0.8597222222222224,0.803250773993808,0.7929946818265176,0.8555555555555554,0.8020934761441089,0.31579726600651614,0.9037787676513971,0.9037787676513971,VascularHR_226
S,0.15517241379310345,0.12086644849618204,0.12069648933632975,0.08866995073891626,0.27564102564102566,0.2077380952380952,0.11525974025974019,1.2054066066592568,0.303597368600272,0.5291479044799522,EntericGli_57
G1,0.8117816091954023,0.844491195262584,0.8531910390906069,0.88990147783251206,0.6756410256410258,0.7558333333333332,0.8529684601113171,1.1095003190493116,0.35276526965330146,0.5291479044799522,EntericGli_57
G2M,0.033045977011494254,0.034642356241234226,0.02611247157306353,0.021428571428571422,0.04871794871794871,0.036428571428571414,0.03177179962894248,0.47568013707933116,0.7946862814909085,0.7946862814909085,EntericGli_57
S,0.006557377049180328,0.008771929824561405,-0,-0,5.007715329123864e-19,-0,0.019230769230769225,2.0407736108460486,0.06966057124071176,0.06966057124071215,FastMuscle_250
G1,0.9934426229508196,0.9912280701754387,1.0000000000000002,0.9999999999999999,1.0000000000000004,0.9999999999999996,0.9807692307692303,2.040773610846046,0.06966057124071215,0.06966057124071215,FastMuscle_250
G2M,0.011574074074074073,0.026455026455026457,0.03333333333333334,-0,0.0238095238095238,-0,0,2.1474253857243126,0.05684841165268892,0.15883343574433684,PharyPouch_89
S,0.05324074074074074,0.02380952380952382,0.007751937984496126,0.046874999999999986,0.02564102564102565,0.11224489795918363,0.08012820512820508,1.8161364990302966,0.10588895716289123,0.15883343574433684,PharyPouch_89
G1,0.9351851851851852,0.9497354497354498,0.9589147286821708,0.9531249999999998,0.9505494505494508,0.8877551020408161,0.9198717948717943,0.6830410823944343,0.6362551502385623,0.6362551502385623,PharyPouch_89
S,0.009584664536741214,0.013333333333333345,-0,-0,0.04761904761904763,-0,0,0.5469459426298144,0.7408017726343481,0.8652380632166654,PharArchNC_84
G1,0.9840255591054313,0.9799999999999999,1.0000000000000002,0.9857142857142855,0.9523809523809523,0.9999999999999996,0.9999999999999996,0.4138744806880446,0.8394651874993538,0.8652380632166654,PharArchNC_84
G2M,0.006389776357827476,0.006666666666666669,-0,0.014285714285714284,1.5023145987371592e-18,-1.2266347333466992e-18,2.5404437131505382e-19,0.376372745808008,0.8652380632166654,0.8652380632166654,PharArchNC_84
S,0.013837638376383764,0.026578947368421053,0.009433962264150943,0.010252904989747095,0.02146750524109015,-0,0,2.8065106388163907,0.04682780465292624,0.14048341395877872,PhotRecPre_204
G1,0.9363468634686347,0.9051754385964913,0.9477219372228504,0.9412166780587833,0.9158954776879303,0.950520833333333,0.9726731601731597,2.1550047837885473,0.10352517942099373,0.15528776913149062,PhotRecPre_204
G2M,0.04981549815498155,0.06824561403508772,0.042844100512998876,0.04853041695146958,0.06263701707097934,0.04947916666666665,0.027326839826839814,1.3184085672028416,0.2990905754044401,0.2990905754044401,PhotRecPre_204
G2M,0.01820633850303439,0.02419731935558893,0.028282658782479,0.0050207039337474115,0.016721927497789568,0.022222222222222216,0.008174386920980915,3.7567454110943,0.0021087891125143427,0.006326367337543028,FastMuscle_255
S,0.009440323668240054,0.009314554434760673,0.005979730179658264,0.015062111801242234,0.011693191865605659,0.022222222222222216,0.004087193460490455,2.332981657082989,0.039679270762902466,0.0595189061443537,FastMuscle_255
G1,0.9723533378287256,0.9664881262096505,0.9657376110378628,0.97991718426501,0.9715848806366045,0.955555555555555,0.987738419618528,2.0399081054621786,0.06977479745485211,0.06977479745485211,FastMuscle_255
S,0.009664948453608248,0.011904761904761908,0.002164502164502165,0.011778862450003392,0.006693070522857758,0.027089783281733736,0.013913043478260861,0.6052958126240284,0.6959033643557342,0.9943435026814216,ConePhotGr_208
G2M,0.01610824742268041,0.014508180563768975,0.03034710387651565,0.030286082299505114,0.025352571940979857,0.013931888544891628,0.00666666666666666,0.44616011287372026,0.81637475550391,0.9943435026814216,ConePhotGr_208
G1,0.9742268041237113,0.9735870575314692,0.9674883939589825,0.9579350552504913,0.9679543575361623,0.9589783281733743,0.979420289855072,0.08678477372458579,0.9943435026814216,0.9943435026814216,ConePhotGr_208
S,0.007312614259597806,0.004694835680751175,0.012820512820512824,-0,-0,0.026315789473684202,0.011904761904761899,1.0725740277885276,0.3732170166372706,0.6591140730053475,Roofplate_133
G1,0.9908592321755028,0.9906103286384977,0.9871794871794874,0.9999999999999999,0.9999999999999999,0.9736842105263154,0.9880952380952378,0.8338716981073474,0.5252992239859742,0.6591140730053475,Roofplate_133
G2M,0.0018281535648994515,0.004694835680751175,-0,-0,5.007715329123864e-19,-0,0,0.6531176632043607,0.6591140730053475,0.6591140730053475,Roofplate_133
S,0.011042944785276074,0.006535947712418303,-0,0.03256578947368421,0.020235417603838655,0.016409266409266404,-2.4532694666933983e-18,0.8684612208243858,0.5191332805177524,0.9036122803287618,RetinalRod_259
G2M,0.0638036809815951,0.06563457506853734,0.11815818281335524,0.05888157894736841,0.06153846153846155,0.028314028314028305,0.047727272727272715,0.6442398319752223,0.6688604486262969,0.9036122803287618,RetinalRod_259
G1,0.9251533742331288,0.9278294772190445,0.8818418171866451,0.9085526315789474,0.9182261208576998,0.955276705276705,0.9522727272727268,0.305973400967011,0.9036122803287618,0.9036122803287618,RetinalRod_259
G1,0.9555273189326556,0.9489611562782296,0.987175083018436,0.9895833333333333,0.964264264264264,0.9122936320754715,0.9673913043478256,1.8117262998437416,0.10674827365326162,0.13902072232988627,LatLineNMa_125
S,0.029224904701397714,0.03477868112014454,0.008759876331157681,0.010416666666666663,0.031231231231231237,0.05173938679245282,0.021739130434782598,1.7197871283103332,0.12617088445217306,0.13902072232988627,LatLineNMa_125
G2M,0.015247776365946633,0.016260162601626018,0.004065040650406506,-0,0.004504504504504506,0.03596698113207546,0.010869565217391295,1.6657636595586824,0.13902072232988627,0.13902072232988627,LatLineNMa_125
S,0.04,0.02469135802469136,-0,0.06249999999999999,0.06149425287356322,0.09999999999999994,0.027863777089783267,0.8837655568553817,0.49461096603562615,0.8136590293667609,Cornea_95
G2M,0.0225,0.02204585537918871,0.03422619047619048,0.03869047619047617,0.005747126436781606,0.033333333333333305,0.013157894736842096,0.7660503651030516,0.5762033217262358,0.8136590293667609,Cornea_95
G1,0.9375,0.95326278659612,0.9657738095238098,0.8988095238095236,0.9327586206896549,0.8666666666666664,0.9589783281733745,0.4483885274241486,0.8136590293667609,0.8136590293667609,Cornea_95
S,0.012054244098442994,0.018765750286368846,0.009795509795509798,0.015009315323707495,3.129822080702415e-18,0.0038759689922480585,0.011494252873563213,2.313010769465867,0.10122642871085476,0.3036792861325643,MULTMusPan_239
G2M,0.013561024610748368,0.010327176403207333,0.013701201201201203,0.015847694457382388,0.018438027429331982,0.010869565217391297,-1.2266347333466992e-18,0.5740213659621217,0.7191580593673851,0.9071093305898232,MULTMusPan_239
G1,0.9743847312908086,0.970907073310424,0.9765032890032892,0.96914299021891,0.9815619725706678,0.9852544657903606,0.9885057471264368,0.2956517554336261,0.9071093305898232,0.9071093305898232,MULTMusPan_239
S,0.015313935681470138,-0,0.005376344086021507,0.007352941176470587,0.04112388250319284,0.013157894736842101,0.009090909090909084,2.5256950600264827,0.06839469798618002,0.20518409395854004,Iridophore_142
G1,0.9693721286370597,0.9854354354354357,0.9887757026976044,0.9817774936061379,0.9457215836526183,0.9243421052631576,0.9596590909090905,1.753896365106289,0.1751082467126635,0.2626623700689953,Iridophore_142
G2M,0.015313935681470138,0.01456456456456457,0.0058479532163742695,0.010869565217391295,0.013154533844189019,0.06249999999999997,0.031249999999999997,0.6489447425190388,0.6660883017105936,0.6660883017105936,Iridophore_142
S,0.01646090534979424,0.011111111111111115,-0,0.03393425238600212,0.017543859649122816,0.061890838206627656,-1.471961680016039e-17,2.291778033602434,0.04300357027598059,0.12901071082794177,Leptomenig_113
G1,0.9814814814814815,0.9888888888888889,0.9914529914529916,0.9660657476139978,0.9824561403508774,0.9381091617933721,0.9999999999999999,0.751338979441551,0.5849499858241515,0.8774249787362272,Leptomenig_113
G2M,0.00205761316872428,-0,0.008547008547008548,-0,-2.503857664561932e-19,-0,0,0.12095569730642183,0.9877834123911703,0.9877834123911703,Leptomenig_113
S,0.03759398496240601,0.02234432234432235,0.012048192771084338,0.04894374846475067,0.033893985728848115,0.12459893048128337,0.02757177033492821,1.999842403501892,0.07525757635909039,0.22577272907727117,MusProMyot_54
G1,0.9398496240601504,0.9604395604395606,0.9747914735866545,0.9395725865880619,0.9390870993317474,0.8606951871657751,0.9294856459330141,0.9628081125752936,0.43899404994282626,0.6584910749142394,MusProMyot_54
G2M,0.022556390977443608,0.017216117216117217,0.013160333642261355,0.01148366494718742,0.027018914939404247,0.014705882352941166,0.0429425837320574,0.6211712694485477,0.683669860363812,0.683669860363812,MusProMyot_54
S,0.030360531309297913,0.020833333333333332,-0,-0,0.028735632183908056,0.07443884562528627,0.019999999999999973,1.941833894787916,0.08390789701937573,0.2517236910581272,OticVesicl_246
G1,0.9639468690702088,0.9791666666666667,0.9904761904761906,1,0.9712643678160918,0.9120476408611998,0.9599999999999994,1.1729413621240632,0.3196069647504627,0.3916309504965513,OticVesicl_246
G2M,0.0056925996204933585,-0,0.009523809523809525,-0,-1.251928832280966e-18,0.01351351351351351,0.019999999999999993,1.0405670131217555,0.3916309504965513,0.3916309504965513,OticVesicl_246
S,0.014492753623188406,0.012447775337037519,0.002801120448179272,0.018137254901960775,0.007734330928416617,0.041940789473684195,0.024696969696969683,2.3269647391981008,0.04014903517554497,0.1204471055266349,FinPerider_29
G2M,0.01288244766505636,0.006116207951070338,0.012268907563025214,0.02647058823529411,0.009352453905762897,0.007812499999999994,0.011363636363636359,1.2680474905796788,0.27450553503169467,0.411758302547542,FinPerider_29
G1,0.9726247987117552,0.9814360167118923,0.9849299719887957,0.955392156862745,0.9829132151658204,0.9502467105263155,0.9639393939393937,0.9133371279884874,0.47101100936638457,0.47101100936638457,FinPerider_29
G2M,0.013235294117647059,0.020833333333333336,0.013071895424836605,-0,0.004115226337448562,0.024399765762248678,-4.906538933386797e-18,1.1010833075038342,0.35735230341560287,0.6310879681581055,ConePhotGr_198
S,0.004411764705882353,0.0026455026455026462,-0,0.011363636363636359,5.007715329123864e-19,0.0053191489361702066,-6.133173666733496e-19,0.7338719641014857,0.5979302146638662,0.6310879681581055,ConePhotGr_198
G1,0.9823529411764705,0.9765211640211642,0.9869281045751637,0.9886363636363633,0.9958847736625516,0.9702810853015805,0.9999999999999996,0.6898398700130857,0.6310879681581055,0.6310879681581055,ConePhotGr_198
G2M,0.03856749311294766,0.06315846073258473,0.03233392122281012,-0,0.014492753623188411,0.052631578947368404,0.05314685314685312,2.212687789132854,0.08220055179353958,0.24660165538061873,Mesenchyme_235
G1,0.9462809917355371,0.9104484731169371,0.9635508524397415,0.9838709677419353,0.8949275362318841,0.8947368421052627,0.9391608391608387,1.1768295804748339,0.34620057529784104,0.4811100253837157,Mesenchyme_235
S,0.015151515151515152,0.026393066150478563,0.004115226337448556,0.016129032258064512,0.09057971014492758,0.0526315789473684,0.0076923076923076745,0.9233159755403166,0.4811100253837157,0.4811100253837157,Mesenchyme_235
G1,0.9270833333333334,0.9548559053806434,0.9704065040650408,0.8885964912280703,0.9666666666666667,0.8749999999999994,0.9999999999999996,8.908419508477884,1.4800845453202843e-4,4.440253635960853e-4,ConePhoImm_197
S,0.018229166666666668,0.0038314176245210735,0.008130081300813009,0.04210526315789473,0.008333333333333333,0.06249999999999999,-1.9626155733547187e-17,5.783626660785779,0.001898523559034459,0.0028477853385516887,ConePhoImm_197
G2M,0.0546875,0.04131267699483592,0.02146341463414635,0.06929824561403508,0.025,0.06249999999999999,-1.9626155733547187e-17,4.745707885842574,0.005191027282261321,0.005191027282261321,ConePhoImm_197
S,0.010050251256281407,0.026226315442001723,0.005464480874316941,-0,0.024691358024691357,-0,0,1.522965355483808,0.1787798718724958,0.5363396156174874,PharynxClo_67
G1,0.9882747068676717,0.9737736845579986,0.9906595501334352,0.9999999999999999,0.9753086419753085,0.9999999999999996,0.9999999999999996,0.7078467701801756,0.6174595414274681,0.8170034983959515,PharynxClo_67
G2M,0.0016750418760469012,-0,0.003875968992248063,-0,-5.007715329123864e-19,-0,0,0.4452939533716072,0.8170034983959515,0.8170034983959515,PharynxClo_67
G1,0.9889135254988913,0.9890873015873017,1.0000000000000002,0.9736842105263157,0.9999999999999999,0.9861111111111107,0.9999999999999996,0.5686190348213622,0.7241604939754676,0.7241604939754687,ExPancreas_5
S,0.011086474501108648,0.010912698412698412,-0,0.026315789473684206,1.0641395074388212e-18,0.013888888888888885,-2.4532694666933983e-18,0.568619034821361,0.7241604939754687,0.7241604939754687,ExPancreas_5
G1,0.9888178913738019,0.9753086419753086,1.0000000000000002,0.9888236763236761,0.9904761904761905,0.9666329625884729,0.9999999999999993,1.4521853203968547,0.20194682009398654,0.2019468200939869,IonoKplusS_118
S,0.011182108626198083,0.02469135802469136,-0,0.011176323676323673,0.009523809523809523,0.03336703741152678,-8.586443133426895e-18,1.4521853203968536,0.2019468200939869,0.2019468200939869,IonoKplusS_118
G1,0.9854227405247813,0.9929078014184397,1.0000000000000002,0.9565217391304345,0.9999999999999999,0.9416666666666665,0.9999999999999997,0.5355965464651515,0.749483766241073,0.7494837662410732,NeurEndocr_98
S,0.014577259475218658,0.007092198581560285,-0,0.04347826086956521,1.251928832280966e-18,0.05833333333333332,-4.906538933386797e-18,0.5355965464651512,0.7494837662410732,0.7494837662410732,NeurEndocr_98
G2M,0.011961722488038277,0.017413773733288396,0.01666666666666667,0.004347826086956521,0.01588089330024814,-6.133173666733496e-19,0.008474576271186439,0.45609324575340215,0.8091315414178629,0.9862902209593873,VasBlBrBar_102
G1,0.9796650717703349,0.9700033704078197,0.9833333333333334,0.9858482523444159,0.9789909015715468,0.9999999999999996,0.9727754237288132,0.15239410272547244,0.9793953073027439,0.9862902209593873,VasBlBrBar_102
S,0.008373205741626795,0.012582855858892262,-0,0.009803921568627449,0.0051282051282051325,-4.906538933386797e-18,0.01874999999999999,0.12722231960111685,0.9862902209593873,0.9862902209593873,VasBlBrBar_102
G2M,0.03463992707383774,0.011257035647279551,0.02679738562091504,0.03191489361702127,0.025562532705389846,0.05322128851540617,0.08496503496503496,1.7326661094811433,0.12327005777759088,0.14645324371432927,NucErythro_243
S,0.04375569735642662,0.027934125495101117,0.02242028124381066,0.039582757667864066,0.04098203383917671,0.15546218487394953,0.05664335664335659,1.7211150296792892,0.12586896772434775,0.14645324371432927,NucErythro_243
G1,0.9216043755697356,0.9608088388576196,0.9507823331352744,0.9285023487151144,0.9334554334554336,0.7913165266106438,0.8583916083916081,1.6365273788579222,0.14645324371432927,0.14645324371432927,NucErythro_243
S,0.006514657980456026,-0,0.00432900432900433,0.02129508909169926,0.008130081300813007,-3.6799042000400975e-18,0.012499999999999997,1.4825773332110488,0.19169918647848097,0.5750975594354429,ConePhotGr_210
G2M,0.021715526601520086,0.033816835703628166,0.014430014430014432,0.008474576271186439,0.020325203252032516,0.008928571428571423,0.026388888888888882,0.8648429395662934,0.5037414781374481,0.7556122172061721,ConePhotGr_210
G1,0.9717698154180239,0.9661831642963719,0.9812409812409815,0.9702303346371141,0.9715447154471545,0.9910714285714279,0.9611111111111108,0.4723158581904182,0.7971816374673177,0.7971816374673177,ConePhotGr_210
S,0.013091641490433032,0.013812544045102187,0.008649701015157838,0.01713520749665328,0.0025641025641025663,0.021739130434782598,0.022222222222222202,0.692000955959039,0.629447868139671,0.8239192667080735,EnteroAnte_3
G2M,0.007049345417925478,0.025668449197860967,0.006930276239515528,0.005555555555555554,0.020107962213225375,-1.2266347333466992e-18,-5.2614312021620977e-20,0.463456440148138,0.8037252766500393,0.8239192667080735,EnteroAnte_3
G1,0.9798590130916415,0.960519006757037,0.9844200227453268,0.9773092369477909,0.9773279352226724,0.978260869565217,0.9777777777777774,0.4357223920384725,0.8239192667080735,0.8239192667080735,EnteroAnte_3
S,0.004893964110929853,0.022619047619047625,-0,-0,2.0030861316495456e-18,-0,0,3.9403315714013867,0.0014214828911327157,0.0030754003488525673,SlowMuscle_253
G1,0.9934747145187602,0.9744047619047621,1.0000000000000002,0.9999999999999999,0.9999999999999999,0.9999999999999996,0.9999999999999996,3.7698887846173275,0.0020502668992350447,0.0030754003488525673,SlowMuscle_253
G2M,0.0016313213703099511,0.002976190476190477,-0,-0,5.007715329123864e-19,-0,0,3.44554840498994,0.004087529322271288,0.004087529322271288,SlowMuscle_253
G2M,0.039045553145336226,0.05594270228416571,0.04342105263157895,0.045329670329670314,0.030303030303030297,0.025708635464733006,0.02857142857142855,0.6349844707938049,0.6730385099587075,0.7764558238687482,OligoBrGli_194
S,0.010845986984815618,0.015873015873015876,-0,0.017857142857142853,2.0030861316495456e-18,0.025708635464733016,-4.906538933386797e-18,0.6162895316815225,0.6874304917564691,0.7764558238687482,OligoBrGli_194
G1,0.9501084598698482,0.9281842818428184,0.9565789473684212,0.9368131868131867,0.9696969696969695,0.9485827290705338,0.971428571428571,0.5000521198189741,0.7764558238687482,0.7764558238687482,OligoBrGli_194
S,0.01827875095201828,0.01070078511195115,0.007540944974667139,-0,0.013427109974424553,0.09659090909090905,0.03550135501355011,4.283339984009848,6.755955536644931e-4,0.0020267866609934796,PharynPeri_23
G1,0.9763899466869764,0.9874575942618978,0.976937990723781,0.9999999999999999,0.9793265132139811,0.8882575757575754,0.9644986449864492,3.039228816855205,0.009556312491647848,0.014334468737471772,PharynPeri_23
G2M,0.005331302361005331,0.0018416206261510132,0.01552106430155211,-0,0.007246376811594201,0.015151515151515147,-1.2266347333466992e-18,1.8514294948005907,0.09923663340085297,0.09923663340085297,PharynPeri_23
S,0.1737012987012987,0.12599681020733652,0.08393719806763288,0.14145658263305322,0.1855513705796192,0.2956916099773242,0.05703703703703695,1.3579986651584202,0.2665698554921008,0.6181540188771388,NeuronUnkn_56
G1,0.8035714285714286,0.8403766013273656,0.9021739130434785,0.8466386554621849,0.8087989119062564,0.677437641723356,0.9229629629629625,1.0392505712700957,0.4121026792514259,0.6181540188771388,NeuronUnkn_56
G2M,0.022727272727272728,0.03362658846529815,0.01388888888888889,0.011904761904761906,0.0056497175141243024,0.026870748299319718,0.019999999999999987,0.23660128300600874,0.9433697802879882,0.9433697802879882,NeuronUnkn_56
S,0.017232890201871,0.010734989648033127,0.0025839793281653752,0.01006711409395973,0.008019099782318658,0.07206632653061222,0.04462948277381265,4.181197690160458,0.004278788308467059,0.012836364925401175,PharynPeri_26
G1,0.9748892171344166,0.9815062111801244,0.992287512081583,0.9865771812080535,0.981588371603118,0.9234693877551017,0.9480791259141769,2.6172381354914216,0.04067129823382323,0.06100694735073485,PharynPeri_26
G2M,0.007877892663712457,0.007758799171842653,0.005128508590251889,0.0033557046979865767,0.010392528614563584,0.004464285714285711,0.007291391312009863,0.9374685177367885,0.46863049216902664,0.46863049216902664,PharynPeri_26
S,0.003968253968253968,-0,-0,-0,-0,-0,0.07142857142857137,0.6148264607035324,0.6885578162097832,0.9906283602893766,NeurDienGa_180
G1,0.9880952380952381,0.9722222222222223,1.0000000000000002,0.9838709677419353,0.9999999999999997,0.9999999999999996,0.9285714285714282,0.25766604897476203,0.9361278949890951,0.9906283602893766,NeurDienGa_180
G2M,0.007936507936507936,0.02777777777777778,-0,0.016129032258064512,2.0030861316495456e-18,-2.4532694666933983e-18,1.1214061093034573e-18,0.10778618082459057,0.9906283602893766,0.9906283602893766,NeurDienGa_180
G1,0.9722507708119219,0.9844753593133443,0.9044715447154473,0.9738805970149252,0.9908675799086757,0.9693941679235791,0.9586872586872585,1.0327708828730087,0.4321689826157461,0.585532977577855,ConePhoRed_206
S,0.007194244604316547,0.004694835680751175,0.08333333333333334,0.007462686567164177,-7.511572993685796e-18,0.007352941176470585,0.020656370656370646,0.7773026633556206,0.5803822268713232,0.585532977577855,ConePhoRed_206
G2M,0.020554984583761562,0.01082980500590455,0.012195121951219514,0.018656716417910443,0.009132420091324199,0.023252890899949717,0.02065637065637065,0.7693314474492707,0.585532977577855,0.585532977577855,ConePhoRed_206
G1,0.9774774774774775,1,1.0000000000000002,0.9722222222222222,0.9784946236559136,0.9999999999999999,0.8557692307692305,0.3813647391348798,0.8618817249845392,0.9214051910631329,PharynPeri_31
G2M,0.0045045045045045045,-0,-0,-0,-0,-0,0.01923076923076923,0.3091946736299518,0.9077043022272441,0.9214051910631329,PharynPeri_31
S,0.018018018018018018,-0,-0,0.027777777777777773,0.02150537634408602,-0,0.12499999999999999,0.28527742286576807,0.9214051910631329,0.9214051910631329,PharynPeri_31
G2M,0.016917293233082706,0.02469135802469136,0.007092198581560285,0.012820512820512813,0.004901960784313726,0.1051282051282051,0.0075757575757575525,1.9861847189575466,0.07873320203535593,0.23619960610606777,SlowMuscle_260
G1,0.9699248120300752,0.9520340012143294,0.9790189125295509,0.9784075573549255,0.9534313725490196,0.8948717948717944,0.9924242424242421,1.1312260990541325,0.34233181359107134,0.513497720386607,SlowMuscle_260
S,0.013157894736842105,0.023274640760979556,0.01388888888888889,0.008771929824561401,0.04166666666666668,-1.2266347333466992e-18,5.607030546517287e-19,0.6162063450846531,0.6875242714803944,0.6875242714803944,SlowMuscle_260
G2M,0.013059701492537313,0.023399014778325126,0.013135228251507324,0.008771929824561401,3.5054007303867045e-18,0.09999999999999998,-4.9065389333867966e-17,1.4911825298521342,0.1888806012777739,0.46921669000154476,Hepatocyte_244
G1,0.9794776119402985,0.9708538587848934,0.9707533530207951,0.9912280701754383,0.9999999999999997,0.8999999999999997,0.9999999999999999,1.1865633761910246,0.3128111266676965,0.46921669000154476,Hepatocyte_244
S,0.007462686567164179,0.005747126436781611,0.0161114187276978,-0,-2.503857664561932e-19,-0,0,0.8164154748908394,0.5376604216848289,0.5376604216848289,Hepatocyte_244
S,0.009708737864077669,0.009945009945009946,0.02276658526658527,0.019510879338248514,0.013475177304964536,0.0030303030303030273,0.0049999999999999975,1.6644410906920746,0.1814120592788582,0.4542350907807944,ConePhotBl_212
G2M,0.01423948220064725,0.01522413591379109,0.00462962962962963,0.006024096385542169,0.022295589793755594,0.013636363636363629,0.004999999999999996,0.9736421152491777,0.4536349367668163,0.4542350907807944,ConePhotBl_212
G1,0.976051779935275,0.9748308541411993,0.9726037851037853,0.9744650242762092,0.96422923290128,0.983333333333333,0.9899999999999998,0.9725883762035976,0.4542350907807944,0.4542350907807944,ConePhotBl_212
S,0.0045871559633027525,0.017909571344685852,-0,-0,2.5664541061759804e-18,-0,0.010204081632653053,2.1248575096607163,0.05935966292225547,0.1780789887667664,FinEpiderm_216
G1,0.9518348623853211,0.9297681961804102,0.9492427650322389,0.9411703887510339,0.9193722943722947,0.8777777777777774,0.9277210884353738,1.0238200021748707,0.4015187890037781,0.4670951440959763,FinEpiderm_216
G2M,0.04357798165137615,0.052322232474904244,0.050757234967761286,0.05882961124896609,0.08062770562770566,0.12222222222222218,0.06207482993197274,0.919272116327919,0.4670951440959763,0.4670951440959763,FinEpiderm_216
S,0.003902439024390244,-0,-0,0.005208333333333332,-0,-2.4532694666933983e-18,0.020244522070498563,2.7256600432129208,0.03430098497846036,0.06963677212899433,RetPigEpit_145
G1,0.9921951219512195,1,1.0000000000000002,0.9947916666666665,0.9999999999999999,0.9799999999999998,0.9691171800571605,2.5230445914638238,0.046424514752662883,0.06963677212899433,RetPigEpit_145
G2M,0.003902439024390244,-0,-0,-0,-0,0.01999999999999999,0.01063829787234042,1.7303479520516138,0.15229133976756082,0.15229133976756082,RetPigEpit_145
S,0.10714285714285714,0.12911378027657103,0.057417462327731525,0.09648058252427186,0.12369101047191629,0.14132846143807906,0.19999999999999996,1.5279997323699284,0.17722390788157058,0.5259745499281121,Neutrophil_223
G2M,0.040674603174603176,0.017580287929125145,0.04137662088808649,0.05066747572815534,0.03174603174603175,0.03562573404671797,0.0583333333333333,1.0616954835246952,0.3794041062532869,0.5259745499281121,Neutrophil_223
G1,0.8521825396825397,0.853305931794304,0.901205916784182,0.8528519417475727,0.8445629577820521,0.8230458045152027,0.7416666666666663,0.8329125855911726,0.5259745499281121,0.5259745499281121,Neutrophil_223
G1,0.9908256880733946,1,1.0000000000000002,0.9846153846153843,0.9999999999999999,0.8999999999999997,0.9999999999999997,4.974168058151745,1.475664646531637e-4,1.4756646465316665e-4,CephCraMus_252
S,0.009174311926605505,-0,-0,0.015384615384615387,-0,0.09999999999999998,-2.943923360032078e-17,4.9741680581517365,1.4756646465316665e-4,1.4756646465316665e-4,CephCraMus_252
G2M,0.009485094850948509,0.0019607843137254906,0.01241626241626242,0.013888888888888885,-7.511572993685796e-19,0.027516647081864458,0.01149425287356321,2.910713047114132,0.028982935914057435,0.08694880774217231,PharynArch_80
S,0.015582655826558265,0.02357086446752932,0.003003003003003004,0.005555555555555551,0.01441664359542267,0.04103016059537797,0.021211043962554788,1.1771934077211779,0.3429580281869538,0.5144370422804307,PharynArch_80
G1,0.9749322493224932,0.9744683512187455,0.9845807345807348,0.9805555555555554,0.9855833564045778,0.9314531923227574,0.9672947031638818,0.8611734894230004,0.5181313650262311,0.5181313650262311,PharynArch_80
G2M,0.00477326968973747,0.02777777777777778,-0,-0,4.006172263299091e-18,-0,0,0.5993853574948512,0.7004596646750305,0.9740307494881557,FloorPlate_112
G1,0.9880668257756563,0.964092140921409,1.0000000000000002,0.9999999999999999,0.9824561403508766,0.9999999999999996,0.9880952380952375,0.36419530823174945,0.8733200572423113,0.9740307494881557,FloorPlate_112
S,0.007159904534606206,0.008130081300813009,-0,-0,0.017543859649122806,-0,0.011904761904761902,0.16912995020101787,0.9740307494881557,0.9740307494881557,FloorPlate_112
G2M,0.002717391304347826,0.0031746031746031755,0.0025157232704402527,0.005555555555555554,0.0038759689922480663,-1.2266347333466992e-18,0.004115226337448559,2.1215401982297117,0.05973745494425141,0.1792123648327542,NeuronGlut_158
S,0.004227053140096618,0.008023088023088024,0.005140395186450751,-0,1.0015430658247728e-18,0.0038146186837277594,0.0020576131687242787,1.1148802696111568,0.3498564583579536,0.5247846875369304,NeuronGlut_158
G1,0.9930555555555556,0.9888023088023089,0.9923438815431094,0.9944444444444442,0.9961240310077516,0.9961853813162721,0.9938271604938269,0.6517743011672178,0.6601440781559222,0.6601440781559222,NeuronGlut_158
G2M,0.011194029850746268,0.0052910052910052924,0.015873015873015876,0.017241379310344824,-5.007715329123864e-19,-2.4532694666933983e-18,1.1214061093034573e-18,3.528320494351256,0.025492090033556278,0.07647627010066883,ConePhoImm_209
G1,0.9776119402985075,0.9947089947089949,0.9841269841269844,0.9482758620689655,0.9722222222222222,0.9999999999999999,0.9999999999999997,2.582599295503873,0.0694993333888338,0.10424900008325069,ConePhoImm_209
S,0.011194029850746268,-0,-0,0.03448275862068965,0.027777777777777776,-4.906538933386797e-18,2.2428122186069146e-18,1.5718837355677666,0.226311621115864,0.226311621115864,ConePhoImm_209
G2M,0.020227560050568902,0.013473491010720397,0.012924593077264838,0.03214285714285714,0.02102870133560671,0.038183694530443735,0.024999999999999988,0.3791751159225734,0.8633569138864077,0.9096119886511875,Lens_267
G1,0.9759797724399494,0.9785174988528763,0.9870754069227353,0.9678571428571427,0.9789712986643935,0.9530443756449946,0.9749999999999999,0.3163274643235434,0.903460969810872,0.9096119886511875,Lens_267
S,0.0037926675094816687,0.008009010136403455,-0,-0,1.0954377282458453e-18,0.008771929824561401,-3.6799042000400975e-18,0.3059489077551849,0.9096119886511875,0.9096119886511875,Lens_267
G2M,0.0076481835564053535,-0,0.017647058823529415,0.014285714285714284,-2.2534718981057387e-18,-2.4532694666933983e-18,0.01562499999999999,0.47043249769370726,0.7985761022366835,0.993601417228566,PronProxCT_190
S,0.0076481835564053535,-0,0.006535947712418303,0.006756756756756756,0.027777777777777783,-6.133173666733496e-19,1.2702218565752691e-19,0.24416618416678104,0.9428633771479382,0.993601417228566,PronProxCT_190
G1,0.9847036328871893,1.0000000000000002,0.9758169934640526,0.9789575289575287,0.9722222222222225,0.9999999999999999,0.9843749999999997,0.09147266264480669,0.993601417228566,0.993601417228566,PronProxCT_190
S,0.010921501706484642,0.010181176847843516,0.003508771929824562,0.00900735294117647,0.012993503248375813,0.022727272727272717,0.005376344086021497,0.4196099255966842,0.8354184443546248,0.9943965552184494,PharynArch_85
G2M,0.010921501706484642,0.01277323499545722,0.007017543859649124,0.009007352941176468,0.010578044311177738,-2.4532694666933983e-18,0.01714104996837444,0.4030314248734778,0.8470438089023932,0.9943965552184494,PharynArch_85
G1,0.9781569965870307,0.9770455881566993,0.9894736842105265,0.9819852941176469,0.9764284524404465,0.9772727272727267,0.9774826059456038,0.08643710164739457,0.9943965552184494,0.9943965552184494,PharynArch_85
S,0.003676470588235294,-0,-0,-0,0.03703703703703705,-0,0,1.7833435536607603,0.11243247117349135,0.2219730802578298,CephCraMus_249
G1,0.9926470588235294,1,0.9999999999999999,0.9999999999999999,0.9629629629629631,0.9999999999999996,0.9749999999999995,1.6306783940631635,0.14798205350521987,0.2219730802578298,CephCraMus_249
G2M,0.003676470588235294,-0,-0,-0,-0,-0,0.024999999999999998,1.3018802982212363,0.25975613377977547,0.25975613377977547,CephCraMus_249
G2M,0.018604651162790697,0.09615384615384617,0.010416666666666675,0.08333333333333331,-4.006172263299091e-18,-0,-0,0.20633800863097118,0.95996946770668945,0.9745728132450944,MucHeadPer_231
G1,0.9720930232558139,0.9038461538461541,0.9791666666666667,0.9166666666666666,0.6666666666666666,1,1,0.17441768302220712,0.9722093229787259,0.9745728132450944,MucHeadPer_231
S,0.009302325581395349,-0,0.010416666666666675,-0,0.3333333333333334,-0,-2.9439233600320786e-17,0.16752164489735596,0.9745728132450944,0.9745728132450944,MucHeadPer_231
S,0.011928429423459244,-0,0.016778900112233444,-0,0.023809523809523808,0.06249999999999998,-4.906538933386797e-18,1.9255782798515089,0.0864920636351901,0.2594761909055703,Ileocyte_15
G1,0.9840954274353877,1,0.9731200897867567,0.9999999999999999,0.9761904761904763,0.9374999999999997,0.9999999999999996,1.4362985907911274,0.20748859588653332,0.31123289382979996,Ileocyte_15
G2M,0.003976143141153081,-0,0.010101010101010102,-0,-1.0015430658247728e-18,-0,0,0.6668812030607089,0.648578397079616,0.648578397079616,Ileocyte_15
G2M,0.001949317738791423,0.009523809523809523,-0,-0,0.006060606060606062,-0,0,2.4406254721416323,0.03210801842781436,0.06502110045434631,SkelMuscle_254
S,0.012670565302144249,0.0034013605442176896,0.004761904761904764,0.003623188405797101,0.021925133689839577,0.02777777777777778,0.02926421404682273,2.287690148664228,0.043347400302897535,0.06502110045434631,SkelMuscle_254
G1,0.9853801169590644,0.987074829931973,0.9952380952380956,0.9963768115942028,0.9720142602495544,0.9722222222222218,0.9707357859531769,1.937965074743858,0.08451637208771876,0.08451637208771876,SkelMuscle_254
S,0.0062047569803516025,0.0014124293785310739,-0,-0,0.006802721088435372,0.045454545454545435,0.0363902959210877,2.4406379691933617,0.03210722520984321,0.09632167562952962,CephCraMus_268
G1,0.9762150982419855,0.9791987673343608,0.9761668321747766,0.9964788732394364,0.9863945578231293,0.9090909090909087,0.9470807784590771,1.6356639263802748,0.14667804409364912,0.22001706614047367,CephCraMus_268
G2M,0.017580144777662874,0.019388803287108375,0.023833167825223437,0.0035211267605633778,0.006802721088435372,0.045454545454545435,0.016528925619834683,1.2465237975735588,0.2842376530409232,0.2842376530409232,CephCraMus_268
G2M,0.007194244604316547,0.01683029453015428,-0,0.003401360544217686,0.014329501915708817,-6.133173666733496e-19,-2.6307156010810488e-20,4.505105525457133,4.158587925356267e-4,7.97030861812862e-4,MuscleUnkn_230
S,0.00539568345323741,0.013246065139473278,0.00740740740740741,-0,5.007715329123864e-19,-0,0.006134969325153371,4.393280952845826,5.313539078752413e-4,7.97030861812862e-4,MuscleUnkn_230
G1,0.987410071942446,0.9699236403303725,0.9925925925925927,0.9965986394557823,0.9856704980842913,0.9999999999999996,0.9938650306748462,3.247396566351778,0.006199060496371957,0.006199060496371957,MuscleUnkn_230
S,0.012448132780082987,-0,0.023809523809523815,-0,0.014492753623188403,-0,0.020833333333333332,1.9276118650103702,0.08616480732990633,0.2500391090858173,EnInhibMoN_49
G1,0.983402489626556,1,0.9761904761904764,0.9799999999999998,0.985507246376812,0.9999999999999999,0.9791666666666663,1.4040033408223014,0.21915589208722172,0.2500391090858173,EnInhibMoN_49
G2M,0.004149377593360996,-0,-0,0.019999999999999997,-0,-2.4532694666933983e-18,5.0808874263010765e-19,1.325041243355639,0.2500391090858173,0.2500391090858173,EnInhibMoN_49
S,0.05925925925925926,0.0518803418803419,0.02951933124346919,-0,0.17744360902255646,0.1020743738932456,0.07142857142857138,5.20459922965185,8.832424804460061e-5,2.649727441338018e-4,NeuralmbHR_224
G1,0.5530864197530864,0.4543467643467646,0.6184485508441953,0.576785714285714,0.44160401002506283,0.5781684796357193,0.3785714285714283,0.8792516395045022,0.49388253789775627,0.6917355883703818,NeuralmbHR_224
G2M,0.38765432098765434,0.49377289377289385,0.35203211791233574,0.4232142857142856,0.38095238095238093,0.3197571464710344,0.5499999999999998,0.6107029191624115,0.6917355883703818,0.6917355883703818,NeuralmbHR_224
G2M,0.008350730688935281,0.019070010449320798,-0,-0,3.129822080702415e-18,0.012499999999999999,0.0119047619047619,1.5503952739249114,0.2275904586148634,0.6527013860458152,Cholangio_52
S,0.08977035490605428,0.0852988008160422,0.0662878787878788,0.09160463192721258,0.06478578892371999,0.13974358974358972,0.13585434173669464,0.6687406872588746,0.6524780531232219,0.6527013860458152,Cholangio_52
G1,0.9018789144050104,0.8956311887346371,0.9337121212121214,0.9083953680727873,0.9352142110762802,0.8477564102564099,0.8522408963585428,0.6684178212764449,0.6527013860458152,0.6527013860458152,Cholangio_52
G2M,0.008221993833504625,0.010159136118215404,0.012300531914893621,-0,0.006410256410256413,-0,0.014150943396226412,1.3251117943635893,0.25000997543360937,0.683650948288778,VascEndoth_42
S,0.02158273381294964,0.02323103154305201,-0,0.014236339697169188,0.012820512820512822,0.029473317056156252,0.05637179090627898,0.9084255152926862,0.47426677646148574,0.683650948288778,VascEndoth_42
G1,0.9701952723535457,0.9666098323387325,0.9876994680851067,0.9857636603028307,0.9807692307692307,0.9705266829438437,0.9294772656974942,0.6211958242773618,0.683650948288778,0.683650948288778,VascEndoth_42
S,0.05263157894736842,0.0380952380952381,0.04761904761904763,-0,0.03921568627450979,0.0869565217391304,0.11981566820276492,1.1884038023882504,0.34821191187623085,0.7204426636206845,VascuLymph_44
G1,0.9390581717451524,0.9539682539682541,0.9523809523809527,0.9999999999999999,0.9509803921568628,0.9130434782608693,0.8563748079877108,0.9320107893741073,0.48029510908045636,0.7204426636206845,VascuLymph_44
G2M,0.008310249307479225,0.007936507936507938,-0,-0,0.009803921568627447,-0,0.023809523809523798,0.3001730598567621,0.9072543759444827,0.9072543759444827,VascuLymph_44
S,0.01228878648233487,0.011679243046776235,0.018473805732792524,0.00578034682080925,0.03383512544802868,0.06618156618156616,0.010791366906474796,1.6668958229273472,0.2134966809758233,0.3536825131051378,MULTMuPaLe_238
G1,0.9615975422427036,0.9612552017488415,0.955806011722821,0.9732541281467113,0.9425039476652379,0.9209979209979207,0.9476353343554659,1.5790171378679172,0.2357883420700919,0.3536825131051378,MULTMuPaLe_238
G2M,0.026113671274961597,0.027065555204382644,0.025720182544386728,0.020965525032479143,0.02366092688673333,0.012820512820512818,0.041573298738058734,0.6645474606663074,0.6570827256760077,0.6570827256760077,MULTMuPaLe_238
S,0.032157676348547715,0.041793638064688596,-0,0.02265822784810126,9.264273358879148e-18,0.08653846153846151,0.04911083540115797,1.2220240865959955,0.2956507484777921,0.6063251808177087,PostEpider_71
G2M,0.0031120331950207467,-0,-0,-0,0.0544871794871795,-0,0,1.0193006417813526,0.4042167872118058,0.6063251808177087,PostEpider_71
G1,0.9647302904564315,0.9582063619353115,1.0000000000000002,0.9773417721518987,0.9455128205128206,0.9134615384615382,0.9508891645988412,0.501551683105719,0.7753261877091998,0.7753261877091998,PostEpider_71
S,0.008960573476702509,0.006851851851851853,0.0031446540880503155,-0,0.005464480874316939,0.026756756756756744,0.02631578947368419,1.4479658363498045,0.2034061720208195,0.6102185160624585,BrancPorEp_120
G1,0.989247311827957,0.9885185185185185,0.9968553459119499,0.9999999999999999,0.9915856666183085,0.973243243243243,0.9736842105263154,0.9789170547381729,0.42888026667738466,0.643320400016077,BrancPorEp_120
G2M,0.0017921146953405018,0.00462962962962963,-0,-0,0.0029498525073746295,-0,0,0.5694574156901248,0.7235155204601664,0.7235155204601664,BrancPorEp_120
G1,0.9686179843089922,0.9460317460317461,0.981311882695376,0.9926470588235293,0.9763340077349739,0.6857142857142854,0.9506084466714383,3.1174242867208593,0.03503904410343928,0.06583444509771351,NucErythro_242
S,0.010863005431502716,0.009523809523809525,0.006158330390162911,-0,0.006516921975859173,0.3142857142857142,0.04545454545454538,2.9166448143241874,0.04388963006514234,0.06583444509771351,NucErythro_242
G2M,0.02051901025950513,0.04444444444444445,0.012529786914461319,0.007352941176470587,0.01714907028916692,-0,0.003937007874015749,2.1494663482671363,0.1080705755500147,0.1080705755500147,NucErythro_242
S,0.0167973124300112,0.015213675213675216,-0,0.008620689655172415,0.0051282051282051325,0.06944444444444443,0.03772321428571428,4.105208033967083,9.952263535492397e-4,0.0029856790606477192,OralPharEp_36
G1,0.9764837625979843,0.9709103557940769,1.0000000000000002,0.9913793103448275,0.9948717948717949,0.9305555555555556,0.9479910714285714,2.845655107396979,0.014222587785153305,0.021333881677729958,OralPharEp_36
G2M,0.006718924972004479,0.013875968992248064,-0,-0,1.877893248421449e-18,-0,0.014285714285714284,1.105549785109129,0.35491270420172366,0.35491270420172366,OralPharEp_36
S,0.01065658301821932,0.016588766751774797,0.004623953199503147,0.009647147147147145,0.01769713261648746,0.007506257822277845,0.01052631578947368,1.7471847601319412,0.18377771273251214,0.5513331381975364,VagalNeuro_169
G1,0.9783430732210382,0.9663189893574595,0.981465370437152,0.9841779279279278,0.9718862007168457,0.9768617021276593,0.9789473684210525,0.8304133013266278,0.5474932444232683,0.8212398666349024,VagalNeuro_169
G2M,0.011000343760742524,0.017092243890765954,0.013910676363344957,0.006174924924924924,0.010416666666666673,0.015632040050062572,0.010526315789473679,0.24596544392500105,0.935510345022374,0.935510345022374,VagalNeuro_169
G1,0.984552008238929,0.995983935742972,0.9775969962453068,0.9999999999999999,0.9771209633278604,0.9999999999999996,0.992307692307692,3.2488094471412774,0.01902925468372265,0.055532071745636666,MucHeadPer_93
G2M,0.01132852729145211,0.004016064257028114,0.01848143512724239,-0,0.01587301587301587,-0,0,2.5330998079230134,0.05108265616585454,0.055532071745636666,MucHeadPer_93
S,0.004119464469618949,-0,0.003921568627450981,-0,0.007006020799124244,-0,0.007692307692307692,2.4736987004376134,0.055532071745636666,0.055532071745636666,MucHeadPer_93
G2M,0.015037593984962405,0.022429261559696344,-0,0.008196721311475409,0.03333333333333333,-1.2266347333466992e-18,5.607030546517287e-19,0.9547996759640315,0.4440797093209583,0.9211598842854387,Lens_261
G1,0.9774436090225563,0.9600268787911812,1.0000000000000002,0.9654874892148403,0.9666666666666667,0.9999999999999997,0.9864864864864858,0.5013788258306683,0.775456445518414,0.9211598842854387,Lens_261
S,0.007518796992481203,0.01754385964912281,-0,0.026315789473684206,1.5023145987371592e-18,-4.906538933386797e-18,0.013513513513513507,0.2857190608147828,0.9211598842854387,0.9211598842854387,Lens_261
S,0.003770739064856712,0.009196108550947263,-0,-0,2.308243784518031e-18,-0,0.009345794392523362,0.8815438746898645,0.49232437971573206,0.8132500901776769,FinPerider_30
G2M,0.005279034690799397,0.0033333333333333344,0.005154639175257733,0.002958579881656804,-0,0.009259259259259255,0.004672897196261678,0.65046558318918,0.6611477847616399,0.8132500901776769,FinPerider_30
G1,0.9909502262443439,0.9874705581157198,0.9948453608247424,0.997041420118343,1.0000000000000004,0.9907407407407401,0.9859813084112146,0.4504551958562868,0.8132500901776769,0.8132500901776769,FinPerider_30
S,0.04666666666666667,0.05714531426605731,0.013820264948084499,0.03135451505016723,0.02516619183285851,0.0661918328584995,0.11843971631205669,3.9627985432479735,0.0013542479531290172,0.004062743859387052,Macrophage_45
G1,0.936,0.9176790014251315,0.9826709631220911,0.959030100334448,0.9496676163342832,0.9199430199430195,0.8602836879432618,3.085394553602563,0.00868556011058953,0.013028340165884295,Macrophage_45
G2M,0.017333333333333333,0.02517568430881125,0.003508771929824562,0.009615384615384614,0.02516619183285851,0.013865147198480527,0.021276595744680844,2.1449720049009633,0.05711650026691013,0.05711650026691013,Macrophage_45
S,0.014778325123152709,0.01257861635220126,0.0056497175141242955,0.019230769230769235,1.0015430658247728e-18,0.041161616161616156,0.02020408163265305,1.6566564487397994,0.14129898162611101,0.42389694487833307,Iridophore_143
G1,0.9766009852216748,0.9651991614255766,0.9943502824858759,0.9751512532411409,0.9902946515849743,0.9449494949494945,0.9797959183673464,0.5372250312239032,0.7482397016863103,0.9189108942809877,Iridophore_143
G2M,0.008620689655172414,0.022222222222222227,-0,0.005617977528089887,0.009705348415025841,0.013888888888888886,-3.6799042000400975e-18,0.28974341832277056,0.9189108942809877,0.9189108942809877,Iridophore_143
S,0.014010507880910683,0.01742919389978214,0.006349206349206351,0.011846496106785315,0.0034013605442176882,0.043255813953488355,0.006329113924050623,1.0209100127263235,0.4032545720466128,0.5689845473261933,MesmbCardi_77
G2M,0.002626970227670753,-0,0.020833333333333336,0.006451612903225805,-3.0046291974743185e-18,-1.2266347333466992e-18,-5.2614312021620977e-20,0.9026855037091994,0.4780888948776514,0.5689845473261933,MesmbCardi_77
G1,0.9833625218914186,0.9825708061002182,0.9728174603174604,0.9817018909899887,0.9965986394557823,0.9567441860465116,0.9936708860759492,0.7730374244202574,0.5689845473261933,0.5689845473261933,MesmbCardi_77
G2M,0.0072992700729927005,0.0194295163290616,-0,-0,0.017543859649122806,-0,0,1.486384130377815,0.19044782917034378,0.5713434875110314,MeningeFib_126
G1,0.9890510948905109,0.9805704836709387,1.0000000000000002,0.9999999999999999,0.9753639417693167,0.9999999999999996,0.9897959183673466,0.656271557160158,0.6566969831603471,0.7502141940559324,MeningeFib_126
S,0.0036496350364963502,-0,-0,-0,0.007092198581560286,-0,0.010204081632653059,0.5346400438229575,0.7502141940559324,0.7502141940559324,MeningeFib_126
S,0.0061633281972265025,0.01646090534979424,-0,-0,0.010101010101010095,-0,0,1.4065395681573536,0.2182198650524023,0.6546595951572068,RetinalRod_258
G1,0.9799691833590138,0.9604407274658171,1.0000000000000002,0.9999999999999999,0.9621212121212118,0.9848582129480999,0.9807692307692304,0.6021271485816189,0.6983460186728628,0.7924778843704391,RetinalRod_258
G2M,0.01386748844375963,0.02309836718438869,-0,-0,0.02777777777777778,0.01514178705189941,0.01923076923076922,0.478651369129715,0.7924778843704391,0.7924778843704391,RetinalRod_258
G2M,0.04833836858006042,0.1425834701696771,0.03346842283012496,0.066078431372549,0.035413958801055606,0.05225330225330224,0.06226053639846741,3.024957460015607,0.052076216963613926,0.15622865089084179,PeridermHR_229
G1,0.9141993957703928,0.8141762452107281,0.9383823032759203,0.8780392156862744,0.9149508645476389,0.8409867909867905,0.9032567049808424,1.1772604074772093,0.37377043391435294,0.5606556508715295,PeridermHR_229
S,0.03746223564954683,0.043240284619594976,0.02814927389395475,0.05588235294117645,0.049635176651305686,0.10675990675990672,0.03448275862068962,0.6116815457172254,0.6931346672178491,0.6931346672178491,PeridermHR_229
G2M,0.023655913978494623,0.027067669172932334,0.006944444444444445,0.08960763520678683,0.008547008547008553,-1.471961680016039e-17,5.952629890872475e-19,5.305216287842167,0.0031006552788601094,0.009301965836580328,ConePhoRed_203
G1,0.9720430107526882,0.9729323308270678,0.9930555555555558,0.8886532343584306,0.9781196581196578,0.9999999999999999,0.9999999999999997,3.051193408970216,0.0339923317436078,0.0509884976154117,ConePhoRed_203
S,0.004301075268817204,-0,-0,0.021739130434782605,0.013333333333333338,-2.4532694666933983e-18,5.0808874263010765e-19,0.5555228667425209,0.7325080149961958,0.7325080149961958,ConePhoRed_203
S,0.048355899419729204,0.023123700724679924,0.04761904761904763,0.02785714285714286,0.06944444444444443,0.11600496277915628,0.0652173913043478,0.48768900379612806,0.7857354849679727,0.8612153238804299,NeuralCres_105
G1,0.9381044487427466,0.9673524897515107,0.9523809523809527,0.952142857142857,0.9305555555555552,0.8647642679900739,0.8974184782608694,0.46378368291700983,0.8034843093494886,0.8612153238804299,NeuralCres_105
G2M,0.013539651837524178,0.009523809523809525,-0,0.019999999999999997,1.5023145987371592e-18,0.01923076923076923,0.0373641304347826,0.38235162319468496,0.8612153238804299,0.8612153238804299,NeuralCres_105
S,0.015503875968992248,0.03333333333333334,-0,0.015151515151515145,0.01587301587301587,0.03846153846153844,-4.906538933386797e-18,1.1812220827436615,0.3154622737594765,0.539784565104528,HepatStell_46
G1,0.9806201550387597,0.9666666666666669,1.0000000000000002,0.9640151515151513,0.9841269841269843,0.961538461538461,0.9999999999999993,0.9217984077149971,0.46543441295794963,0.539784565104528,HepatStell_46
G2M,0.003875968992248062,-0,-0,0.02083333333333333,-0,-2.4532694666933983e-18,1.1214061093034573e-18,0.8134363570340429,0.539784565104528,0.539784565104528,HepatStell_46
G2M,0.005060728744939271,0.002544529262086514,0.008438818565400845,-0,-0,0.008771929824561401,0.0036764705882352923,1.1487090681302017,0.3319781784532426,0.6394005120355846,Lens_266
S,0.008097165991902834,0.016193853427895987,-0,0.021387529261545007,-2.4532694666933983e-18,0.008771929824561401,-0,0.7213108020219594,0.607329506056555,0.6394005120355846,Lens_266
G1,0.9868421052631579,0.9812616173100177,0.9915611814345993,0.978612470738455,0.9999999999999999,0.9824561403508775,0.9963235294117645,0.6789094635241621,0.6394005120355846,0.6394005120355846,Lens_266
S,0.0255863539445629,0.011111111111111113,0.009523809523809525,0.02666666666666667,1.5023145987371592e-18,0.09478021978021976,0.017857142857142846,1.3948144457658984,0.22257574244475556,0.615704246956608,VascEndoth_41
G2M,0.01279317697228145,0.015740740740740743,-0,0.013157894736842103,0.027777777777777762,-0,0.03398617511520737,1.0089066859473341,0.41046949797107196,0.615704246956608,VascEndoth_41
G1,0.9616204690831557,0.9731481481481484,0.9904761904761906,0.9601754385964912,0.972222222222222,0.9052197802197799,0.9481566820276494,0.47488493015929906,0.7952766052041029,0.7952766052041029,VascEndoth_41
S,0.00408997955010225,-0,-0,0.02116755793226381,-0,0.01063829787234042,-4.906538933386797e-18,2.527540872330717,0.02702105263509441,0.08106315790528323,PharynArch_115
G2M,0.007157464212678937,0.013571141882400163,-0,0.0049019607843137246,0.005376344086021507,0.021276595744680844,-7.359808400080195e-18,1.5018484027364585,0.18543698893609717,0.19728021484571853,PharynArch_115
G1,0.9887525562372188,0.9864288581175998,1.0000000000000002,0.9739304812834223,0.9946236559139786,0.9680851063829785,0.9999999999999997,1.4658563684131398,0.19728021484571853,0.19728021484571853,PharynArch_115
S,0.02510460251046025,-0,0.01666666666666667,0.062030075187969914,0.012345679012345678,-4.906538933386797e-18,0.03571428571428571,1.463458185546885,0.19809205188005216,0.5942761556401565,Thrombocyt_225
G2M,0.02092050209205021,0.020833333333333336,0.01666666666666667,0.013157894736842103,0.02777777777777778,-1.2266347333466992e-18,2.5404437131505382e-19,0.7098854002432342,0.6159222480449701,0.6273029074663601,Thrombocyt_225
G1,0.9539748953974896,0.9791666666666667,0.9666666666666669,0.9248120300751878,0.9598765432098765,0.9999999999999996,0.964285714285714,0.6948296235329653,0.6273029074663601,0.6273029074663601,Thrombocyt_225
S,0.0513950073421439,0.025409228532830515,0.020093616015389382,0.023417475728155345,0.1279089775024735,0.13403880070546736,0.09193229658905401,2.694168292007237,0.019344170266034875,0.058032510798104626,EpidermFin_72
G1,0.9434654919236417,0.9680548237547514,0.9769301935084205,0.9765825242718444,0.8700585021723233,0.8518518518518515,0.9032133344789068,2.1654890225865397,0.054910634010720355,0.08236595101608053,EpidermFin_72
G2M,0.005139500734214391,0.006535947712418303,0.0029761904761904773,-0,0.0020325203252032527,0.014109347442680773,0.004854368932038833,0.8835815972909714,0.4909416195751519,0.4909416195751519,EpidermFin_72
S,0.03245614035087719,0.003086419753086421,0.020243526821053848,-0,0.034826731246035865,0.03690221892846243,0.08700117370892016,2.2121423523329153,0.05630055693019899,0.16890167079059698,EntericGli_110
G1,0.9640350877192982,0.9969135802469135,0.9797564731789462,0.9999999999999999,0.9651732687539644,0.9557086185099608,0.9025821596244127,1.1769064616820335,0.32348815796453606,0.48523223694680406,EntericGli_110
G2M,0.0035087719298245615,-0,-0,-0,-0,0.007389162561576354,0.01041666666666666,0.45032461704003207,0.812498402870262,0.812498402870262,EntericGli_110
S,0.05952380952380952,0.05112598904443092,0.08604845446950711,0.05172413793103447,0.11522420188740896,0.03041958041958041,0.06818181818181816,0.7079662392539625,0.619537172821947,0.788447308788638,NGluRetOli_152
G2M,0.02040816326530612,0.017041996348143643,-0,0.03448275862068965,0.023352361183186295,0.019055944055944046,0.03787878787878788,0.5146947489737704,0.7642059850294607,0.788447308788638,NGluRetOli_152
G1,0.9200680272108843,0.9318320146074256,0.9139515455304931,0.9137931034482756,0.8614234369294047,0.9505244755244749,0.8939393939393935,0.4820113598609501,0.788447308788638,0.788447308788638,NGluRetOli_152
G2M,0.018226002430133656,0.017171717171717175,0.0042194092827004225,0.010989010989010993,0.039077212806026364,0.024999999999999998,0.033008658008657994,1.4499749420028853,0.20271017664111474,0.4739182942819356,PharynArch_114
S,0.015795868772782502,0.009090909090909092,0.011163853727144868,0.015203243358583161,5.007715329123864e-19,0.024999999999999988,0.048160173160173125,1.1802522374846578,0.3159455295212904,0.4739182942819356,PharynArch_114
G1,0.9659781287970839,0.9737373737373739,0.9846167369901548,0.9738077456524056,0.9609227871939737,0.9499999999999993,0.9188311688311684,0.8235045020449059,0.5326227763685351,0.5326227763685351,PharynArch_114
G2M,0.019891500904159132,0.012516046213093705,0.010582010582010581,0.008620689655172412,0.04412923561859732,0.035087719298245605,-9.813077866773593e-18,0.7632771245185642,0.5761432145768082,0.8954393319536993,ConePhotGr_211
G1,0.9783001808318263,0.9874839537869066,0.9894179894179896,0.9827586206896548,0.9558707643814026,0.9649122807017539,0.9999999999999993,0.4401238246609378,0.8207465356605086,0.8954393319536993,ConePhotGr_211
S,0.0018083182640144665,-0,-0,0.008620689655172412,-0,-1.2266347333466992e-18,5.607030546517287e-19,0.329511369276592,0.8954393319536993,0.8954393319536993,ConePhotGr_211
S,0.04054054054054054,0.03333333333333335,0.027186853002070396,0.06410256410256411,0.053395061728395074,0.17261904761904756,0.10151515151515149,1.466026624115701,0.21232196738472092,0.5646942035479632,NucErythro_234
G1,0.9310810810810811,0.9500000000000003,0.9528726708074536,0.895550527903469,0.9206790123456791,0.7785714285714284,0.88030303030303,1.0851610461131904,0.37646280236530877,0.5646942035479632,NucErythro_234
G2M,0.02837837837837838,0.01666666666666667,0.019940476190476192,0.04034690799396681,0.02592592592592594,0.0488095238095238,0.018181818181818167,0.7342678398459701,0.600276933640862,0.600276933640862,NucErythro_234
S,0.012012012012012012,0.018440709617180213,-0,0.02941176470588235,5.821469070106492e-18,-2.4532694666933983e-18,0.07142857142857141,1.2531562687181523,0.2812095207493536,0.8436285622480608,VasSmooMus_192
G2M,0.06906906906906907,0.0777310924369748,0.15019762845849804,0.0588235294117647,0.08333333333333333,-4.906538933386797e-18,0.07142857142857141,0.4496893447888384,0.8138080741166199,0.895845427012713,VasSmooMus_192
G1,0.918918918918919,0.903828197945845,0.8498023715415021,0.9117647058823527,0.9166666666666667,0.9999999999999996,0.8571428571428567,0.32885270422264007,0.895845427012713,0.895845427012713,VasSmooMus_192
S,0.016765285996055226,0.03730158730158731,-0,0.007692307692307694,0.016062696330839732,0.05902777777777776,0.03461234177215188,2.759760483613814,0.016939245697890775,0.05081773709367232,OralPharEp_35
G1,0.9723865877712031,0.9516471997604073,0.9859649122807018,0.9769230769230767,0.979371093623498,0.895833333333333,0.9653876582278479,1.5659971341075964,0.16585771206735142,0.18461649394870028,OralPharEp_35
G2M,0.010848126232741617,0.011051212938005393,0.014035087719298248,0.015384615384615387,0.004566210045662099,0.04513888888888888,-4.906538933386797e-18,1.504415077870171,0.18461649394870028,0.18461649394870028,OralPharEp_35
G2M,0.010471204188481676,0.019379844961240313,0.007246376811594205,0.02146464646464646,3.0046291974743185e-18,-2.4532694666933983e-18,2.0143005929343284e-19,0.42902445381166054,0.8287220635438368,0.8597214783246285,Lens_265
S,0.0013089005235602095,-0,-0,0.007575757575757575,-0,-6.133173666733496e-19,4.3368086899420173e-19,0.4053591171932756,0.8454250728411562,0.8597214783246285,Lens_265
G1,0.9882198952879581,0.9806201550387597,0.992753623188406,0.9709595959595957,1.0000000000000002,0.9999999999999996,0.9999999999999996,0.38455887467770994,0.8597214783246285,0.8597214783246285,Lens_265
S,0.007960199004975124,0.021294433266264252,0.002136752136752137,-0,0.007407407407407412,0.007179619145651054,-7.66646708341687e-19,1.2069664647497196,0.3028443247629379,0.7271999161571868,NeurMHProg_13
G1,0.9800995024875622,0.9646210596914824,0.9697802197802201,0.9999999999999997,0.9866402116402118,0.9821924858466285,0.9820881812614816,0.7206918993471629,0.6077939389918106,0.7271999161571868,NeurMHProg_13
G2M,0.011940298507462687,0.014084507042253523,0.028083028083028087,-0,0.005952380952380952,0.010627895007720019,0.01791181873851806,0.5646668335516186,0.7271999161571868,0.7271999161571868,NeurMHProg_13
G2M,0.0038022813688212928,-0,0.01234567901234568,0.0038759689922480615,0.008130081300813002,-3.066586833366748e-19,2.1684043449710086e-19,2.2874491127359877,0.0433677547786876,0.1301032643360628,SkelMuscle_251
G1,0.991128010139417,0.987038804071247,0.9876543209876546,0.9922480620155035,0.9918699186991871,0.9999999999999996,0.9913793103448271,0.9084906850563105,0.47422348806784365,0.7113352321017654,SkelMuscle_251
S,0.005069708491761723,0.012961195928753182,-0,0.0038759689922480615,1.0015430658247728e-18,-3.066586833366748e-19,0.008620689655172412,0.33141439634319003,0.894262954549381,0.894262954549381,SkelMuscle_251
G1,0.967391304347826,1.0000000000000002,0.9999999999999999,0.9999999999999999,0.7619047619047621,0.9999999999999996,0.9999999999999996,0.7599581765032797,0.5785861020120436,0.8394666261724769,MULTLenCon_205
G2M,0.021739130434782608,-0,-0,-0,0.07142857142857141,-0,0,0.5077914752218062,0.7706169239264603,0.8394666261724769,MULTLenCon_205
S,0.010869565217391304,-0,-0,-0,0.16666666666666669,-0,0,0.41387243516516087,0.8394666261724769,0.8394666261724769,MULTLenCon_205
G1,0.5212858384013901,0.6421904049987542,0.604688439190543,0.7177115987460815,0.36853532298178404,0.4390925229741017,0.5886363636363633,2.0870056516613245,0.06380654214749329,0.17017768260274213,NeuralProg_60
S,0.3527367506516073,0.2514471086577349,0.2876778200761371,0.2210031347962383,0.47312630234590297,0.4336100668337509,0.25045454545454526,1.778392475162351,0.1134517884018281,0.17017768260274213,NeuralProg_60
G2M,0.1259774109470026,0.106362486343511,0.10763374073332001,0.06128526645768026,0.1583383746723129,0.127297410192147,0.16090909090909086,0.776354184711301,0.5665606791522946,0.5665606791522946,NeuralProg_60
S,0.020942408376963352,0.011494252873563222,0.007751937984496126,-0,0.015151515151515148,0.12179487179487176,0.03846153846153845,1.998738344808971,0.07541418579029924,0.2262425573708977,NosePeride_27
G1,0.9720767888307156,0.9810983397190296,0.9922480620155041,0.9767441860465117,0.9848484848484851,0.8573717948717944,0.9615384615384609,1.1266274935197464,0.343567600661102,0.515351400991653,NosePeride_27
G2M,0.006980802792321117,0.007407407407407409,-0,0.023255813953488375,5.007715329123864e-19,0.020833333333333325,-7.359808400080195e-18,0.4135713902629745,0.8396783233235199,0.8396783233235199,NosePeride_27
S,0.008610086100861008,0.01646341463414635,-0,0.006493506493506494,0.01556549097532705,0.019852941176470584,-3.6799042000400975e-18,1.2131257782494278,0.29988523239942444,0.6178378630430712,Lens_262
G2M,0.008610086100861008,0.016463414634146346,-0,0.02083333333333333,0.005464480874316942,-2.4532694666933983e-18,0.015625,0.9459561258035104,0.4497398094723403,0.6178378630430712,Lens_262
G1,0.982779827798278,0.9670731707317076,1.0000000000000002,0.9726731601731601,0.9789700281503559,0.9801470588235293,0.9843749999999997,0.7073453152616306,0.6178378630430712,0.6178378630430712,Lens_262
S,0.030175015087507542,0.02025388674939381,0.007091416813639037,0.02067637702996819,0.0068917619403782455,0.15169491525423726,0.06632259309280333,5.0996460788123645,1.1162142476814654e-4,3.348642743044396e-4,OralPharEp_37
G1,0.9619794809897405,0.9773306543134083,0.9810038212815992,0.9793236229700317,0.9862164761192436,0.8316384180790957,0.9233069650781398,3.363755957855128,0.0048566237181243335,0.0072849355771865,OralPharEp_37
G2M,0.007845503922751962,0.002415458937198068,0.011904761904761908,-0,0.0068917619403782455,0.01666666666666666,0.010370441829056524,1.2049348708817194,0.30382539650851986,0.30382539650851986,OralPharEp_37
S,0.010830324909747292,-0,-0,0.024999999999999998,0.04464285714285714,-2.4532694666933983e-18,1.7347234759768069e-18,1.0353310911243914,0.39470373455861213,0.8147010199515371,PancreaABD_97
G1,0.9855595667870036,1,1.0000000000000002,0.9749999999999999,0.9553571428571429,0.9999999999999999,0.9761904761904758,0.5122492503697726,0.7672443329188566,0.8147010199515371,PancreaABD_97
G2M,0.0036101083032490976,-0,-0,-0,-0,-0,0.023809523809523805,0.44846272556207084,0.8147010199515371,0.8147010199515371,PancreaABD_97
G2M,0.0044943820224719105,0.006802721088435375,-0,0.008333333333333331,1.0015430658247728e-18,-1.2266347333466992e-18,5.607030546517287e-19,1.0610613960162192,0.3797670099662219,0.6034745062218307,GillEpithe_130
G1,0.9910112359550561,0.9931972789115646,1.0000000000000002,0.983333333333333,0.9999999999999997,0.9999999999999996,0.9838709677419353,0.7494720911437309,0.586332067117125,0.6034745062218307,GillEpithe_130
S,0.0044943820224719105,-0,-0,0.008333333333333331,-0,-0,0.016129032258064512,0.7264542594803153,0.6034745062218307,0.6034745062218307,GillEpithe_130
G2M,0.020278833967046894,0.028174603174603182,0.014166340253296779,0.009615384615384614,0.01980013075558046,0.04290876242095753,0.01666666666666665,0.780777672396915,0.5633351292906488,0.600580067202926,PharynArch_117
S,0.0063371356147021544,-0,0.004504504504504506,0.009615384615384614,0.01443273092369478,0.01851851851851851,-2.4532694666933983e-18,0.7656223503204926,0.5744196367200695,0.600580067202926,PharynArch_117
G1,0.973384030418251,0.971825396825397,0.9813291552421989,0.9807692307692306,0.9657671383207249,0.9385727190605239,0.983333333333333,0.7303236675159996,0.600580067202926,0.600580067202926,PharynArch_117
S,0.054078014184397165,0.06871035940803386,0.011964161167444608,0.034028655710071624,0.08762383861198093,0.18188057652711043,0.10346638655462176,5.003911271016079,1.3812753798086492e-4,4.1438261394259477e-4,FinEpiderm_74
G1,0.9361702127659575,0.9274136715997183,0.9820537582488333,0.9600189633375474,0.8958472357681845,0.8181194234728891,0.8965336134453777,3.6869890055180754,0.002447907102969553,0.0036718606544543296,FinEpiderm_74
G2M,0.00975177304964539,0.003875968992248063,0.005982080583722304,0.005952380952380951,0.01652892561983471,-6.133173666733496e-19,4.3368086899420173e-19,1.1972668290313255,0.3075509378647698,0.3075509378647698,FinEpiderm_74
S,0.19515477792732167,0.15292325818641614,0.19861111111111113,0.22608568075117366,0.2736315861315861,0.20207956600361657,0.023437499999999965,3.5978031596318854,0.0029602023897276277,0.008880607169182883,MHBBouProg_58
G2M,0.047106325706594884,0.08231676652729285,0.02055555555555556,0.05237676056338027,0.027027027027027018,0.04041591320072331,0.06249999999999997,1.2632977130613885,0.2766296739411631,0.40302247698235694,MHBBouProg_58
G1,0.7577388963660835,0.7647599752862912,0.7808333333333335,0.7215375586854459,0.6993413868413871,0.7575045207956596,0.9140624999999994,1.0212986073951447,0.40302247698235694,0.40302247698235694,MHBBouProg_58
G2M,0.01910828025477707,0.019607843137254905,0.007092198581560285,0.018518518518518517,0.020202020202020193,0.014285714285714282,0.05041666666666665,0.6005131486348735,0.7000098054191406,0.8582402334978401,IridoPreNC_18
S,0.0015923566878980893,-0,0.00925925925925926,-0,-1.251928832280966e-18,-0,0,0.4268586522762563,0.8251073613088127,0.8582402334978401,IridoPreNC_18
G1,0.9792993630573248,0.9803921568627452,0.9836485421591805,0.9814814814814813,0.9797979797979799,0.9857142857142852,0.9495833333333326,0.37841231289008476,0.8582402334978401,0.8582402334978401,IridoPreNC_18
S,0.007237635705669481,0.0038095238095238104,0.0035460992907801426,-0,0.004865977088199315,0.029411764705882353,0.025199338047239346,2.0672273709255773,0.06625229720590281,0.1191486083117202,PharynPeri_222
G1,0.9873341375150784,0.9942857142857142,0.9882129657376887,0.9999999999999999,0.9928817706595484,0.9150326797385615,0.97307055814653165,1.9711151928173352,0.07943240554114679,0.1191486083117202,PharynPeri_222
G2M,0.005428226779252111,0.0019047619047619052,0.008240934971531317,-0,0.002252252252252252,0.05555555555555554,0.0017301038062283642,1.0381481227586653,0.39304840559452825,0.39304840559452825,PharynPeri_222
G2M,0.05333333333333334,-0,0.04218880534670009,0.06227106227106226,0.09166666666666667,0.09166666666666663,0.041666666666666644,0.8847073879990777,0.49017864751283835,0.4901786475128388,FinMesVenF_214
G1,0.9466666666666667,1,0.9578111946533,0.9377289377289375,0.9083333333333334,0.9083333333333329,0.9583333333333327,0.8847073879990771,0.4901786475128388,0.4901786475128388,FinMesVenF_214
S,0.027874564459930314,0.04136554136554138,-0,0.0054945054945054915,0.03448275862068968,0.06142111601766357,0.012195121951219494,2.320626232654244,0.04064961233258205,0.12194883699774614,InnerEarSC_65
G1,0.9686411149825784,0.9586344586344588,1.0000000000000002,0.9945054945054944,0.9655172413793103,0.9197109594540342,0.98780487804878,1.7288946213145748,0.12411323557776384,0.18616985336664577,InnerEarSC_65
G2M,0.003484320557491289,-0,-0,-0,-0,0.018867924528301883,-4.906538933386797e-18,1.1729658582807394,0.3195946417964892,0.3195946417964892,InnerEarSC_65
S,0.023718439173680182,0.020656889072505683,0.014724310776942357,0.01674107142857142,0.005128205128205128,0.1522435897435897,0.026497695852534524,3.335994329189488,0.0051484859098430286,0.015445457729529086,OralPharEp_34
G1,0.9701606732976281,0.9777249879501482,0.9761432691317337,0.9709821428571427,0.9740384615384612,0.8349358974358971,0.9735023041474651,2.49481601237955,0.028838643663754514,0.029486794890357472,OralPharEp_34
G2M,0.00612088752869166,0.0016181229773462801,0.009132420091324202,0.012276785714285712,0.02083333333333334,0.012820512820512817,-3.6799042000400975e-18,2.483621753576692,0.029486794890357472,0.029486794890357472,OralPharEp_34
G2M,0.014388489208633094,0.055555555555555566,0.012911632314617392,-0,8.012344526598183e-18,-0,0,5.174949226609473,9.43680797777656e-5,9.436807977776587e-5,RetPigEpit_146
G1,0.9856115107913669,0.9444444444444445,0.9870883676853828,0.9999999999999999,0.9999999999999999,0.9999999999999996,0.9999999999999996,5.174949226609472,9.436807977776587e-5,9.436807977776587e-5,RetPigEpit_146
G1,0.9952718676122931,0.9722222222222223,0.9907407407407409,0.9999999999999999,1.0000000000000002,0.9999999999999996,0.9999999999999996,1.2515839544524519,0.28192501917018864,0.2819250191701899,HairCell_7
G2M,0.004728132387706856,0.02777777777777778,0.009259259259259259,-0,2.0030861316495456e-18,-0,0,1.251583954452449,0.2819250191701899,0.2819250191701899,HairCell_7
G2M,0.029051000645577793,0.04813417101952787,0.04352565798491027,0.018382352941176468,0.05407735472623718,0.015706806282722505,0.010869565217391295,1.705463250829688,0.12946938554302123,0.3884081566290637,ConRetBPON_220
G1,0.9619109102646869,0.9398689803914451,0.9510098611407729,0.970254010695187,0.9334199272915932,0.9774702900357346,0.9891304347826081,0.8391413843144269,0.5215968837601632,0.7531907458758694,ConRetBPON_220
S,0.009038089089735314,0.011996848589027359,0.005464480874316941,0.01136363636363636,0.012502717982170038,0.006822903681542421,-1.8399521000200487e-18,0.530739275982823,0.7531907458758694,0.7531907458758694,ConRetBPON_220
G2M,7.468259895444362e-4,-0,-0,-0,0.004694835680751173,-0,0,1.4347752675332022,0.20802675796217357,0.40069799166217457,FinEpiderm_91
S,0.016430171769977596,0.018672870197938455,0.0023640661938534283,0.01819006764560303,0.006410256410256413,0.06941176470588233,0.03636363636363632,1.097750039738228,0.35918103946562496,0.40069799166217457,FinEpiderm_91
G1,0.9828230022404779,0.9813271298020618,0.9976359338061468,0.9818099323543968,0.9888949079089924,0.9305882352941174,0.9636363636363634,1.02519910048425,0.40069799166217457,0.40069799166217457,FinEpiderm_91
G2M,0.013020833333333334,0.011111111111111108,0.007345595580889701,0.03361344537815125,0.007490872466322545,0.08712121212121209,-1.9626155733547187e-17,2.0866249573594167,0.07117759676906205,0.15075744504596886,NucErythro_233
G1,0.9791666666666666,0.9570512820512819,0.9835955620269348,0.949579831932773,0.9925091275336776,0.867424242424242,0.9999999999999996,1.781007150543124,0.12122884939139099,0.15075744504596886,NucErythro_233
S,0.0078125,0.031837606837606836,0.009058842392175727,0.01680672268907563,-6.009258394948638e-18,0.04545454545454544,-1.471961680016039e-17,1.6526536263909524,0.15075744504596886,0.15075744504596886,NucErythro_233
G1,0.9961759082217974,1,1.0000000000000002,0.9999999999999999,0.9900497512437813,0.9999999999999996,0.9999999999999996,2.3328343519585117,0.039690708903104985,0.04753664340663372,Melanocyte_140
G2M,0.0019120458891013384,-0,-0,-0,0.004975124378109453,-0,0,2.24020621087471,0.04753664340663372,0.04753664340663372,Melanocyte_140
S,0.0019120458891013384,-0,-0,-0,0.004975124378109453,-0,0,2.24020621087471,0.04753664340663372,0.04753664340663372,Melanocyte_140
S,0.026737967914438502,0.013648504273504275,-0,0.03290937996820349,1.0015430658247728e-18,0.08928571428571425,0.07263157894736837,2.4336708108144265,0.03255235863613677,0.09765707590841032,PharynPeri_21
G1,0.9692513368983957,0.9821848290598293,0.9911111111111114,0.9670906200317965,0.9999999999999999,0.9107142857142854,0.9273684210526312,1.2575261664177118,0.279228638659308,0.41884295798896204,PharynPeri_21
G2M,0.004010695187165776,0.0041666666666666675,0.008888888888888892,-0,5.007715329123864e-19,-0,0,0.6890088124449021,0.6317189862980642,0.6317189862980642,PharynPeri_21
S,0.04265402843601896,0.052910052910052914,-0,0.11858974358974357,1.0766587957616308e-17,0.09090909090909087,-2.943923360032078e-17,9.527102832162475,2.111652580647596e-6,6.334957741942788e-6,IntSecProg_66
G1,0.95260663507109,0.9470899470899473,1.0000000000000002,0.8397435897435896,1.0000000000000002,0.9090909090909087,0.9999999999999996,8.751912123500242,5.4281362273606615e-6,8.142204341040993e-6,IntSecProg_66
G2M,0.004739336492890996,-0,-0,0.04166666666666666,-0,-4.906538933386797e-18,2.2428122186069146e-18,4.597947735422921,0.0016091042140894214,0.0016091042140894214,IntSecProg_66
G2M,0.024390243902439025,0.009009009009009018,0.008547008547008555,0.00925925925925926,0.11710526315789478,0.058573853989813233,-1.1039712600120293e-17,3.0728080564026157,0.008915002717346377,0.026745008152039132,TasteBud3_122
G1,0.967479674796748,0.9750375375375376,0.9871794871794874,0.9907407407407407,0.8745614035087721,0.9414261460101864,0.9999999999999992,1.785832168810723,0.11192327272840277,0.16788490909260417,TasteBud3_122
S,0.008130081300813009,0.015953453453453458,0.004273504273504274,-0,0.008333333333333331,-0,0,0.7465950565788764,0.5884644885508428,0.5884644885508428,TasteBud3_122
S,0.02832244008714597,0.023989898989898995,0.014779045946736905,0.03138528138528138,5.007715329123864e-19,0.0872413793103448,0.046438511493660406,2.508066899924619,0.028089009338400278,0.08426702801520083,OralPharEp_33
G1,0.9640522875816994,0.9621212121212123,0.9802458296751537,0.9686147186147183,0.9999999999999999,0.9127586206896549,0.933151221523554,1.4570233249843734,0.2002846271083589,0.30042694066253833,OralPharEp_33
G2M,0.007625272331154684,0.01388888888888889,0.004975124378109454,-0,2.503857664561932e-19,-0,0.02041026698278527,0.4568932760936641,0.8085456184824656,0.8085456184824656,OralPharEp_33
G2M,0.0046168051708217915,0.004357298474945535,0.0034722222222222225,-0,6.25964416140483e-19,0.01136363636363636,0.007462686567164174,0.2730695257332298,0.9280660083209297,0.9910323873176614,FinMedEpid_90
S,0.009233610341643583,0.01310761098610665,0.0069444444444444475,0.021739130434782605,0.0046296296296296285,-2.4532694666933983e-18,0.007462686567164177,0.11618631539309557,0.9888596430065841,0.9910323873176614,FinMedEpid_90
G1,0.9861495844875346,0.982535090538948,0.9895833333333335,0.9782608695652173,0.9953703703703706,0.9886363636363633,0.9850746268656713,0.10575170774195118,0.9910323873176614,0.9910323873176614,FinMedEpid_90
S,0.04204753199268738,0.07761941448382129,-0,0.02325581395348838,0.06349206349206353,0.06562499999999999,0.04079254079254077,1.1523276998368663,0.330107758370591,0.8313846002523692,LiverEndot_43
G1,0.943327239488117,0.9122795754151687,0.9851851851851853,0.9651162790697673,0.8942374051069705,0.9187499999999997,0.9463869463869459,0.6954518060558021,0.6268313862309982,0.8313846002523692,LiverEndot_43
G2M,0.014625228519195612,0.0101010101010101,0.014814814814814817,0.011627906976744186,0.04227053140096619,0.015624999999999995,0.012820512820512813,0.42529211069709966,0.8313846002523692,0.8313846002523692,LiverEndot_43
S,0.0038138825324180014,-0,0.004504504504504506,0.0029761904761904756,0.0010351966873705998,-0,0.07692307692307693,0.8248004869658583,0.5317044165321402,0.5960921859856433,PharynPeri_22
G1,0.9916094584286804,0.97435897435897445,0.9895431145431148,0.9970238095238094,0.997929606625259,0.9999999999999997,0.9230769230769227,0.7622036481351103,0.5769328680136097,0.5960921859856433,PharynPeri_22
G2M,0.004576659038901602,0.025641025641025647,0.005952380952380955,-0,0.0010351966873705983,-0,0,0.736336553880582,0.5960921859856433,0.5960921859856433,PharynPeri_22
S,0.01884057971014493,0.030743525480367587,-0,-0,0.021685606060606058,0.05235042735042734,0.009615384615384606,1.4286976401269254,0.21018577134841823,0.6305573140452547,Cornea_64
G2M,0.010144927536231883,0.0058479532163742695,0.020833333333333336,0.018181818181818177,0.016477272727272726,-2.4532694666933983e-18,0.009615384615384612,0.5077149263655283,0.7706747795394184,0.8516954892430781,Cornea_64
G1,0.9710144927536232,0.9634085213032583,0.9791666666666669,0.9818181818181816,0.9618371212121211,0.9476495726495722,0.9807692307692306,0.39630495359265944,0.8516954892430781,0.8516954892430781,Cornea_64
G2M,0.002273760800363802,0.004444444444444445,-0,0.009433962264150941,0.0019723865877712046,-0,0.005813953488372093,1.2974208351953616,0.26166229201000446,0.7849868760300134,VagalNeuro_157
G1,0.9949977262391997,0.9910514609240726,1.0000000000000002,0.990566037735849,0.9944815141214487,0.9964024138642454,0.9883720930232551,0.5845155284618557,0.711920827192079,0.8136681759069677,VagalNeuro_157
S,0.002728512960436562,0.004504094631483167,-0,-0,0.003546099290780139,0.0035975861357540736,0.005813953488372091,0.4498814055342577,0.8136681759069677,0.8136681759069677,VagalNeuro_157
S,0.011764705882352941,0.028154851684263453,-0,0.016129032258064512,3.755786496842898e-18,-2.4532694666933983e-18,0.019230769230769232,0.8757154495844752,0.49629184367677787,0.9054284591356399,Cartilage_245
G2M,0.011764705882352941,0.008547008547008548,-0,0.01612903225806452,0.010101010101010098,0.020833333333333325,-7.359808400080195e-18,0.6775360872919394,0.6404468952712569,0.9054284591356399,Cartilage_245
G1,0.9764705882352941,0.963298139768728,1.0000000000000002,0.9677419354838708,0.9898989898989901,0.9791666666666664,0.9807692307692303,0.3130347413214074,0.9054284591356399,0.9054284591356399,Cartilage_245
G2M,0.002936857562408223,0.003236245954692557,0.0035460992907801426,-0,0.008130081300813009,0.0028409090909090897,-9.199760500100244e-19,1.0703367924946674,0.37745414273162387,0.8080578875549804,VagalNeuro_161
G1,0.9904552129221733,0.9935275080906149,0.9879326770403304,0.9931506849315067,0.9866205748671659,0.9922434930215009,0.9953271028037379,0.7700434671369977,0.5721801319604922,0.8080578875549804,VagalNeuro_161
S,0.006607929515418502,0.0032362459546925564,0.008521223668889596,0.0068493150684931494,0.005249343832020998,0.004915597887589587,0.004672897196261681,0.45687939583990106,0.8080578875549804,0.8080578875549804,VagalNeuro_161
S,0.022727272727272728,0.01758569299552906,-0,0.009433962264150948,0.01754385964912281,0.08741830065359475,0.02325581395348834,1.9263070831341438,0.08637464865591805,0.2591239459677542,Cartilage_78
G1,0.9691558441558441,0.976353700943865,1.0000000000000002,0.9695041684949538,0.974326059050064,0.898692810457516,0.9767441860465114,1.2876372406994636,0.2658843938970099,0.39882659084551486,Cartilage_78
G2M,0.008116883116883116,0.0060606060606060615,-0,0.021061869240895127,0.008130081300813007,0.013888888888888885,-2.4532694666933983e-18,0.6977571626497666,0.6250851526413267,0.6250851526413267,Cartilage_78
G2M,0.0010141987829614604,-0,-0,0.003968253968253968,-0,-0,0.007692307692307689,1.0742570753689942,0.3722663770210077,0.8076594557426988,NeuronGlut_156
S,0.007099391480730223,0.009457671957671962,0.009781931464174456,0.003968253968253968,0.006358351500051907,0.007067137809187278,-2.4532694666933983e-18,0.81532194271141,0.5384396371617992,0.8076594557426988,NeuronGlut_156
G1,0.9918864097363083,0.9905423280423281,0.9902180685358258,0.9920634920634919,0.9936416484999482,0.9929328621908123,0.992307692307692,0.3515010883313486,0.8815768908972694,0.8815768908972694,NeuronGlut_156
S,0.013568521031207599,0.008438818565400845,0.0030303030303030307,0.01923076923076924,0.010752688172043017,0.05555555555555553,0.011111111111111084,0.9014678183732083,0.47980364964314204,0.8606147573947481,BasalorEpi_73
G1,0.9715061058344641,0.9598151496885676,0.9870194482134783,0.9716783216783216,0.9606304596816929,0.9444444444444442,0.955555555555555,0.5468367689095286,0.7407756092931455,0.8606147573947481,BasalorEpi_73
G2M,0.014925373134328358,0.03174603174603175,0.009950248756218905,0.009090909090909089,0.028616852146263926,-0,0.033333333333333326,0.38282715762384956,0.8606147573947481,0.8606147573947481,BasalorEpi_73
G1,0.9843971631205674,0.9814814814814816,0.9924242424242427,0.9827160493827157,0.9711635410364995,0.9999999999999999,0.96780487804878,0.4221148936543115,0.8336431113296898,0.9281415416469637,HeadMesStr_76
S,0.00851063829787234,0.009259259259259262,-0,0.011111111111111108,0.02298850574712644,-0,0.019999999999999997,0.38258673282077355,0.8610564259449959,0.9281415416469637,HeadMesStr_76
G2M,0.0070921985815602835,0.00925925925925926,0.007575757575757578,0.006172839506172838,0.005847953216374269,-6.133173666733496e-19,0.012195121951219513,0.27292856828027273,0.9281415416469637,0.9281415416469637,HeadMesStr_76
S,0.011029411764705883,0.007751937984496126,-0,0.02285935683843471,5.007715329123864e-19,0.008152173913043475,0.027027027027027025,1.6728404799697607,0.13727315250641456,0.41181945751924365,GranuleorN_165
G2M,0.012254901960784314,0.023493642896627975,0.016636957813428405,0.008620689655172412,3.0046291974743185e-18,0.011891703230953326,0.013513513513513507,1.2470592427530194,0.28399222006957947,0.4259883301043692,GranuleorN_165
G1,0.9767156862745098,0.968754419118876,0.9833630421865717,0.9685199535063926,0.9999999999999999,0.9799561228560028,0.9594594594594588,0.8560582568768751,0.509806109615416,0.509806109615416,GranuleorN_165
G1,0.9965095986038395,1,0.9957264957264959,0.9891304347826085,1.0000000000000002,0.9999999999999996,0.9999999999999996,0.396316331849283,0.8516876539664109,0.851687653966412,IntestGobl_20
S,0.0034904013961605585,-0,0.004273504273504274,0.010869565217391302,-1.251928832280966e-19,-1.2266347333466992e-18,2.5404437131505382e-19,0.3963163318492812,0.851687653966412,0.851687653966412,IntestGobl_20
G2M,0.11842105263157894,0.04301075268817205,-0,0.21874999999999994,1.471961680016039e-17,-7.632783294297951e-17,-0,1.1496030631318692,0.3968377135763756,0.5406048011899917,Melanocyte_215
G1,0.8552631578947368,0.956989247311828,0.9999999999999999,0.7187499999999998,1.0000000000000002,0.9999999999999996,0.9999999999999998,0.9770400571607714,0.47693520781581944,0.5406048011899917,Melanocyte_215
S,0.02631578947368421,-0,-0,0.06249999999999999,-0,-1.3877787807814457e-17,6.938893903907228e-18,0.8582339270997467,0.5406048011899917,0.5406048011899917,Melanocyte_215
S,0.0013850415512465374,-0,-0,0.010869565217391302,-0,-1.2266347333466992e-18,2.5404437131505382e-19,0.5636769560291711,0.727960891386956,0.9200626396428593,NeuronGlut_160
G2M,0.00554016620498615,0.010101010101010102,-0,0.010869565217391302,-0,0.013333333333333329,-4.906538933386797e-18,0.32823915591759234,0.8962232100407744,0.9200626396428593,NeuronGlut_160
G1,0.9930747922437673,0.9898989898989898,1.0000000000000002,0.9782608695652173,1.0000000000000002,0.9866666666666666,0.9999999999999999,0.2876879680930865,0.9200626396428593,0.9200626396428593,NeuronGlut_160
S,0.004219409282700422,-0,-0,-0,-0,-0,0.033333333333333326,2.0516037025482183,0.06824592052163675,0.06824592052163687,CNSNeuron_172
G1,0.9957805907172996,1,1.0000000000000002,0.9999999999999999,0.9999999999999999,0.9999999999999996,0.9666666666666661,2.0516037025482174,0.06824592052163687,0.06824592052163687,CNSNeuron_172
G2M,0.014972419227738377,0.011055311431959269,0.026622187336473056,0.01136363636363636,0.007843137254901959,0.014492753623188399,0.011363636363636359,0.953852019948216,0.44468402441126237,0.9502653833147229,PharynArch_81
G1,0.9732072498029944,0.9775989710956361,0.9665750915750918,0.981060606060606,0.9655080213903742,0.978260869565217,0.9706060606060603,0.36307968590384737,0.8740527458135487,0.9502653833147229,PharynArch_81
S,0.01182033096926714,0.011345717472404912,0.006802721088435375,0.007575757575757573,0.02664884135472371,0.007246376811594199,0.018030303030303025,0.22851730724738703,0.9502653833147229,0.9502653833147229,PharynArch_81
S,0.00546448087431694,-0,-0,-0,0.009523809523809525,-0,0.017857142857142853,1.531808119084437,0.17605473305021388,0.5281641991506416,OdonBlasEp_70
G2M,0.00819672131147541,0.0060606060606060615,-0,0.032258064516129024,7.511572993685796e-19,-4.906538933386797e-18,2.2428122186069146e-18,1.0808329552350073,0.36856902211558434,0.5528535331733765,OdonBlasEp_70
G1,0.9863387978142076,0.9939393939393939,1.0000000000000002,0.9677419354838708,0.9904761904761902,0.9999999999999996,0.9821428571428565,0.7516517790406467,0.584718542991338,0.584718542991338,OdonBlasEp_70
S,0.004021447721179625,-0,-0,-0,0.013888888888888886,-0,0.013157894736842103,1.4304453642786235,0.20956295777132947,0.6286888733139884,IonoNaClCT_187
G1,0.9919571045576407,0.9920634920634922,0.994791666666667,0.9999999999999999,0.986111111111111,0.9910714285714282,0.9868421052631575,0.878885151023162,0.49413192372262993,0.741197885583945,IonoNaClCT_187
G2M,0.004021447721179625,0.007936507936507938,0.005208333333333333,-0,-0,0.008928571428571426,-1.2266347333466992e-18,0.5379616321317163,0.7476767873783492,0.7476767873783492,IonoNaClCT_187
S,0.016962843295638127,0.008451656524678839,0.005333333333333335,0.02302278420613145,0.010040053404539385,0.024390243902439015,0.049753289473684195,2.9440029397460097,0.020345871295432805,0.061037613886298414,Epidermis_24
G2M,0.008885298869143781,0.005747126436781611,0.0027322404371584704,-0,0.009523809523809525,0.012195121951219511,0.0039062499999999974,2.1065038355403978,0.07895859729090793,0.08110073473504104,Epidermis_24
G1,0.9741518578352181,0.9858012170385396,0.9919344262295083,0.9769772157938683,0.9804361370716511,0.9634146341463412,0.9463404605263155,2.0898505080413807,0.08110073473504104,0.08110073473504104,Epidermis_24
S,0.010526315789473684,-0,0.008130081300813012,-0,0.04166666666666668,-0,0,1.2515089619434756,0.28195918192369873,0.5196161959325678,Pharynx_264
G1,0.968421052631579,0.9523809523809524,0.9837398373983741,0.9749999999999999,0.9326923076923078,0.9999999999999999,0.9999999999999997,1.121296700405368,0.34641079728837854,0.5196161959325678,Pharynx_264
G2M,0.021052631578947368,0.04761904761904763,0.008130081300813012,0.024999999999999998,0.02564102564102564,-2.4532694666933983e-18,1.7347234759768069e-18,0.7861804775858138,0.5594066766129405,0.5594066766129405,Pharynx_264
S,0.00398406374501992,0.008547008547008548,-0,-0,7.511572993685796e-19,-0,0,0.9165496076700539,0.4688889467458236,0.46888894674582404,CardiacMes_86
G1,0.9960159362549801,0.9914529914529916,1.0000000000000002,0.9999999999999999,0.9999999999999999,0.9999999999999996,0.9999999999999996,0.916549607670053,0.46888894674582404,0.46888894674582404,CardiacMes_86
G1,0.9913793103448276,1,1.0000000000000002,0.9999999999999999,0.9999999999999999,0.9999999999999996,0.9444444444444439,0.6032450911544467,0.6974842080013738,0.6974842080013738,EpiphysisP_106
G2M,0.008620689655172414,-0,-0,-0,-0,-0,0.055555555555555546,0.6032450911544467,0.6974842080013738,0.6974842080013738,EpiphysisP_106
S,0.016556291390728478,0.039622641509433974,-0,-0,0.022222222222222227,0.04545454545454544,-1.9626155733547187e-17,2.346085276837205,0.038674209130635,0.116022627391905,Roofplate_132
G1,0.9735099337748344,0.9170510132774287,0.9848484848484852,0.9999999999999999,0.9777777777777776,0.954545454545454,0.9999999999999992,1.804183934452667,0.10823264625497547,0.1623489693824632,Roofplate_132
G2M,0.009933774834437087,0.04332634521313767,0.015151515151515155,-0,8.012344526598183e-18,-0,0,0.9415005165324879,0.45260894518000666,0.45260894518000666,Roofplate_132
S,0.25321100917431194,0.1947037404832837,0.12707213261648748,0.22955872809863717,0.3552489177489178,0.27416368477989506,0.22638888888888878,1.933386109669195,0.0852418061101053,0.2557254183303159,NeuralProg_61
G1,0.5706422018348624,0.5882323733862961,0.6930070191158902,0.5734912394548994,0.41531385281385286,0.5795331613547473,0.49444444444444413,1.1393851565483617,0.33683491877077754,0.5052523781561663,NeuralProg_61
G2M,0.1761467889908257,0.21706388613042044,0.1799208482676225,0.19695003244646334,0.2294372294372294,0.14630315386535736,0.27916666666666656,0.42405352754059716,0.8322659287906455,0.8322659287906455,NeuralProg_61
S,0.017857142857142856,-0,-0,-0,0.07142857142857141,-0,0,0.8759550350941432,0.4961283947920998,0.49612839479209986,RetPigEpit_103
G1,0.9821428571428571,0.9999999999999999,1.0000000000000002,0.9999999999999999,0.928571428571428,0.9999999999999996,0.9999999999999996,0.8759550350941429,0.49612839479209986,0.49612839479209986,RetPigEpit_103
G2M,0.01405152224824356,0.021018062397372746,0.010752688172043013,0.014285714285714287,1.0015430658247728e-18,0.02382302892796369,-5.5198563000601466e-18,2.453023613000252,0.06642666983355199,0.09298450081739074,Roofplate_104
S,0.0234192037470726,0.019047619047619046,0.052419354838709686,-0,0.035612535612535606,0.012195121951219507,0.016666666666666656,2.411219115844048,0.07009023951683613,0.09298450081739074,Roofplate_104
G1,0.9625292740046838,0.9599343185550083,0.9368279569892476,0.9857142857142855,0.9643874643874644,0.9639818491208165,0.9833333333333332,2.1928619163686442,0.09298450081739074,0.09298450081739074,Roofplate_104
G1,0.9850746268656716,1,0.9761904761904764,0.9999999999999999,1.0000000000000004,0.9499999999999996,0.9814814814814812,1.6088321038798912,0.1538185893018343,0.15381858930183456,PronProxST_189
S,0.014925373134328358,-0,0.023809523809523815,-0,-2.0030861316495456e-18,0.049999999999999975,0.01851851851851851,1.60883210387989,0.15381858930183456,0.15381858930183456,PronProxST_189
G2M,0.014446227929373997,0.041144901610017895,0.0024154589371980675,0.01717342342342342,0.007575757575757582,0.03124999999999999,0.045454545454545435,0.8877187611390438,0.48814117481816416,0.9622614124968945,NucErythHM_232
G1,0.9759229534510433,0.9588550983899824,0.9889222055638849,0.9625563063063063,0.9924242424242427,0.9687499999999996,0.954545454545454,0.4575076660542534,0.8080954046988329,0.9622614124968945,NucErythHM_232
S,0.009630818619582664,-0,0.00866233549891721,0.020270270270270268,-1.1267359490528693e-18,-2.4532694666933983e-18,1.1214061093034573e-18,0.20075328701771214,0.9622614124968945,0.9622614124968945,NucErythHM_232
G2M,0.0267639902676399,0.05599078341013826,0.03418803418803419,0.027027027027027025,0.008547008547008557,-2.4532694666933983e-18,5.0808874263010765e-19,1.970426085399332,0.07953514040757241,0.23860542122271722,OligoSpCor_196
S,0.0170316301703163,0.023809523809523815,-0,0.024999999999999998,4.006172263299091e-18,0.04464285714285712,-4.906538933386797e-18,0.44350805831612305,0.8182983787776098,0.882812069206911,OligoSpCor_196
G1,0.9562043795620438,0.9201996927803381,0.9658119658119659,0.947972972972973,0.9914529914529915,0.9553571428571426,0.9999999999999992,0.34957797713393685,0.882812069206911,0.882812069206911,OligoSpCor_196
G2M,0.02586206896551724,-0,-0,0.04545454545454544,0.041666666666666664,0.029999999999999985,-4.906538933386797e-18,1.3985733020040734,0.23670363174603654,0.419529789718816,HorizRetIn_236
G1,0.9612068965517241,1,1.0000000000000002,0.9318181818181819,0.9583333333333331,0.9488888888888889,0.9999999999999999,1.1982190679989515,0.32010951576561797,0.419529789718816,HorizRetIn_236
S,0.01293103448275862,-0,-0,0.022727272727272717,-0,0.021111111111111098,-4.906538933386797e-18,1.0093581499604816,0.419529789718816,0.419529789718816,HorizRetIn_236
S,0.01436265709156194,0.018306105897346776,0.002057613168724282,0.02564935064935064,0.008032128514056224,0.031066478740897328,0.020408163265306114,2.052412767443895,0.06814132183567576,0.20442396550702727,EnteroAnte_2
G1,0.9847396768402155,0.9816938941026534,0.9958847736625516,0.9743506493506493,0.9919678714859436,0.9689335212591023,0.9795918367346934,1.3001745010358936,0.2604839108653341,0.3907258662980012,EnteroAnte_2
G2M,8.976660682226212e-4,-0,0.00205761316872428,-0,-2.503857664561932e-19,-0,0,0.757930134914262,0.5800809329910095,0.5800809329910095,EnteroAnte_2
G1,0.9886363636363636,0.9898989898989898,0.987878787878788,0.978723404255319,1.0000000000000002,0.978260869565217,0.9999999999999997,4.794194806097962,0.007301460952563672,0.019035091033664915,RetPigEpit_147
S,0.0016233766233766235,-0,-0,-0,-0,0.010869565217391302,-3.6799042000400975e-18,4.195223454286019,0.012690060689109944,0.019035091033664915,RetPigEpit_147
G2M,0.00974025974025974,0.010101010101010102,0.012121212121212123,0.021276595744680847,-1.0015430658247728e-18,0.010869565217391299,-3.6799042000400975e-18,3.329958019745331,0.030102512523675653,0.030102512523675653,RetPigEpit_147
G1,0.9689922480620154,1,0.9855072463768119,0.9791666666666664,0.9655172413793103,0.9545454545454544,0.9999999999999997,1.2144925773182933,0.2992316993254607,0.29923169932546184,EsophagGob_68
S,0.031007751937984496,-0,0.01449275362318841,0.020833333333333325,0.034482758620689655,0.045454545454545435,-9.813077866773593e-18,1.2144925773182909,0.29923169932546184,0.29923169932546184,EsophagGob_68
S,0.020804438280166437,0.05274902231423972,-0,0.03525641025641025,0.018518518518518524,0.00862068965517241,0.03491196114146933,2.4217168978109176,0.033329836765805754,0.09998951029741726,LatLinCSup_124
G2M,0.020804438280166437,0.029468599033816434,0.05113636363636364,-0,0.011494252873563216,-0,0.018518518518518504,1.1734017249330386,0.31937543781901445,0.4790631567285217,LatLinCSup_124
G1,0.9583911234396671,0.9177823786519442,0.9488636363636365,0.9647435897435896,0.9699872286079184,0.9913793103448274,0.9465695203400116,0.7615496588167082,0.5774141663839686,0.5774141663839686,LatLinCSup_124
S,0.060085836909871244,0.03846153846153847,0.06666666666666668,-0,0.10416666666666664,0.07727272727272724,0.07291666666666663,0.5200140702264129,0.761354578815605,0.8928144106622197,Radialgli_111
G1,0.9227467811158798,0.9615384615384617,0.9333333333333336,0.9999999999999999,0.8541666666666665,0.9075757575757573,0.8958333333333326,0.4476613830315501,0.8152838769169519,0.8928144106622197,Radialgli_111
G2M,0.017167381974248927,-0,-0,-0,0.04166666666666668,0.015151515151515145,0.03124999999999998,0.33374768151044215,0.8928144106622197,0.8928144106622197,Radialgli_111
S,0.0038022813688212928,-0,0.015151515151515155,-0,-1.5023145987371592e-18,-0,0.011904761904761902,0.9828819865291119,0.42641486306652626,0.6126370471884401,EntericMoN_149
G2M,0.0019011406844106464,0.010101010101010102,-0,-0,-0,-0,0,0.7332475051622795,0.598396249686832,0.6126370471884401,EntericMoN_149
G1,0.9942965779467681,0.9898989898989898,0.9848484848484851,0.9999999999999999,1.0000000000000002,0.9999999999999996,0.9880952380952375,0.7142473895889917,0.6126370471884401,0.6126370471884401,EntericMoN_149
S,0.005703422053231939,0.01639190268188437,-0,-0,0.003384094754653133,0.005813953488372091,0,1.3309914967753533,0.24759185178815107,0.7427755553644533,SpinCorInt_159
G1,0.9923954372623575,0.9836080973181158,0.996941896024465,0.9912280701754383,0.9966159052453467,0.9915682454645073,0.9999999999999996,0.4047660582163054,0.8458379337265971,0.8598528297850752,SpinCorInt_159
G2M,0.0019011406844106464,-0,0.003058103975535169,0.008771929824561401,-3.755786496842898e-19,0.0026178010471204173,-3.066586833366748e-19,0.38436506953905525,0.8598528297850752,0.8598528297850752,SpinCorInt_159
S,0.0035514967021816335,0.0049751243781094535,0.0019841269841269845,-0,3.755786496842898e-19,0.0017123287671232874,0.010489510489510488,1.3776602141900722,0.2290809321621863,0.5228539364943509,NeuronUnkn_154
G1,0.9939117199391172,0.9877754086709312,0.9980158730158734,0.9999999999999999,1.0000000000000004,0.9931506849315064,0.9895104895104891,1.026439962646632,0.39996047065555934,0.5228539364943509,NeuronUnkn_154
G2M,0.0025367833587011668,0.00724946695095949,-0,-0,1.7527003651933522e-18,0.005136986301369862,-1.8399521000200487e-18,0.8373499682436448,0.5228539364943509,0.5228539364943509,NeuronUnkn_154
G2M,0.011764705882352941,-0,0.05113636363636365,-0,-6.009258394948637e-18,0.03571428571428569,-1.471961680016039e-17,0.9213115120461224,0.46575420378755517,0.8278576763131044,RetPigEpit_138
G1,0.9803921568627451,1,0.9185606060606062,0.9999999999999999,1.0000000000000004,0.9285714285714284,0.9999999999999996,0.7898039212413298,0.5567790354149528,0.8278576763131044,RetPigEpit_138
S,0.00784313725490196,-0,0.03030303030303031,-0,-3.0046291974743185e-18,0.03571428571428569,-1.471961680016039e-17,0.4302331528350251,0.8278576763131044,0.8278576763131044,RetPigEpit_138
G2M,0.008130081300813009,0.01754385964912281,-0,0.02083333333333333,1.5023145987371592e-18,0.004672897196261679,-1.2266347333466992e-18,1.1643257132245226,0.3239640103307482,0.8742760414611117,Amacrine_170
S,0.014634146341463415,0.017780938833570417,0.01234567901234568,-0,0.019607843137254895,0.022691588785046724,-7.359808400080195e-18,0.5128896614625171,0.7667592829338945,0.8742760414611117,Amacrine_170
G1,0.9772357723577236,0.964675201517307,0.9876543209876545,0.9791666666666664,0.9803921568627454,0.9726355140186909,0.9999999999999996,0.3627392832455662,0.8742760414611117,0.8742760414611117,Amacrine_170
G2M,0.006153846153846154,-0,-0,0.03448275862068965,-0,-4.906538933386797e-18,2.2428122186069146e-18,1.5903916164019432,0.1589032624817783,0.2155082667983122,Stromal_48
G1,0.9846153846153847,0.9885057471264369,1.0000000000000002,0.9482758620689655,0.988095238095238,0.9999999999999999,0.9999999999999997,1.4503207858494225,0.20259057578989903,0.2155082667983122,Stromal_48
S,0.009230769230769232,0.011494252873563222,-0,0.017241379310344824,0.011904761904761904,-2.4532694666933983e-18,1.1214061093034573e-18,1.4139393509468323,0.2155082667983122,0.2155082667983122,Stromal_48
G2M,0.004219409282700422,-0,0.015151515151515155,-0,-1.5023145987371592e-18,-0,0,1.463431718343388,0.19810102764140092,0.19810102764140192,NeuTelonOB_151
G1,0.9957805907172996,1,0.9848484848484851,0.9999999999999999,1.0000000000000004,0.9999999999999996,0.9999999999999996,1.4634317183433851,0.19810102764140192,0.19810102764140192,NeuTelonOB_151
S,0.11683417085427136,0.07870370370370372,0.10264637323460855,0.05970149253731342,0.1949926670856904,0.10606060606060601,0.1381720430107526,1.3622307179924005,0.2350681651302634,0.6299714606432165,RetPigEpit_137
G1,0.871859296482412,0.9212962962962965,0.8865441747794691,0.9402985074626866,0.7959983239053006,0.8712121212121209,0.8376344086021503,0.9933020913302849,0.4199809737621444,0.6299714606432165,RetPigEpit_137
G2M,0.011306532663316583,-0,0.010809451985922576,-0,0.009009009009009009,0.022727272727272717,0.024193548387096756,0.480022810160271,0.7914571360565614,0.7914571360565614,RetPigEpit_137
G2M,0.013964784456587736,0.027685515432699936,0.002032520325203253,0.012348421734703324,0.029240607513988815,0.026315789473684202,0.02304671351798263,1.3901714251439654,0.22432085895919682,0.6729625768775904,MeorNCorPA_83
G1,0.9726775956284153,0.9439418177792964,0.9863143631436316,0.9763491622697399,0.9439168665067945,0.9736842105263154,0.9623811492352209,0.7022336684646916,0.6216983932884066,0.8896646334140432,MeorNCorPA_83
S,0.013357619914996965,0.028372666788003806,0.011653116531165315,0.01130241599555679,0.02684252597921663,-1.2266347333466992e-18,0.014572137246796193,0.338784334974798,0.8896646334140432,0.8896646334140432,MeorNCorPA_83
S,0.008888888888888889,-0,0.025641025641025647,-0,-1.0015430658247728e-18,-0,0,2.2606201612178327,0.045690768289726645,0.10186557116770936,ConePhoImm_199
G1,0.9733333333333334,0.9583333333333333,0.9743589743589746,0.9838709677419353,0.9753086419753088,0.9999999999999999,0.9999999999999997,2.0542031953515414,0.0679103807784729,0.10186557116770936,ConePhoImm_199
G2M,0.017777777777777778,0.04166666666666667,-0,0.016129032258064512,0.024691358024691357,-2.4532694666933983e-18,1.1214061093034573e-18,1.701910262666146,0.13029950060057893,0.13029950060057893,ConePhoImm_199
G1,0.9959758551307847,1,1.0000000000000002,0.9827586206896548,0.9999999999999999,0.9941176470588229,0.9999999999999993,0.5153428320461408,0.7649000305745739,0.7649000305745758,NeurGlutpr_153
S,0.004024144869215292,-0,-0,0.017241379310344824,-0,0.005882352941176467,-1.8399521000200487e-18,0.5153428320461383,0.7649000305745758,0.7649000305745758,NeurGlutpr_153
S,0.012139605462822459,0.023809523809523815,0.00411522633744856,0.054232804232804216,4.006172263299091e-18,0.07142857142857138,-1.9626155733547187e-17,2.589545583914591,0.02387356926160342,0.07162070778481026,NucErythro_241
G1,0.9635811836115327,0.9586466165413534,0.980460076383338,0.9087301587301586,0.9669984284965948,0.8571428571428571,0.9838709677419353,1.5659396709925277,0.16587440562454633,0.2488116084368195,NucErythro_241
G2M,0.024279210925644917,0.01754385964912281,0.015424697279213669,0.03703703703703704,0.03300157150340492,0.07142857142857138,0.016129032258064484,1.076805936973202,0.3708300567885434,0.3708300567885434,NucErythro_241
S,0.3065015479876161,0.2577996715927751,0.17222222222222225,0.20772946859903377,0.25814275814275817,0.4647058823529411,0.24338624338624326,1.3885810443609459,0.2771007142289168,0.44993005275516906,OptRetProg_55
G2M,0.03715170278637771,-0,0.05952380952380953,0.021739130434782605,0.05128205128205128,0.024999999999999988,0.08994708994708991,1.0321428595542028,0.4299233969049679,0.44993005275516906,OptRetProg_55
G1,0.6563467492260062,0.7422003284072253,0.7682539682539684,0.7705314009661834,0.6905751905751907,0.5102941176470587,0.6666666666666662,0.9943187317318577,0.44993005275516906,0.44993005275516906,OptRetProg_55
S,0.005128205128205128,0.11111111111111112,-0,-0,8.012344526598183e-18,-0,0,0.3569578860610053,0.8780493330508188,0.878049333050819,EnteroEndo_51
G1,0.9948717948717949,0.888888888888889,1.0000000000000002,0.9999999999999999,0.9999999999999999,0.9999999999999996,0.9999999999999996,0.35695788606100504,0.878049333050819,0.878049333050819,EnteroEndo_51
S,0.00946372239747634,-0,0.020833333333333336,-0,-3.0046291974743185e-18,-0,0.05745341614906829,2.0859645990406035,0.06393314312452524,0.1917994293735757,TasteBud3_129
G2M,0.028391167192429023,0.013333333333333338,0.044566544566544575,0.07929292929292926,0.017543859649122806,-1.9626155733547187e-17,1.6114404743474627e-18,1.5314513104130634,0.17616398622540916,0.2642459793381137,TasteBud3_129
G1,0.9621451104100947,0.9866666666666667,0.9346001221001222,0.9207070707070705,0.982456140350877,0.9999999999999997,0.9425465838509314,0.9286620635074208,0.4609408871249217,0.4609408871249217,TasteBud3_129
G2M,0.004424778761061947,0.01851851851851852,-0,-0,5.007715329123864e-18,0.033333333333333326,-9.813077866773593e-18,0.49056098705162915,0.78358535898869,0.8553013894370426,FinApEctRi_92
S,0.00663716814159292,-0,-0,-0,0.006535947712418299,-0,0.031249999999999997,0.4664978030783744,0.8014835333582306,0.8553013894370426,FinApEctRi_92
G1,0.9889380530973452,0.9814814814814816,1.0000000000000002,0.9999999999999999,0.993464052287582,0.9666666666666661,0.9687499999999996,0.39105055837747515,0.8553013894370426,0.8553013894370426,FinApEctRi_92
G1,0.9935691318327974,0.97435897435897445,1.0000000000000002,0.9999999999999999,1.0000000000000002,0.9999999999999996,0.964285714285714,1.1521273269967596,0.33021111656422064,0.33021111656422264,MCiOlfEpit_127
S,0.006430868167202572,0.025641025641025647,-0,-0,2.0030861316495456e-18,-0,0.035714285714285705,1.1521273269967558,0.33021111656422264,0.33021111656422264,MCiOlfEpit_127
G2M,0.007952286282306162,-0,0.0145546590729315,0.0108695652173913,-1.3771217155090625e-18,0.016129032258064505,0,0.6224540971631555,0.6829034814543997,0.925654579447929,GillEpithe_131
S,0.019880715705765408,0.021505376344086013,-0,0.021739130434782605,0.08417849898580122,-2.4532694666933983e-18,0.021739130434782605,0.4738432333806545,0.7952029669058125,0.925654579447929,GillEpithe_131
G1,0.9721669980119284,0.978494623655914,0.9854453409270687,0.9673913043478259,0.9158215010141982,0.983870967741935,0.978260869565217,0.2758105705190723,0.925654579447929,0.925654579447929,GillEpithe_131
G2M,0.001996007984031936,0.03333333333333334,-0,-0,1.0015430658247728e-17,-0,0,1.9849920221796356,0.07738960495582965,0.12654503259605873,IonoHATPas_256
S,0.01996007984031936,0.03333333333333335,0.008771929824561403,0.00892857142857142,0.025911949685534588,0.07720588235294115,0.03571428571428568,1.7364584565547272,0.12242744072702941,0.12654503259605873,IonoHATPas_256
G1,0.9780439121756487,0.9333333333333336,0.9912280701754389,0.9910714285714285,0.9740880503144652,0.9227941176470589,0.964285714285714,1.718145508498837,0.12654503259605873,0.12654503259605873,IonoHATPas_256
S,0.012422360248447204,0.04166666666666667,-0,-0,4.006172263299091e-18,0.03846153846153845,-4.906538933386797e-18,0.9951977074093025,0.41881761305247783,0.5101693072769915,CNSNeuron_171
G2M,0.006211180124223602,-0,-0,0.035714285714285705,-0,-4.906538933386797e-18,2.2428122186069146e-18,0.9139844776764681,0.47058291882255815,0.5101693072769915,CNSNeuron_171
G1,0.9813664596273292,0.9583333333333333,1.0000000000000002,0.9642857142857141,0.9999999999999999,0.961538461538461,0.9999999999999993,0.8555340018615883,0.5101693072769915,0.5101693072769915,CNSNeuron_171
G1,0.9958677685950413,1,1.0000000000000002,0.9999999999999999,0.9941520467836259,0.989583333333333,0.9999999999999996,0.37724060947215426,0.8646563211796782,0.8646563211796783,NeuronGlut_178
S,0.004132231404958678,-0,-0,-0,0.0058479532163742695,0.010416666666666663,-3.6799042000400975e-18,0.3772406094721544,0.8646563211796783,0.8646563211796783,NeuronGlut_178
G1,0.9842767295597484,0.9901960784313726,1.0000000000000002,0.964285714285714,1.0000000000000002,0.9868421052631575,0.9285714285714284,3.183680899129804,0.007080935285597147,0.007080935285597247,Hepatocyte_4
S,0.015723270440251572,0.009803921568627453,-0,0.035714285714285705,2.503857664561932e-18,0.01315789473684209,0.07142857142857141,3.183680899129797,0.007080935285597247,0.007080935285597247,Hepatocyte_4
G1,0.9935897435897436,1,0.9861111111111113,0.9999999999999999,1.0000000000000002,0.9999999999999996,0.9999999999999996,0.5001372045270743,0.776391751204577,0.7763917512045784,NeuronGlut_164
G2M,0.00641025641025641,-0,0.01388888888888889,-0,-1.0015430658247728e-18,-0,0,0.5001372045270727,0.7763917512045784,0.7763917512045784,NeuronGlut_164
S,0.01882845188284519,-0,-0,-0,0.05336617405582924,0.09523809523809519,0.0192307692307692,3.0929423288177293,0.00855073301913658,0.025652199057409744,FinMesDorF_87
G1,0.9623430962343096,1,0.9918699186991872,0.9818181818181817,0.9351395730706074,0.8809523809523809,0.923534798534798,2.0125276359651956,0.07347975191379907,0.11021962787069861,FinMesDorF_87
G2M,0.01882845188284519,-0,0.008130081300813009,0.018181818181818177,0.011494252873563216,0.023809523809523798,0.057234432234432205,0.9355353783638581,0.45646830006164085,0.45646830006164085,FinMesDorF_87
S,0.008620689655172414,-0,-0,-0,-0,0.0871212121212121,-1.3799640750150366e-17,1.4559526554887625,0.2006514596885945,0.4082760901869296,ConePhoImm_200
G1,0.9827586206896551,0.9629629629629631,0.988505747126437,0.9999999999999999,0.9999999999999999,0.9128787878787875,0.9999999999999996,1.2089770804638964,0.3018758475066675,0.4082760901869296,ConePhoImm_200
G2M,0.008620689655172414,0.03703703703703704,0.011494252873563222,-0,9.013887592422955e-18,-0,0,1.0125402783311053,0.4082760901869296,0.4082760901869296,ConePhoImm_200
G2M,0.03333333333333333,0.05449735449735451,0.05671497584541064,-0,0.03502415458937197,0.012413181616669128,0.056818181818181795,4.026231430414534,0.00448225446253388,0.013446763387601639,NeuralProg_59
S,0.26805555555555555,0.15079365079365084,0.22811594202898555,0.27708978328173367,0.36721169329864983,0.3476429732525489,0.11363636363636352,1.8473990091865982,0.12435445534951267,0.186531683024269,NeuralProg_59
G1,0.6986111111111111,0.7947089947089949,0.715169082125604,0.7229102167182662,0.5977641521119778,0.6399438451307816,0.8295454545454541,1.1598035458438003,0.3447982919474672,0.3447982919474672,NeuralProg_59
G2M,0.033854166666666664,0.03125000000000001,0.015151515151515155,-0,0.08037101787101789,-0,0.10481366459627327,2.5225321759114703,0.027291958244669557,0.08187587473400867,EnMoNorGan_50
S,0.125,0.05874719416386084,0.07326007326007328,0.07272727272727274,0.2152292152292152,0.18181818181818182,0.1723602484472049,1.6802415672453934,0.13546659678347592,0.13960564462100394,EnMoNorGan_50
G1,0.8411458333333334,0.9100028058361395,0.9115884115884119,0.9272727272727274,0.704399766899767,0.818181818181818,0.7228260869565213,1.6634127949107456,0.13960564462100394,0.13960564462100394,EnMoNorGan_50
S,0.061269146608315096,0.02734778121775026,0.04761904761904763,0.07540485829959513,0.07599405425492378,0.1704545454545454,0.046874999999999965,1.531446572657853,0.17616543730308692,0.36311359757938255,MyotorCepM_53
G2M,0.0175054704595186,0.021708683473389362,-0,0.02277327935222672,5.007715329123864e-18,0.06515151515151513,0.015624999999999988,1.3445846528085172,0.24207573171958835,0.36311359757938255,MyotorCepM_53
G1,0.9212253829321663,0.9509435353088608,0.9523809523809524,0.901821862348178,0.9240059457450764,0.7643939393939391,0.9374999999999997,1.0120346214689122,0.4085808434540943,0.4085808434540943,MyotorCepM_53
G2M,0.0038314176245210726,0.020833333333333332,-0,-0,5.007715329123864e-19,-0,0,2.4738643380105794,0.030063084228793578,0.09018925268638073,PericytUnk_100
S,0.009578544061302681,0.01388888888888889,0.007751937984496128,-0,-1.0015430658247728e-18,-0,0.019480519480519473,1.8015269807244305,0.10876001456679231,0.10956915110460216,PericytUnk_100
G1,0.9865900383141762,0.965277777777778,0.9922480620155041,0.9999999999999999,1.0000000000000002,0.9999999999999996,0.9805194805194801,1.7974731847533265,0.10956915110460216,0.10956915110460216,PericytUnk_100
S,0.009202453987730062,0.01904761904761905,0.023809523809523815,-0,1.5023145987371592e-18,-0,0,3.38378523796551,0.004656150061256353,0.01396845018376906,NeurDopGlu_176
G1,0.9877300613496932,0.9809523809523809,0.9761904761904764,0.9999999999999999,0.9999999999999999,0.9924242424242421,0.9999999999999993,2.048734378680322,0.06861808554822116,0.10292712832233174,NeurDopGlu_176
G2M,0.003067484662576687,-0,-0,-0,-0,0.007575757575757575,-1.8399521000200487e-18,1.1797008504135713,0.31622053238087716,0.31622053238087716,NeurDopGlu_176
G2M,0.010638297872340425,-0,-0,-0,0.03703703703703704,-0,6.133173666733496e-18,4.659108442024076,0.014452246659716256,0.04335673997914877,NeurohypPP_75
G1,0.8723404255319149,0.8809523809523809,0.8611111111111114,0.8333333333333333,0.925925925925926,1.0000000000000002,0.9,0.4685705920564538,0.7924448735065265,0.8633136732052173,NeurohypPP_75
S,0.11702127659574468,0.11904761904761903,0.13888888888888892,0.16666666666666663,0.03703703703703702,3.189250306701418e-17,0.1,0.36383097103890794,0.8633136732052173,0.8633136732052173,NeurohypPP_75
G1,0.983739837398374,0.9722222222222221,0.9814814814814816,0.9999999999999999,0.9999999999999997,0.9999999999999996,0.9999999999999996,0.8635878825184542,0.504605451390092,0.5046054513900926,MULTConEry_202
G2M,0.016260162601626018,0.02777777777777778,0.01851851851851852,-0,4.006172263299091e-18,-0,0,0.8635878825184531,0.5046054513900926,0.5046054513900926,MULTConEry_202
S,0.04838709677419355,-0,-0,0.20512820512820512,-0,0.11666666666666665,-0,0.6865625048523569,0.6335774343924168,0.974266615375159,Oligodendr_107
G2M,0.03225806451612903,0.03508771929824562,-0,-0,0.01515151515151516,0.04166666666666665,-0,0.3416896253856494,0.8878337250234095,0.974266615375159,Oligodendr_107
G1,0.9193548387096774,0.9649122807017544,1.0000000000000002,0.7948717948717948,0.9848484848484851,0.8416666666666665,1,0.16843217174537,0.974266615375159,0.974266615375159,Oligodendr_107
S,0.030470914127423823,0.023484848484848494,0.023809523809523815,0.021739130434782605,0.06115779645191411,0.03333333333333333,0.02380952380952379,0.4637575603640033,0.803503546987008,0.8035035469870082,PericytUnk_14
G1,0.9695290858725761,0.9765151515151517,0.9761904761904764,0.9782608695652173,0.9388422035480859,0.9666666666666667,0.976190476190476,0.46375756036400295,0.8035035469870082,0.8035035469870082,PericytUnk_14
S,0.01079136690647482,0.01666666666666667,-0,-0,2.0030861316495456e-18,-0,0.04999999999999997,1.108905616174217,0.35308791735403733,0.6840776606237667,PurkinjeNe_188
G2M,0.0035971223021582736,-0,-0,-0,-0,0.04166666666666665,-1.471961680016039e-17,0.775347954095103,0.5672955470206654,0.6840776606237667,PurkinjeNe_188
G1,0.9856115107913669,0.9833333333333334,1.0000000000000002,0.9999999999999999,1.0000000000000004,0.9583333333333329,0.9499999999999995,0.6206418071328245,0.6840776606237667,0.6840776606237667,PurkinjeNe_188
G2M,0.015463917525773196,-0,-0,-0,-0,0.09090909090909091,0.03333333333333329,3.438423392576929,0.004149491713388903,0.012448475140166709,Stromal_63
G1,0.979381443298969,1,1.0000000000000002,0.9999999999999999,0.9999999999999999,0.9090909090909087,0.9333333333333328,2.301605452044368,0.04218753032411516,0.06328129548617274,Stromal_63
S,0.005154639175257732,-0,-0,-0,-0,-0,0.033333333333333326,1.2124675838366235,0.300200350066018,0.300200350066018,Stromal_63
G2M,0.007751937984496124,-0,-0,-0,0.03202614379084967,-0,0.023809523809523798,2.3578199447671895,0.037794710149031525,0.11338413044709458,Xanthophor_141
G1,0.9819121447028424,1,1.0000000000000002,0.9878048780487804,0.9480689245395127,0.9838709677419352,0.9761904761904757,1.3608438286972757,0.23561270495674927,0.3534190574351239,Xanthophor_141
S,0.0103359173126615,-0,-0,0.012195121951219507,0.019904931669637554,0.01612903225806451,-2.4532694666933983e-18,0.7696526195578531,0.5714627841412335,0.5714627841412335,Xanthophor_141
S,0.046511627906976744,0.09696969696969701,-0,-0,0.08333333333333337,-0,0.055555555555555546,1.904443716249657,0.0899617303230786,0.2698851909692358,Radialgli_201
G1,0.8953488372093024,0.8060606060606065,1.0000000000000002,0.9285714285714284,0.9166666666666667,0.9083333333333329,0.9444444444444442,0.5993649355680173,0.7004754079592872,0.8893809298927533,Radialgli_201
G2M,0.05813953488372093,0.096969696969697,-0,0.07142857142857141,9.514659125335341e-18,0.09166666666666663,-9.813077866773593e-18,0.3392355750298423,0.8893809298927533,0.8893809298927533,Radialgli_201
S,0.037037037037037035,0.0507936507936508,0.01666666666666667,-0,0.011494252873563216,0.09728506787330314,0.06346153846153843,3.3515620445352443,0.004982774762907408,0.014948324288722224,MyoblSatMC_82
G1,0.9537037037037037,0.9396825396825398,0.9446969696969698,0.9999999999999999,0.9885057471264368,0.9027149321266966,0.9365384615384611,1.7893725700110248,0.11120248299729342,0.16680372449594014,MyoblSatMC_82
G2M,0.009259259259259259,0.009523809523809525,0.03863636363636365,-0,-1.7527003651933522e-18,-0,0,0.6596564666398161,0.6541046666035838,0.6541046666035838,MyoblSatMC_82
G2M,0.01098901098901099,0.021276595744680854,-0,-0,4.006172263299091e-18,-0,0.01515151515151515,0.6961786150321487,0.6262807013067753,0.939219646462315,Radialgli_109
S,0.027472527472527472,0.024937085335163586,-0,0.026315789473684202,0.02564102564102565,0.06277056277056275,0.02173913043478259,0.5522329539947468,0.736748834283019,0.939219646462315,Radialgli_109
G1,0.9615384615384616,0.9537863189201555,1.0000000000000002,0.9736842105263157,0.9743589743589743,0.9372294372294369,0.9631093544137019,0.25154776966620324,0.939219646462315,0.939219646462315,Radialgli_109
G2M,0.003952569169960474,-0,-0,0.04166666666666666,-0,-4.906538933386797e-18,2.2428122186069146e-18,0.5490452600407975,0.7391930599725103,0.8158860822031448,Cornea_94
G1,0.9762845849802372,1,1.0000000000000002,0.9128787878787875,0.9999999999999999,0.9999999999999996,0.9347826086956516,0.5164623780123793,0.7640509027500427,0.8158860822031448,Cornea_94
S,0.019762845849802372,-0,-0,0.04545454545454544,-0,-1.9626155733547187e-17,0.06521739130434778,0.4468328651505466,0.8158860822031448,0.8158860822031448,Cornea_94
G1,0.9967320261437909,0.9933333333333335,1.0000000000000002,0.9999999999999999,0.9999999999999997,0.9929577464788726,0.9926470588235289,1.0571906141045835,0.3819877743257063,0.38198777432570785,IonoHATPas_257
S,0.0032679738562091504,0.006666666666666669,-0,-0,1.5023145987371592e-18,0.007042253521126759,0.0073529411764705855,1.0571906141045804,0.38198777432570785,0.38198777432570785,IonoHATPas_257
G1,0.9720670391061452,0.9249084249084251,1.0000000000000002,0.9999999999999999,1.0000000000000002,0.9655172413793102,0.9999999999999996,0.38283162759961664,0.8608908583096585,0.9282340451243896,MullerGlia_62
S,0.01675977653631285,0.051282051282051294,-0,-0,2.0030861316495456e-18,0.01724137931034482,-4.906538933386797e-18,0.3737866425847094,0.8669671085711907,0.9282340451243896,MullerGlia_62
G2M,0.0111731843575419,0.023809523809523815,-0,-0,4.006172263299091e-18,0.01724137931034482,-4.906538933386797e-18,0.2727558606341365,0.9282340451243896,0.9282340451243896,MullerGlia_62
S,0.003236245954692557,0.02777777777777778,-0,-0,4.006172263299091e-18,-0,0,1.3320078877261505,0.24717581779788553,0.6746827357225019,DorsalHabG_181
G1,0.9935275080906149,0.9722222222222221,1.0000000000000002,0.9999999999999997,0.9999999999999999,0.9864864864864858,0.9999999999999993,0.9458803757338682,0.44978849048166797,0.6746827357225019,DorsalHabG_181
G2M,0.003236245954692557,-0,-0,-0,-0,0.01351351351351351,-2.4532694666933983e-18,0.6283809364783517,0.6781188759945547,0.6781188759945547,DorsalHabG_181
S,0.005934718100890208,-0,-0,-0,-0,-0,0.06623931623931625,5.2659690975361775,7.700618857274478e-5,2.3101856571823435e-4,RetGangCel_173
G1,0.9851632047477745,1,0.9791666666666669,0.9999999999999999,1.0000000000000002,0.9784090909090907,0.9337606837606834,1.9036599108129966,0.09009284227267716,0.13513926340901575,RetGangCel_173
G2M,0.008902077151335312,-0,0.020833333333333336,-0,-3.0046291974743185e-18,0.021590909090909088,-3.6799042000400975e-18,0.6058923228119564,0.695443543490027,0.695443543490027,RetGangCel_173
S,0.005847953216374269,-0,-0,0.005376344086021505,-0,0.009085181451612906,0.03124999999999999,1.3913021746255945,0.22389479541769686,0.3484061844156224,NeuronGlut_168
G2M,0.003898635477582846,-0,0.00308641975308642,0.013573065397496914,-1.251928832280966e-19,0.0019531249999999985,-6.133173666733496e-19,1.3693981320872384,0.23227078961041492,0.3484061844156224,NeuronGlut_168
G1,0.9902534113060428,1,0.9969135802469138,0.9810505905164816,1.0000000000000004,0.9889616935483868,0.9687499999999994,1.1087119595395143,0.3531930305755019,0.3531930305755019,NeuronGlut_168
S,0.016597510373443983,0.03333333333333334,-0,-0,4.006172263299091e-18,0.08712121212121209,0.015624999999999969,2.1859982476930866,0.05278585601943249,0.15835756805829748,EntericMus_99
G1,0.966804979253112,0.9347131445170662,0.9666666666666669,0.9999999999999999,0.9999999999999999,0.9128787878787875,0.9687499999999996,1.5950160466547452,0.1576143628777619,0.23642154431664286,EntericMus_99
G2M,0.016597510373443983,0.03195352214960059,0.03333333333333334,-0,-0,-0,0.015624999999999993,1.1913224076224134,0.31046367998066726,0.31046367998066726,EntericMus_99
G1,0.987146529562982,1,1.0000000000000002,0.9999999999999999,0.9848484848484845,0.9880952380952378,0.9666666666666661,2.9513373557686027,0.01145417690443454,0.013106400694706984,NeuronGlut_177
S,0.010282776349614395,-0,-0,-0,0.015151515151515155,0.0119047619047619,0.01666666666666666,2.9320588303417714,0.011916879706478489,0.013106400694706984,NeuronGlut_177
G2M,0.002570694087403599,-0,-0,-0,-0,-0,0.016666666666666663,2.8856421691443748,0.013106400694706984,0.013106400694706984,NeuronGlut_177
S,0.0196078431372549,-0,-0,0.023076923076923078,0.06018518518518518,0.04647435897435898,0.04545454545454544,1.0185179407442615,0.4347772187349046,0.7785711286626336,IntestGobl_19
G1,0.9679144385026738,1,0.9875452898550727,0.9692307692307692,0.9351199791340639,0.943108974358974,0.9318181818181815,0.8552337541411088,0.5286457168366377,0.7785711286626336,IntestGobl_19
G2M,0.012477718360071301,-0,0.01245471014492754,0.007692307692307692,0.004694835680751171,0.010416666666666661,0.022727272727272717,0.49136373027575975,0.7785711286626336,0.7785711286626336,IntestGobl_19
G1,0.9966329966329966,1,1.0000000000000002,0.9999999999999999,0.9999999999999999,0.9999999999999996,0.9687499999999994,1.7405041416837255,0.12153428025374793,0.12153428025374868,NeuDopNora_166
S,0.003367003367003367,-0,-0,-0,-0,-0,0.031249999999999986,1.740504141683722,0.12153428025374868,0.12153428025374868,NeuDopNora_166
G2M,0.012578616352201259,-0,0.03333333333333334,-0,0.023809523809523808,-0,0,2.1635894504446522,0.055111450506466375,0.16533435151939913,OsteorDent_217
G1,0.9622641509433962,1,0.9666666666666669,0.9821428571428569,0.9484126984126986,0.9444444444444439,0.9687499999999994,1.3476189659239597,0.24085848169918572,0.30889628300419764,OsteorDent_217
S,0.025157232704402517,-0,-0,0.017857142857142856,0.027777777777777773,0.05555555555555554,0.031249999999999986,1.1945157394234645,0.30889628300419764,0.30889628300419764,OsteorDent_217
S,0.021212121212121213,0.04272300469483569,0.011494252873563222,0.019607843137254898,0.017543859649122806,-2.4532694666933983e-18,1.1214061093034573e-18,1.0776754706065848,0.370340987822761,0.6903490057691933,TasteBud3_121
G1,0.9484848484848485,0.9478873239436623,0.956653895274585,0.952069716775599,0.8157894736842108,0.9999999999999999,0.9999999999999997,0.7797262963392788,0.5641010368513548,0.6903490057691933,TasteBud3_121
G2M,0.030303030303030304,0.009389671361502375,0.03185185185185187,0.028322440087145965,0.1666666666666667,-4.906538933386797e-18,9.62014352501909e-20,0.6125020686864769,0.6903490057691933,0.6903490057691933,TasteBud3_121
G1,0.967741935483871,1,1.0000000000000002,0.9444444444444442,0.9999999999999999,0.8749999999999998,0.9499999999999996,0.6299154501648346,0.6769379440068902,0.6769379440068904,PronDisTub_40
S,0.03225806451612903,-0,-0,0.055555555555555546,-0,0.12499999999999996,0.04999999999999994,0.6299154501648343,0.6769379440068904,0.6769379440068904,PronDisTub_40
G2M,0.009259259259259259,0.022222222222222227,-0,0.017857142857142853,5.007715329123864e-18,-2.4532694666933983e-18,1.1214061093034573e-18,1.350810288981109,0.23958376056094235,0.23958376056094333,PharNeEpit_128
G1,0.9907407407407407,0.9777777777777779,1.0000000000000002,0.9821428571428569,1.0000000000000002,0.9999999999999992,0.9999999999999992,1.3508102889811067,0.23958376056094333,0.23958376056094333,PharNeEpit_128
G2M,0.03125,0.010416666666666668,0.05555555555555556,-0,0.010101010101010091,0.029411764705882353,0.0833333333333333,1.1275795329894307,0.3536687380787155,0.6376088587313438,IntestTuft_69
G1,0.9330357142857143,0.9791666666666667,0.9444444444444446,0.94,0.8232323232323235,0.816176470588235,0.8749999999999997,0.8740173410119076,0.5029860865634992,0.6376088587313438,IntestTuft_69
S,0.03571428571428571,0.010416666666666675,-0,0.05999999999999998,0.1666666666666667,0.15441176470588228,0.0416666666666666,0.6832406216698136,0.6376088587313438,0.6376088587313438,IntestTuft_69
G1,0.991304347826087,1,1.0000000000000002,0.9999999999999999,0.9999999999999999,0.961538461538461,0.9999999999999996,0.7044630019785635,0.6200138058810163,0.6200138058810163,NeuronGlut_148
S,0.008695652173913044,-0,-0,-0,-0,0.03846153846153846,-1.471961680016039e-17,0.7044630019785634,0.6200138058810163,0.6200138058810163,NeuronGlut_148
G2M,0.007246376811594203,-0,-0,-0,0.03703703703703703,0.049999999999999996,-4.906538933386797e-18,2.2480992593633493,0.04681473386442323,0.1404442015932697,CardiacMus_185
G1,0.9855072463768116,0.9866666666666667,1.0000000000000002,0.9999999999999999,0.9629629629629625,0.9499999999999996,0.9864864864864862,1.4485200624772925,0.2032139721212998,0.3048209581819497,CardiacMus_185
S,0.007246376811594203,0.013333333333333338,-0,-0,2.503857664561932e-18,-0,0.013513513513513513,0.8643161467236676,0.5041040180300911,0.5041040180300911,CardiacMus_185
G1,0.9927272727272727,1,1.0000000000000002,0.9999999999999999,0.9999999999999999,0.9999999999999996,0.9523809523809519,1.4407996709039763,0.20590540510525746,0.23121959764452413,PneumDucSu_88
G2M,0.0036363636363636364,-0,-0,-0,-0,-0,0.023809523809523805,1.3721102347747896,0.23121959764452413,0.23121959764452413,PneumDucSu_88
S,0.0036363636363636364,-0,-0,-0,-0,-0,0.023809523809523805,1.3721102347747896,0.23121959764452413,0.23121959764452413,PneumDucSu_88
S,0.00390625,-0,-0,-0,0.08333333333333333,-0,0,1.9101926606046917,0.08900543121495735,0.26701629364487206,NeGluorGab_155
G1,0.9921875,1,1.0000000000000002,0.9999999999999999,0.9166666666666667,0.9897959183673466,0.9999999999999993,1.3516072642159935,0.23926630271991867,0.358899454079878,NeGluorGab_155
G2M,0.00390625,-0,-0,-0,-0,0.010204081632653059,-2.4532694666933983e-18,0.6604983406782265,0.6534602254607222,0.6534602254607222,NeGluorGab_155
G1,0.9666666666666667,1,0.9444444444444446,0.9999999999999999,0.9777777777777782,0.8749999999999994,0.9999999999999992,0.7376063917176217,0.5951459893117249,0.5951459893117251,SmooMusUnk_101
G2M,0.03333333333333333,-0,0.05555555555555556,-0,0.02222222222222222,0.12499999999999999,-1.9626155733547187e-17,0.7376063917176214,0.5951459893117251,0.5951459893117251,SmooMusUnk_101
S,0.0050933786078098476,0.01388888888888889,-0,0.013157894736842103,1.0015430658247728e-18,0.004504504504504503,-1.2266347333466992e-18,0.559491814011107,0.7311768656181514,0.8420488117355158,RetialConN_167
G2M,0.011884550084889643,0.009009009009009012,0.029166666666666674,0.013157894736842103,0.019607843137254895,0.004504504504504503,-1.2266347333466992e-18,0.5090342657338636,0.7696773431161972,0.8420488117355158,RetialConN_167
G1,0.9830220713073005,0.9771021021021022,0.9708333333333334,0.9736842105263157,0.9803921568627454,0.990990990990991,0.9999999999999996,0.41019337691634217,0.8420488117355158,0.8420488117355158,RetialConN_167
G2M,0.007633587786259542,0.03333333333333334,0.00925925925925926,0.011627906976744186,8.012344526598183e-18,-1.2266347333466992e-18,8.6736173798840345e-19,1.1652950775000996,0.3234715096020471,0.4393716162583588,IonoNaClEp_186
G1,0.9872773536895675,0.9666666666666666,0.9814814814814816,0.9711307137129108,0.9999999999999997,0.9999999999999999,0.9999999999999997,1.1323044470227186,0.34055919148803554,0.4393716162583588,IonoNaClEp_186
S,0.005089058524173028,-0,0.00925925925925926,0.017241379310344824,-1.251928832280966e-18,-2.4532694666933983e-18,1.1214061093034573e-18,0.9622114848634791,0.4393716162583588,0.4393716162583588,IonoNaClEp_186
G2M,0.017605633802816902,-0,-0,0.058292282430213456,0.042929292929292914,-4.906538933386797e-18,9.62014352501909e-20,1.8847253527008507,0.09331411805203528,0.2055622945341321,RetPigEpit_136
S,0.09154929577464789,0.0666666666666667,0.08124756335282655,0.12725779967159273,0.08658008658008655,0.18181818181818174,0.01923076923076924,1.6737844927089593,0.1370415296894214,0.2055622945341321,RetPigEpit_136
G1,0.8908450704225352,0.9333333333333336,0.9187524366471737,0.8144499178981937,0.8704906204906204,0.8181818181818177,0.98076923076923,1.404714779106709,0.2188929834642621,0.2188929834642621,RetPigEpit_136
G2M,0.020930232558139535,0.17099567099567103,0.025166191832858505,-0,0.02424242424242426,0.032258064516129024,-4.906538933386797e-18,1.246043613276906,0.28445790095965445,0.8533737028789634,CartmbCran_247
G1,0.9651162790697675,0.8290043290043292,0.9748338081671416,0.9999999999999999,0.9681818181818183,0.9516129032258062,0.9593749999999994,0.31056148868743527,0.9068965769595939,0.9470974933655458,CartmbCran_247
S,0.013953488372093023,-0,-0,-0,0.007575757575757574,0.016129032258064512,0.040624999999999994,0.23533058823568911,0.9470974933655458,0.9470974933655458,CartmbCran_247
G2M,0.015151515151515152,-0,-0,-0,-0,0.1666666666666666,-5.887846720064156e-17,0.6167409836283242,0.6870826608687269,0.6870826608687275,KAiiNeuron_9
G1,0.9848484848484849,1,1.0000000000000002,0.9999999999999999,1.0000000000000004,0.833333333333333,0.9999999999999999,0.6167409836283232,0.6870826608687275,0.6870826608687275,KAiiNeuron_9
G1,0.9838709677419355,0.9871794871794873,0.9824561403508775,0.9999999999999999,0.9722222222222225,0.9999999999999996,0.9999999999999996,1.2238633977667415,0.29478141883296555,0.37911253544545914,OlfactoryN_12
S,0.012096774193548387,0.012820512820512824,0.008771929824561403,-0,0.02777777777777778,-0,0,1.1635198643070812,0.32437387510905014,0.37911253544545914,OlfactoryN_12
G2M,0.004032258064516129,-0,0.008771929824561405,-0,-6.133173666733496e-19,-0,0,1.0622052506810535,0.37911253544545914,0.37911253544545914,OlfactoryN_12
G1,0.9946524064171123,1,1.0000000000000002,0.9999999999999999,0.9669887278582929,0.9999999999999996,0.9999999999999996,0.811928358601986,0.5408613705053397,0.5408613705053417,MotoNorPNS_162
G2M,0.0053475935828877,-0,-0,-0,0.033011272141706925,-0,0,0.8119283586019831,0.5408613705053417,0.5408613705053417,MotoNorPNS_162
S,0.008403361344537815,-0,0.009803921568627453,-0,0.010752688172043013,0.04166666666666665,-1.471961680016039e-17,2.0897577803949225,0.06347298815796742,0.19041896447390227,Melanocyte_139
G1,0.9775910364145658,0.9829059829059829,0.9803921568627453,0.9874999999999998,0.9784946236559139,0.9583333333333327,0.9999999999999997,1.0696040366437658,0.3748988663222577,0.5623482994833866,Melanocyte_139
G2M,0.014005602240896359,0.017094017094017096,0.009803921568627453,0.012499999999999999,0.010752688172043017,-1.2266347333466992e-18,8.6736173798840345e-19,0.686440268431518,0.6336703347026302,0.6336703347026302,Melanocyte_139
S,0.011560693641618497,0.01449275362318841,-0,0.02941176470588235,2.503857664561932e-18,-2.4532694666933983e-18,1.7347234759768069e-18,2.856140367440022,0.013921321882458745,0.03830164276887252,PronGlomer_134
G1,0.976878612716763,0.9855072463768118,1.0000000000000002,0.9372549019607842,0.9833333333333332,0.9999999999999996,0.9999999999999996,2.555912820106912,0.02553442851258168,0.03830164276887252,PronGlomer_134
G2M,0.011560693641618497,-0,-0,0.033333333333333326,0.016666666666666663,-4.906538933386797e-18,2.2428122186069146e-18,1.8719251376315464,0.09555144205119463,0.09555144205119463,PronGlomer_134
G2M,0.010869565217391304,-0,-0,-0,-0,-0,0.05,0.44287164813626,0.8187593229550849,0.818759322955085,PronCilPod_39
G1,0.9891304347826086,0.9999999999999999,1,0.9999999999999999,0.9999999999999994,1.0000000000000004,0.9499999999999996,0.4428716481362599,0.818759322955085,0.818759322955085,PronCilPod_39
G1,0.9836065573770492,0.9999999999999999,1,0.9999999999999999,0.9444444444444442,0.9595607235142118,0.9999999999999999,1.1115807283777916,0.3516383052847779,0.3516383052847785,EnteroAnte_1
S,0.01639344262295082,-0,-0,-0,0.05555555555555555,0.040439276485788114,9.813077866773593e-18,1.1115807283777905,0.3516383052847785,0.3516383052847785,EnteroAnte_1
S,0.08333333333333333,0.14285714285714288,0.3333333333333335,0.09999999999999999,-1.6024689053196365e-17,-9.813077866773593e-18,6.9388939039072276e-18,0.5169485283795088,0.7621942077999339,0.834252607220033,Macrophage_123
G1,0.8833333333333333,0.8571428571428572,0.6666666666666667,0.9,0.8888888888888888,0.9999999999999999,0.9999999999999997,0.43147578341043713,0.8245123733097433,0.834252607220033,Macrophage_123
G2M,0.03333333333333333,-0,-0,-0,0.1111111111111111,-0,0,0.4176622573949017,0.834252607220033,0.834252607220033,Macrophage_123
S,0.26973684210526316,0.21590909090909094,0.04166666666666667,0.27272727272727265,0.2883597883597884,0.30952380952380937,0.12499999999999999,0.6404809024822503,0.66881336901197,0.9782609004433956,Lens_96
G1,0.6907894736842105,0.7424242424242424,0.9583333333333336,0.7272727272727271,0.6746031746031745,0.6428571428571425,0.8749999999999994,0.3744743936765098,0.8665079394308541,0.9782609004433956,Lens_96
G2M,0.039473684210526314,0.04166666666666667,-0,-0,0.037037037037037014,0.0476190476190476,-1.1845432837294023e-17,0.1560984058594248,0.9782609004433956,0.9782609004433956,Lens_96
G1,0.953125,1,1.0000000000000002,0.8333333333333333,1.0000000000000004,0.9615384615384612,0.9285714285714286,2.2058162932160648,0.05080642275969688,0.05080642275969695,NeuronGlut_175
S,0.046875,-0,-0,0.16666666666666663,-0,0.03846153846153844,0.07142857142857141,2.2058162932160643,0.05080642275969695,0.05080642275969695,NeuronGlut_175
G1,0.9888888888888889,1,1.0000000000000002,0.9,0.9999999999999999,0.9999999999999999,0.9999999999999997,0.7957550988866242,0.5524758044875011,0.5524758044875014,EnBestOtop_17
S,0.011111111111111112,-0,-0,0.09999999999999999,-0,-9.813077866773593e-18,6.9388939039072276e-18,0.7957550988866238,0.5524758044875014,0.5524758044875014,EnBestOtop_17
S,0.013986013986013986,0.05555555555555556,-0,-0,1.0015430658247728e-17,-0,0,3.3038586585776692,0.005507742999810551,0.005507742999810575,NeuronGlut_163
G1,0.986013986013986,0.9444444444444445,1.0000000000000002,0.9999999999999999,0.9999999999999997,0.9999999999999996,0.9999999999999996,3.303858658577667,0.005507742999810575,0.005507742999810575,NeuronGlut_163
S,0.012422360248447204,0.03703703703703704,0.025641025641025647,-0,-0,-0,0,5.447510752538058,5.127627762487777e-5,5.127627762487793e-5,VasSmooMus_6
G1,0.9875776397515528,0.9629629629629631,0.9743589743589746,0.9999999999999999,1.0000000000000002,0.9999999999999996,0.9999999999999996,5.447510752538056,5.127627762487793e-5,5.127627762487793e-5,VasSmooMus_6
G1,0.9555555555555556,1,0.9999999999999999,0.9999999999999999,1.0000000000000002,0.8712121212121208,0.9999999999999996,0.11272910339647031,0.9896071858558104,0.9896071858558105,NeurGlutmb_174
G2M,0.044444444444444446,-0,-0,-0,-0,0.12878787878787873,-2.943923360032078e-17,0.11272910339647041,0.9896071858558105,0.9896071858558105,NeurGlutmb_174
S,0.014705882352941176,-0,-0,-0,-0,0.016304347826086953,-2.4532694666933983e-18,2.6014460315799135,0.02331110783053135,0.06993332349159405,NeurProbBr_219
G1,0.9558823529411765,0.9999999999999999,1.0000000000000002,0.9999999999999999,0.9999999999999998,0.9468050065876149,0.9999999999999996,1.619518033475172,0.1509386211917592,0.2264079317876388,NeurProbBr_219
G2M,0.029411764705882353,-0,-0,-0,-0,0.03689064558629775,-4.906538933386797e-18,0.8590870806589361,0.507710568018716,0.507710568018716,NeurProbBr_219
